[2025-11-11 21:43:47] laravel.EMERGENCY: Unable to create configured logger. Using emergency logger. {"exception":"[object] (InvalidArgumentException(code: 0): Log [] is not defined. at /home/rakin/github/Projects/KasseControl/vendor/laravel/framework/src/Illuminate/Log/LogManager.php:212)
[stacktrace]
#0 /home/rakin/github/Projects/KasseControl/vendor/laravel/framework/src/Illuminate/Log/LogManager.php(137): Illuminate\\Log\\LogManager->resolve()
#1 /home/rakin/github/Projects/KasseControl/vendor/laravel/framework/src/Illuminate/Log/LogManager.php(124): Illuminate\\Log\\LogManager->get()
#2 /home/rakin/github/Projects/KasseControl/vendor/laravel/framework/src/Illuminate/Log/LogManager.php(681): Illuminate\\Log\\LogManager->driver()
#3 /home/rakin/github/Projects/KasseControl/vendor/laravel/framework/src/Illuminate/Foundation/Exceptions/Handler.php(317): Illuminate\\Log\\LogManager->error()
#4 /home/rakin/github/Projects/KasseControl/vendor/laravel/framework/src/Illuminate/Foundation/Exceptions/Handler.php(278): Illuminate\\Foundation\\Exceptions\\Handler->reportThrowable()
#5 /home/rakin/github/Projects/KasseControl/vendor/laravel/framework/src/Illuminate/Foundation/Console/Kernel.php(523): Illuminate\\Foundation\\Exceptions\\Handler->report()
#6 /home/rakin/github/Projects/KasseControl/vendor/laravel/framework/src/Illuminate/Foundation/Console/Kernel.php(203): Illuminate\\Foundation\\Console\\Kernel->reportException()
#7 /home/rakin/github/Projects/KasseControl/artisan(12): Illuminate\\Foundation\\Console\\Kernel->handle()
#8 {main}
"} 
[2025-11-11 21:43:47] laravel.ERROR: The /home/rakin/github/Projects/KasseControl/bootstrap/cache directory must be present and writable. {"exception":"[object] (Exception(code: 0): The /home/rakin/github/Projects/KasseControl/bootstrap/cache directory must be present and writable. at /home/rakin/github/Projects/KasseControl/vendor/laravel/framework/src/Illuminate/Foundation/PackageManifest.php:178)
[stacktrace]
#0 /home/rakin/github/Projects/KasseControl/vendor/laravel/framework/src/Illuminate/Foundation/PackageManifest.php(131): Illuminate\\Foundation\\PackageManifest->write()
#1 /home/rakin/github/Projects/KasseControl/vendor/laravel/framework/src/Illuminate/Foundation/PackageManifest.php(107): Illuminate\\Foundation\\PackageManifest->build()
#2 /home/rakin/github/Projects/KasseControl/vendor/laravel/framework/src/Illuminate/Foundation/PackageManifest.php(90): Illuminate\\Foundation\\PackageManifest->getManifest()
#3 /home/rakin/github/Projects/KasseControl/vendor/laravel/framework/src/Illuminate/Foundation/PackageManifest.php(79): Illuminate\\Foundation\\PackageManifest->config()
#4 /home/rakin/github/Projects/KasseControl/vendor/laravel/framework/src/Illuminate/Foundation/Bootstrap/RegisterFacades.php(26): Illuminate\\Foundation\\PackageManifest->aliases()
#5 /home/rakin/github/Projects/KasseControl/vendor/laravel/framework/src/Illuminate/Foundation/Application.php(286): Illuminate\\Foundation\\Bootstrap\\RegisterFacades->bootstrap()
#6 /home/rakin/github/Projects/KasseControl/vendor/laravel/framework/src/Illuminate/Foundation/Console/Kernel.php(447): Illuminate\\Foundation\\Application->bootstrapWith()
#7 /home/rakin/github/Projects/KasseControl/vendor/laravel/framework/src/Illuminate/Foundation/Console/Kernel.php(199): Illuminate\\Foundation\\Console\\Kernel->bootstrap()
#8 /home/rakin/github/Projects/KasseControl/artisan(12): Illuminate\\Foundation\\Console\\Kernel->handle()
#9 {main}
"} 
[2025-11-11 21:44:01] laravel.EMERGENCY: Unable to create configured logger. Using emergency logger. {"exception":"[object] (InvalidArgumentException(code: 0): Log [] is not defined. at /home/rakin/github/Projects/KasseControl/vendor/laravel/framework/src/Illuminate/Log/LogManager.php:212)
[stacktrace]
#0 /home/rakin/github/Projects/KasseControl/vendor/laravel/framework/src/Illuminate/Log/LogManager.php(137): Illuminate\\Log\\LogManager->resolve()
#1 /home/rakin/github/Projects/KasseControl/vendor/laravel/framework/src/Illuminate/Log/LogManager.php(124): Illuminate\\Log\\LogManager->get()
#2 /home/rakin/github/Projects/KasseControl/vendor/laravel/framework/src/Illuminate/Log/LogManager.php(681): Illuminate\\Log\\LogManager->driver()
#3 /home/rakin/github/Projects/KasseControl/vendor/laravel/framework/src/Illuminate/Foundation/Exceptions/Handler.php(317): Illuminate\\Log\\LogManager->error()
#4 /home/rakin/github/Projects/KasseControl/vendor/laravel/framework/src/Illuminate/Foundation/Exceptions/Handler.php(278): Illuminate\\Foundation\\Exceptions\\Handler->reportThrowable()
#5 /home/rakin/github/Projects/KasseControl/vendor/nunomaduro/collision/src/Adapters/Laravel/ExceptionHandler.php(46): Illuminate\\Foundation\\Exceptions\\Handler->report()
#6 /home/rakin/github/Projects/KasseControl/vendor/laravel/framework/src/Illuminate/Foundation/Console/Kernel.php(523): NunoMaduro\\Collision\\Adapters\\Laravel\\ExceptionHandler->report()
#7 /home/rakin/github/Projects/KasseControl/vendor/laravel/framework/src/Illuminate/Foundation/Console/Kernel.php(203): Illuminate\\Foundation\\Console\\Kernel->reportException()
#8 /home/rakin/github/Projects/KasseControl/artisan(12): Illuminate\\Foundation\\Console\\Kernel->handle()
#9 {main}
"} 
[2025-11-11 21:44:01] laravel.ERROR: Method Illuminate\Foundation\Console\ClosureCommand::hourly does not exist. {"exception":"[object] (BadMethodCallException(code: 0): Method Illuminate\\Foundation\\Console\\ClosureCommand::hourly does not exist. at /home/rakin/github/Projects/KasseControl/vendor/laravel/framework/src/Illuminate/Macroable/Traits/Macroable.php:112)
[stacktrace]
#0 /home/rakin/github/Projects/KasseControl/routes/console.php(9): Illuminate\\Console\\Command->__call()
#1 /home/rakin/github/Projects/KasseControl/app/Console/Kernel.php(25): require('...')
#2 /home/rakin/github/Projects/KasseControl/vendor/laravel/framework/src/Illuminate/Foundation/Console/Kernel.php(453): App\\Console\\Kernel->commands()
#3 /home/rakin/github/Projects/KasseControl/vendor/laravel/framework/src/Illuminate/Foundation/Console/Kernel.php(199): Illuminate\\Foundation\\Console\\Kernel->bootstrap()
#4 /home/rakin/github/Projects/KasseControl/artisan(12): Illuminate\\Foundation\\Console\\Kernel->handle()
#5 {main}
"} 
[2025-11-11 21:45:28] laravel.EMERGENCY: Unable to create configured logger. Using emergency logger. {"exception":"[object] (InvalidArgumentException(code: 0): Log [] is not defined. at /home/rakin/github/Projects/KasseControl/vendor/laravel/framework/src/Illuminate/Log/LogManager.php:212)
[stacktrace]
#0 /home/rakin/github/Projects/KasseControl/vendor/laravel/framework/src/Illuminate/Log/LogManager.php(137): Illuminate\\Log\\LogManager->resolve()
#1 /home/rakin/github/Projects/KasseControl/vendor/laravel/framework/src/Illuminate/Log/LogManager.php(124): Illuminate\\Log\\LogManager->get()
#2 /home/rakin/github/Projects/KasseControl/vendor/laravel/framework/src/Illuminate/Log/LogManager.php(681): Illuminate\\Log\\LogManager->driver()
#3 /home/rakin/github/Projects/KasseControl/vendor/laravel/framework/src/Illuminate/Foundation/Exceptions/Handler.php(317): Illuminate\\Log\\LogManager->error()
#4 /home/rakin/github/Projects/KasseControl/vendor/laravel/framework/src/Illuminate/Foundation/Exceptions/Handler.php(278): Illuminate\\Foundation\\Exceptions\\Handler->reportThrowable()
#5 /home/rakin/github/Projects/KasseControl/vendor/nunomaduro/collision/src/Adapters/Laravel/ExceptionHandler.php(46): Illuminate\\Foundation\\Exceptions\\Handler->report()
#6 /home/rakin/github/Projects/KasseControl/vendor/laravel/framework/src/Illuminate/Foundation/Console/Kernel.php(523): NunoMaduro\\Collision\\Adapters\\Laravel\\ExceptionHandler->report()
#7 /home/rakin/github/Projects/KasseControl/vendor/laravel/framework/src/Illuminate/Foundation/Console/Kernel.php(203): Illuminate\\Foundation\\Console\\Kernel->reportException()
#8 /home/rakin/github/Projects/KasseControl/artisan(12): Illuminate\\Foundation\\Console\\Kernel->handle()
#9 {main}
"} 
[2025-11-11 21:45:28] laravel.ERROR: SQLSTATE[HY000] [1045] Access denied for user 'root'@'localhost' (using password: NO) (Connection: mysql, SQL: select table_name as `name`, (data_length + index_length) as `size`, table_comment as `comment`, engine as `engine`, table_collation as `collation` from information_schema.tables where table_schema = 'kasse_pos' and table_type in ('BASE TABLE', 'SYSTEM VERSIONED') order by table_name) {"exception":"[object] (Illuminate\\Database\\QueryException(code: 1045): SQLSTATE[HY000] [1045] Access denied for user 'root'@'localhost' (using password: NO) (Connection: mysql, SQL: select table_name as `name`, (data_length + index_length) as `size`, table_comment as `comment`, engine as `engine`, table_collation as `collation` from information_schema.tables where table_schema = 'kasse_pos' and table_type in ('BASE TABLE', 'SYSTEM VERSIONED') order by table_name) at /home/rakin/github/Projects/KasseControl/vendor/laravel/framework/src/Illuminate/Database/Connection.php:829)
[stacktrace]
#0 /home/rakin/github/Projects/KasseControl/vendor/laravel/framework/src/Illuminate/Database/Connection.php(783): Illuminate\\Database\\Connection->runQueryCallback()
#1 /home/rakin/github/Projects/KasseControl/vendor/laravel/framework/src/Illuminate/Database/Connection.php(414): Illuminate\\Database\\Connection->run()
#2 /home/rakin/github/Projects/KasseControl/vendor/laravel/framework/src/Illuminate/Database/Connection.php(401): Illuminate\\Database\\Connection->select()
#3 /home/rakin/github/Projects/KasseControl/vendor/laravel/framework/src/Illuminate/Database/Schema/MySqlBuilder.php(41): Illuminate\\Database\\Connection->selectFromWriteConnection()
#4 /home/rakin/github/Projects/KasseControl/vendor/laravel/framework/src/Illuminate/Database/Schema/Builder.php(165): Illuminate\\Database\\Schema\\MySqlBuilder->getTables()
#5 /home/rakin/github/Projects/KasseControl/vendor/laravel/framework/src/Illuminate/Database/Migrations/DatabaseMigrationRepository.php(184): Illuminate\\Database\\Schema\\Builder->hasTable()
#6 /home/rakin/github/Projects/KasseControl/vendor/laravel/framework/src/Illuminate/Database/Migrations/Migrator.php(727): Illuminate\\Database\\Migrations\\DatabaseMigrationRepository->repositoryExists()
#7 /home/rakin/github/Projects/KasseControl/vendor/laravel/framework/src/Illuminate/Database/Console/Migrations/MigrateCommand.php(140): Illuminate\\Database\\Migrations\\Migrator->repositoryExists()
#8 /home/rakin/github/Projects/KasseControl/vendor/laravel/framework/src/Illuminate/Support/helpers.php(261): Illuminate\\Database\\Console\\Migrations\\MigrateCommand->Illuminate\\Database\\Console\\Migrations\\{closure}()
#9 /home/rakin/github/Projects/KasseControl/vendor/laravel/framework/src/Illuminate/Database/Console/Migrations/MigrateCommand.php(140): retry()
#10 /home/rakin/github/Projects/KasseControl/vendor/laravel/framework/src/Illuminate/Database/Console/Migrations/MigrateCommand.php(116): Illuminate\\Database\\Console\\Migrations\\MigrateCommand->repositoryExists()
#11 /home/rakin/github/Projects/KasseControl/vendor/laravel/framework/src/Illuminate/Database/Console/Migrations/MigrateCommand.php(84): Illuminate\\Database\\Console\\Migrations\\MigrateCommand->prepareDatabase()
#12 /home/rakin/github/Projects/KasseControl/vendor/laravel/framework/src/Illuminate/Database/Migrations/Migrator.php(641): Illuminate\\Database\\Console\\Migrations\\MigrateCommand->Illuminate\\Database\\Console\\Migrations\\{closure}()
#13 /home/rakin/github/Projects/KasseControl/vendor/laravel/framework/src/Illuminate/Database/Console/Migrations/MigrateCommand.php(83): Illuminate\\Database\\Migrations\\Migrator->usingConnection()
#14 /home/rakin/github/Projects/KasseControl/vendor/laravel/framework/src/Illuminate/Container/BoundMethod.php(36): Illuminate\\Database\\Console\\Migrations\\MigrateCommand->handle()
#15 /home/rakin/github/Projects/KasseControl/vendor/laravel/framework/src/Illuminate/Container/Util.php(41): Illuminate\\Container\\BoundMethod::Illuminate\\Container\\{closure}()
#16 /home/rakin/github/Projects/KasseControl/vendor/laravel/framework/src/Illuminate/Container/BoundMethod.php(93): Illuminate\\Container\\Util::unwrapIfClosure()
#17 /home/rakin/github/Projects/KasseControl/vendor/laravel/framework/src/Illuminate/Container/BoundMethod.php(35): Illuminate\\Container\\BoundMethod::callBoundMethod()
#18 /home/rakin/github/Projects/KasseControl/vendor/laravel/framework/src/Illuminate/Container/Container.php(662): Illuminate\\Container\\BoundMethod::call()
#19 /home/rakin/github/Projects/KasseControl/vendor/laravel/framework/src/Illuminate/Console/Command.php(211): Illuminate\\Container\\Container->call()
#20 /home/rakin/github/Projects/KasseControl/vendor/symfony/console/Command/Command.php(326): Illuminate\\Console\\Command->execute()
#21 /home/rakin/github/Projects/KasseControl/vendor/laravel/framework/src/Illuminate/Console/Command.php(180): Symfony\\Component\\Console\\Command\\Command->run()
#22 /home/rakin/github/Projects/KasseControl/vendor/symfony/console/Application.php(1088): Illuminate\\Console\\Command->run()
#23 /home/rakin/github/Projects/KasseControl/vendor/symfony/console/Application.php(324): Symfony\\Component\\Console\\Application->doRunCommand()
#24 /home/rakin/github/Projects/KasseControl/vendor/symfony/console/Application.php(175): Symfony\\Component\\Console\\Application->doRun()
#25 /home/rakin/github/Projects/KasseControl/vendor/laravel/framework/src/Illuminate/Foundation/Console/Kernel.php(201): Symfony\\Component\\Console\\Application->run()
#26 /home/rakin/github/Projects/KasseControl/artisan(12): Illuminate\\Foundation\\Console\\Kernel->handle()
#27 {main}

[previous exception] [object] (PDOException(code: 1045): SQLSTATE[HY000] [1045] Access denied for user 'root'@'localhost' (using password: NO) at /home/rakin/github/Projects/KasseControl/vendor/laravel/framework/src/Illuminate/Database/Connectors/Connector.php:65)
[stacktrace]
#0 /home/rakin/github/Projects/KasseControl/vendor/laravel/framework/src/Illuminate/Database/Connectors/Connector.php(65): PDO->__construct()
#1 /home/rakin/github/Projects/KasseControl/vendor/laravel/framework/src/Illuminate/Database/Connectors/Connector.php(44): Illuminate\\Database\\Connectors\\Connector->createPdoConnection()
#2 /home/rakin/github/Projects/KasseControl/vendor/laravel/framework/src/Illuminate/Database/Connectors/MySqlConnector.php(24): Illuminate\\Database\\Connectors\\Connector->createConnection()
#3 /home/rakin/github/Projects/KasseControl/vendor/laravel/framework/src/Illuminate/Database/Connectors/ConnectionFactory.php(184): Illuminate\\Database\\Connectors\\MySqlConnector->connect()
#4 [internal function]: Illuminate\\Database\\Connectors\\ConnectionFactory->Illuminate\\Database\\Connectors\\{closure}()
#5 /home/rakin/github/Projects/KasseControl/vendor/laravel/framework/src/Illuminate/Database/Connection.php(1339): call_user_func()
#6 /home/rakin/github/Projects/KasseControl/vendor/laravel/framework/src/Illuminate/Database/Connection.php(528): Illuminate\\Database\\Connection->getPdo()
#7 /home/rakin/github/Projects/KasseControl/vendor/laravel/framework/src/Illuminate/Database/Connection.php(423): Illuminate\\Database\\Connection->getPdoForSelect()
#8 /home/rakin/github/Projects/KasseControl/vendor/laravel/framework/src/Illuminate/Database/Connection.php(816): Illuminate\\Database\\Connection->Illuminate\\Database\\{closure}()
#9 /home/rakin/github/Projects/KasseControl/vendor/laravel/framework/src/Illuminate/Database/Connection.php(783): Illuminate\\Database\\Connection->runQueryCallback()
#10 /home/rakin/github/Projects/KasseControl/vendor/laravel/framework/src/Illuminate/Database/Connection.php(414): Illuminate\\Database\\Connection->run()
#11 /home/rakin/github/Projects/KasseControl/vendor/laravel/framework/src/Illuminate/Database/Connection.php(401): Illuminate\\Database\\Connection->select()
#12 /home/rakin/github/Projects/KasseControl/vendor/laravel/framework/src/Illuminate/Database/Schema/MySqlBuilder.php(41): Illuminate\\Database\\Connection->selectFromWriteConnection()
#13 /home/rakin/github/Projects/KasseControl/vendor/laravel/framework/src/Illuminate/Database/Schema/Builder.php(165): Illuminate\\Database\\Schema\\MySqlBuilder->getTables()
#14 /home/rakin/github/Projects/KasseControl/vendor/laravel/framework/src/Illuminate/Database/Migrations/DatabaseMigrationRepository.php(184): Illuminate\\Database\\Schema\\Builder->hasTable()
#15 /home/rakin/github/Projects/KasseControl/vendor/laravel/framework/src/Illuminate/Database/Migrations/Migrator.php(727): Illuminate\\Database\\Migrations\\DatabaseMigrationRepository->repositoryExists()
#16 /home/rakin/github/Projects/KasseControl/vendor/laravel/framework/src/Illuminate/Database/Console/Migrations/MigrateCommand.php(140): Illuminate\\Database\\Migrations\\Migrator->repositoryExists()
#17 /home/rakin/github/Projects/KasseControl/vendor/laravel/framework/src/Illuminate/Support/helpers.php(261): Illuminate\\Database\\Console\\Migrations\\MigrateCommand->Illuminate\\Database\\Console\\Migrations\\{closure}()
#18 /home/rakin/github/Projects/KasseControl/vendor/laravel/framework/src/Illuminate/Database/Console/Migrations/MigrateCommand.php(140): retry()
#19 /home/rakin/github/Projects/KasseControl/vendor/laravel/framework/src/Illuminate/Database/Console/Migrations/MigrateCommand.php(116): Illuminate\\Database\\Console\\Migrations\\MigrateCommand->repositoryExists()
#20 /home/rakin/github/Projects/KasseControl/vendor/laravel/framework/src/Illuminate/Database/Console/Migrations/MigrateCommand.php(84): Illuminate\\Database\\Console\\Migrations\\MigrateCommand->prepareDatabase()
#21 /home/rakin/github/Projects/KasseControl/vendor/laravel/framework/src/Illuminate/Database/Migrations/Migrator.php(641): Illuminate\\Database\\Console\\Migrations\\MigrateCommand->Illuminate\\Database\\Console\\Migrations\\{closure}()
#22 /home/rakin/github/Projects/KasseControl/vendor/laravel/framework/src/Illuminate/Database/Console/Migrations/MigrateCommand.php(83): Illuminate\\Database\\Migrations\\Migrator->usingConnection()
#23 /home/rakin/github/Projects/KasseControl/vendor/laravel/framework/src/Illuminate/Container/BoundMethod.php(36): Illuminate\\Database\\Console\\Migrations\\MigrateCommand->handle()
#24 /home/rakin/github/Projects/KasseControl/vendor/laravel/framework/src/Illuminate/Container/Util.php(41): Illuminate\\Container\\BoundMethod::Illuminate\\Container\\{closure}()
#25 /home/rakin/github/Projects/KasseControl/vendor/laravel/framework/src/Illuminate/Container/BoundMethod.php(93): Illuminate\\Container\\Util::unwrapIfClosure()
#26 /home/rakin/github/Projects/KasseControl/vendor/laravel/framework/src/Illuminate/Container/BoundMethod.php(35): Illuminate\\Container\\BoundMethod::callBoundMethod()
#27 /home/rakin/github/Projects/KasseControl/vendor/laravel/framework/src/Illuminate/Container/Container.php(662): Illuminate\\Container\\BoundMethod::call()
#28 /home/rakin/github/Projects/KasseControl/vendor/laravel/framework/src/Illuminate/Console/Command.php(211): Illuminate\\Container\\Container->call()
#29 /home/rakin/github/Projects/KasseControl/vendor/symfony/console/Command/Command.php(326): Illuminate\\Console\\Command->execute()
#30 /home/rakin/github/Projects/KasseControl/vendor/laravel/framework/src/Illuminate/Console/Command.php(180): Symfony\\Component\\Console\\Command\\Command->run()
#31 /home/rakin/github/Projects/KasseControl/vendor/symfony/console/Application.php(1088): Illuminate\\Console\\Command->run()
#32 /home/rakin/github/Projects/KasseControl/vendor/symfony/console/Application.php(324): Symfony\\Component\\Console\\Application->doRunCommand()
#33 /home/rakin/github/Projects/KasseControl/vendor/symfony/console/Application.php(175): Symfony\\Component\\Console\\Application->doRun()
#34 /home/rakin/github/Projects/KasseControl/vendor/laravel/framework/src/Illuminate/Foundation/Console/Kernel.php(201): Symfony\\Component\\Console\\Application->run()
#35 /home/rakin/github/Projects/KasseControl/artisan(12): Illuminate\\Foundation\\Console\\Kernel->handle()
#36 {main}
"} 
[2025-11-11 21:51:29] laravel.EMERGENCY: Unable to create configured logger. Using emergency logger. {"exception":"[object] (InvalidArgumentException(code: 0): Log [] is not defined. at /home/rakin/github/Projects/KasseControl/vendor/laravel/framework/src/Illuminate/Log/LogManager.php:212)
[stacktrace]
#0 /home/rakin/github/Projects/KasseControl/vendor/laravel/framework/src/Illuminate/Log/LogManager.php(137): Illuminate\\Log\\LogManager->resolve()
#1 /home/rakin/github/Projects/KasseControl/vendor/laravel/framework/src/Illuminate/Log/LogManager.php(124): Illuminate\\Log\\LogManager->get()
#2 /home/rakin/github/Projects/KasseControl/vendor/laravel/framework/src/Illuminate/Log/LogManager.php(681): Illuminate\\Log\\LogManager->driver()
#3 /home/rakin/github/Projects/KasseControl/vendor/laravel/framework/src/Illuminate/Foundation/Exceptions/Handler.php(317): Illuminate\\Log\\LogManager->error()
#4 /home/rakin/github/Projects/KasseControl/vendor/laravel/framework/src/Illuminate/Foundation/Exceptions/Handler.php(278): Illuminate\\Foundation\\Exceptions\\Handler->reportThrowable()
#5 /home/rakin/github/Projects/KasseControl/vendor/laravel/framework/src/Illuminate/Routing/Pipeline.php(49): Illuminate\\Foundation\\Exceptions\\Handler->report()
#6 /home/rakin/github/Projects/KasseControl/vendor/laravel/framework/src/Illuminate/Pipeline/Pipeline.php(188): Illuminate\\Routing\\Pipeline->handleException()
#7 /home/rakin/github/Projects/KasseControl/vendor/laravel/framework/src/Illuminate/Foundation/Http/Middleware/TransformsRequest.php(21): Illuminate\\Pipeline\\Pipeline->Illuminate\\Pipeline\\{closure}()
#8 /home/rakin/github/Projects/KasseControl/vendor/laravel/framework/src/Illuminate/Foundation/Http/Middleware/TrimStrings.php(40): Illuminate\\Foundation\\Http\\Middleware\\TransformsRequest->handle()
#9 /home/rakin/github/Projects/KasseControl/vendor/laravel/framework/src/Illuminate/Pipeline/Pipeline.php(183): Illuminate\\Foundation\\Http\\Middleware\\TrimStrings->handle()
#10 /home/rakin/github/Projects/KasseControl/vendor/laravel/framework/src/Illuminate/Foundation/Http/Middleware/ValidatePostSize.php(27): Illuminate\\Pipeline\\Pipeline->Illuminate\\Pipeline\\{closure}()
#11 /home/rakin/github/Projects/KasseControl/vendor/laravel/framework/src/Illuminate/Pipeline/Pipeline.php(183): Illuminate\\Foundation\\Http\\Middleware\\ValidatePostSize->handle()
#12 /home/rakin/github/Projects/KasseControl/vendor/laravel/framework/src/Illuminate/Foundation/Http/Middleware/PreventRequestsDuringMaintenance.php(99): Illuminate\\Pipeline\\Pipeline->Illuminate\\Pipeline\\{closure}()
#13 /home/rakin/github/Projects/KasseControl/vendor/laravel/framework/src/Illuminate/Pipeline/Pipeline.php(183): Illuminate\\Foundation\\Http\\Middleware\\PreventRequestsDuringMaintenance->handle()
#14 /home/rakin/github/Projects/KasseControl/vendor/laravel/framework/src/Illuminate/Http/Middleware/HandleCors.php(49): Illuminate\\Pipeline\\Pipeline->Illuminate\\Pipeline\\{closure}()
#15 /home/rakin/github/Projects/KasseControl/vendor/laravel/framework/src/Illuminate/Pipeline/Pipeline.php(183): Illuminate\\Http\\Middleware\\HandleCors->handle()
#16 /home/rakin/github/Projects/KasseControl/vendor/laravel/framework/src/Illuminate/Http/Middleware/TrustProxies.php(39): Illuminate\\Pipeline\\Pipeline->Illuminate\\Pipeline\\{closure}()
#17 /home/rakin/github/Projects/KasseControl/vendor/laravel/framework/src/Illuminate/Pipeline/Pipeline.php(183): Illuminate\\Http\\Middleware\\TrustProxies->handle()
#18 /home/rakin/github/Projects/KasseControl/vendor/laravel/framework/src/Illuminate/Pipeline/Pipeline.php(119): Illuminate\\Pipeline\\Pipeline->Illuminate\\Pipeline\\{closure}()
#19 /home/rakin/github/Projects/KasseControl/vendor/laravel/framework/src/Illuminate/Foundation/Http/Kernel.php(175): Illuminate\\Pipeline\\Pipeline->then()
#20 /home/rakin/github/Projects/KasseControl/vendor/laravel/framework/src/Illuminate/Foundation/Http/Kernel.php(144): Illuminate\\Foundation\\Http\\Kernel->sendRequestThroughRouter()
#21 /home/rakin/github/Projects/KasseControl/public/index.php(21): Illuminate\\Foundation\\Http\\Kernel->handle()
#22 /home/rakin/github/Projects/KasseControl/vendor/laravel/framework/src/Illuminate/Foundation/resources/server.php(16): require_once('...')
#23 {main}
"} 
[2025-11-11 21:51:29] laravel.ERROR: Illuminate\View\FileViewFinder::__construct(): Argument #2 ($paths) must be of type array, null given, called in /home/rakin/github/Projects/KasseControl/vendor/laravel/framework/src/Illuminate/View/ViewServiceProvider.php on line 85 {"exception":"[object] (TypeError(code: 0): Illuminate\\View\\FileViewFinder::__construct(): Argument #2 ($paths) must be of type array, null given, called in /home/rakin/github/Projects/KasseControl/vendor/laravel/framework/src/Illuminate/View/ViewServiceProvider.php on line 85 at /home/rakin/github/Projects/KasseControl/vendor/laravel/framework/src/Illuminate/View/FileViewFinder.php:53)
[stacktrace]
#0 /home/rakin/github/Projects/KasseControl/vendor/laravel/framework/src/Illuminate/View/ViewServiceProvider.php(85): Illuminate\\View\\FileViewFinder->__construct()
#1 /home/rakin/github/Projects/KasseControl/vendor/laravel/framework/src/Illuminate/Container/Container.php(908): Illuminate\\View\\ViewServiceProvider->Illuminate\\View\\{closure}()
#2 /home/rakin/github/Projects/KasseControl/vendor/laravel/framework/src/Illuminate/Container/Container.php(795): Illuminate\\Container\\Container->build()
#3 /home/rakin/github/Projects/KasseControl/vendor/laravel/framework/src/Illuminate/Foundation/Application.php(986): Illuminate\\Container\\Container->resolve()
#4 /home/rakin/github/Projects/KasseControl/vendor/laravel/framework/src/Illuminate/Container/Container.php(731): Illuminate\\Foundation\\Application->resolve()
#5 /home/rakin/github/Projects/KasseControl/vendor/laravel/framework/src/Illuminate/Foundation/Application.php(971): Illuminate\\Container\\Container->make()
#6 /home/rakin/github/Projects/KasseControl/vendor/laravel/framework/src/Illuminate/Container/Container.php(1454): Illuminate\\Foundation\\Application->make()
#7 /home/rakin/github/Projects/KasseControl/vendor/laravel/framework/src/Illuminate/View/ViewServiceProvider.php(45): Illuminate\\Container\\Container->offsetGet()
#8 /home/rakin/github/Projects/KasseControl/vendor/laravel/framework/src/Illuminate/Container/Container.php(908): Illuminate\\View\\ViewServiceProvider->Illuminate\\View\\{closure}()
#9 /home/rakin/github/Projects/KasseControl/vendor/laravel/framework/src/Illuminate/Container/Container.php(795): Illuminate\\Container\\Container->build()
#10 /home/rakin/github/Projects/KasseControl/vendor/laravel/framework/src/Illuminate/Foundation/Application.php(986): Illuminate\\Container\\Container->resolve()
#11 /home/rakin/github/Projects/KasseControl/vendor/laravel/framework/src/Illuminate/Container/Container.php(731): Illuminate\\Foundation\\Application->resolve()
#12 /home/rakin/github/Projects/KasseControl/vendor/laravel/framework/src/Illuminate/Foundation/Application.php(971): Illuminate\\Container\\Container->make()
#13 /home/rakin/github/Projects/KasseControl/vendor/laravel/framework/src/Illuminate/Container/Container.php(1454): Illuminate\\Foundation\\Application->make()
#14 /home/rakin/github/Projects/KasseControl/vendor/laravel/framework/src/Illuminate/Support/Facades/Facade.php(237): Illuminate\\Container\\Container->offsetGet()
#15 /home/rakin/github/Projects/KasseControl/vendor/laravel/framework/src/Illuminate/Support/Facades/Facade.php(208): Illuminate\\Support\\Facades\\Facade::resolveFacadeInstance()
#16 /home/rakin/github/Projects/KasseControl/vendor/laravel/framework/src/Illuminate/Support/Facades/Facade.php(349): Illuminate\\Support\\Facades\\Facade::getFacadeRoot()
#17 /home/rakin/github/Projects/KasseControl/vendor/laravel/framework/src/Illuminate/Foundation/Exceptions/RegisterErrorViewPaths.php(16): Illuminate\\Support\\Facades\\Facade::__callStatic()
#18 /home/rakin/github/Projects/KasseControl/vendor/laravel/framework/src/Illuminate/Foundation/Exceptions/Handler.php(744): Illuminate\\Foundation\\Exceptions\\RegisterErrorViewPaths->__invoke()
#19 /home/rakin/github/Projects/KasseControl/vendor/laravel/framework/src/Illuminate/Foundation/Exceptions/Handler.php(719): Illuminate\\Foundation\\Exceptions\\Handler->registerErrorViewPaths()
#20 /home/rakin/github/Projects/KasseControl/vendor/laravel/framework/src/Illuminate/Foundation/Exceptions/Handler.php(650): Illuminate\\Foundation\\Exceptions\\Handler->renderHttpException()
#21 /home/rakin/github/Projects/KasseControl/vendor/laravel/framework/src/Illuminate/Foundation/Exceptions/Handler.php(556): Illuminate\\Foundation\\Exceptions\\Handler->prepareResponse()
#22 /home/rakin/github/Projects/KasseControl/vendor/laravel/framework/src/Illuminate/Foundation/Exceptions/Handler.php(473): Illuminate\\Foundation\\Exceptions\\Handler->renderExceptionResponse()
#23 /home/rakin/github/Projects/KasseControl/vendor/laravel/framework/src/Illuminate/Routing/Pipeline.php(51): Illuminate\\Foundation\\Exceptions\\Handler->render()
#24 /home/rakin/github/Projects/KasseControl/vendor/laravel/framework/src/Illuminate/Pipeline/Pipeline.php(146): Illuminate\\Routing\\Pipeline->handleException()
#25 /home/rakin/github/Projects/KasseControl/vendor/laravel/framework/src/Illuminate/Foundation/Http/Middleware/TransformsRequest.php(21): Illuminate\\Pipeline\\Pipeline->Illuminate\\Pipeline\\{closure}()
#26 /home/rakin/github/Projects/KasseControl/vendor/laravel/framework/src/Illuminate/Foundation/Http/Middleware/ConvertEmptyStringsToNull.php(31): Illuminate\\Foundation\\Http\\Middleware\\TransformsRequest->handle()
#27 /home/rakin/github/Projects/KasseControl/vendor/laravel/framework/src/Illuminate/Pipeline/Pipeline.php(183): Illuminate\\Foundation\\Http\\Middleware\\ConvertEmptyStringsToNull->handle()
#28 /home/rakin/github/Projects/KasseControl/vendor/laravel/framework/src/Illuminate/Foundation/Http/Middleware/TransformsRequest.php(21): Illuminate\\Pipeline\\Pipeline->Illuminate\\Pipeline\\{closure}()
#29 /home/rakin/github/Projects/KasseControl/vendor/laravel/framework/src/Illuminate/Foundation/Http/Middleware/TrimStrings.php(40): Illuminate\\Foundation\\Http\\Middleware\\TransformsRequest->handle()
#30 /home/rakin/github/Projects/KasseControl/vendor/laravel/framework/src/Illuminate/Pipeline/Pipeline.php(183): Illuminate\\Foundation\\Http\\Middleware\\TrimStrings->handle()
#31 /home/rakin/github/Projects/KasseControl/vendor/laravel/framework/src/Illuminate/Foundation/Http/Middleware/ValidatePostSize.php(27): Illuminate\\Pipeline\\Pipeline->Illuminate\\Pipeline\\{closure}()
#32 /home/rakin/github/Projects/KasseControl/vendor/laravel/framework/src/Illuminate/Pipeline/Pipeline.php(183): Illuminate\\Foundation\\Http\\Middleware\\ValidatePostSize->handle()
#33 /home/rakin/github/Projects/KasseControl/vendor/laravel/framework/src/Illuminate/Foundation/Http/Middleware/PreventRequestsDuringMaintenance.php(99): Illuminate\\Pipeline\\Pipeline->Illuminate\\Pipeline\\{closure}()
#34 /home/rakin/github/Projects/KasseControl/vendor/laravel/framework/src/Illuminate/Pipeline/Pipeline.php(183): Illuminate\\Foundation\\Http\\Middleware\\PreventRequestsDuringMaintenance->handle()
#35 /home/rakin/github/Projects/KasseControl/vendor/laravel/framework/src/Illuminate/Http/Middleware/HandleCors.php(49): Illuminate\\Pipeline\\Pipeline->Illuminate\\Pipeline\\{closure}()
#36 /home/rakin/github/Projects/KasseControl/vendor/laravel/framework/src/Illuminate/Pipeline/Pipeline.php(183): Illuminate\\Http\\Middleware\\HandleCors->handle()
#37 /home/rakin/github/Projects/KasseControl/vendor/laravel/framework/src/Illuminate/Http/Middleware/TrustProxies.php(39): Illuminate\\Pipeline\\Pipeline->Illuminate\\Pipeline\\{closure}()
#38 /home/rakin/github/Projects/KasseControl/vendor/laravel/framework/src/Illuminate/Pipeline/Pipeline.php(183): Illuminate\\Http\\Middleware\\TrustProxies->handle()
#39 /home/rakin/github/Projects/KasseControl/vendor/laravel/framework/src/Illuminate/Pipeline/Pipeline.php(119): Illuminate\\Pipeline\\Pipeline->Illuminate\\Pipeline\\{closure}()
#40 /home/rakin/github/Projects/KasseControl/vendor/laravel/framework/src/Illuminate/Foundation/Http/Kernel.php(175): Illuminate\\Pipeline\\Pipeline->then()
#41 /home/rakin/github/Projects/KasseControl/vendor/laravel/framework/src/Illuminate/Foundation/Http/Kernel.php(144): Illuminate\\Foundation\\Http\\Kernel->sendRequestThroughRouter()
#42 /home/rakin/github/Projects/KasseControl/public/index.php(21): Illuminate\\Foundation\\Http\\Kernel->handle()
#43 /home/rakin/github/Projects/KasseControl/vendor/laravel/framework/src/Illuminate/Foundation/resources/server.php(16): require_once('...')
#44 {main}
"} 
[2025-11-11 21:51:29] laravel.EMERGENCY: Unable to create configured logger. Using emergency logger. {"exception":"[object] (InvalidArgumentException(code: 0): Log [] is not defined. at /home/rakin/github/Projects/KasseControl/vendor/laravel/framework/src/Illuminate/Log/LogManager.php:212)
[stacktrace]
#0 /home/rakin/github/Projects/KasseControl/vendor/laravel/framework/src/Illuminate/Log/LogManager.php(137): Illuminate\\Log\\LogManager->resolve()
#1 /home/rakin/github/Projects/KasseControl/vendor/laravel/framework/src/Illuminate/Log/LogManager.php(124): Illuminate\\Log\\LogManager->get()
#2 /home/rakin/github/Projects/KasseControl/vendor/laravel/framework/src/Illuminate/Log/LogManager.php(681): Illuminate\\Log\\LogManager->driver()
#3 /home/rakin/github/Projects/KasseControl/vendor/laravel/framework/src/Illuminate/Foundation/Exceptions/Handler.php(317): Illuminate\\Log\\LogManager->error()
#4 /home/rakin/github/Projects/KasseControl/vendor/laravel/framework/src/Illuminate/Foundation/Exceptions/Handler.php(278): Illuminate\\Foundation\\Exceptions\\Handler->reportThrowable()
#5 /home/rakin/github/Projects/KasseControl/vendor/laravel/framework/src/Illuminate/Routing/Pipeline.php(49): Illuminate\\Foundation\\Exceptions\\Handler->report()
#6 /home/rakin/github/Projects/KasseControl/vendor/laravel/framework/src/Illuminate/Pipeline/Pipeline.php(188): Illuminate\\Routing\\Pipeline->handleException()
#7 /home/rakin/github/Projects/KasseControl/vendor/laravel/framework/src/Illuminate/Foundation/Http/Middleware/TransformsRequest.php(21): Illuminate\\Pipeline\\Pipeline->Illuminate\\Pipeline\\{closure}()
#8 /home/rakin/github/Projects/KasseControl/vendor/laravel/framework/src/Illuminate/Foundation/Http/Middleware/TrimStrings.php(40): Illuminate\\Foundation\\Http\\Middleware\\TransformsRequest->handle()
#9 /home/rakin/github/Projects/KasseControl/vendor/laravel/framework/src/Illuminate/Pipeline/Pipeline.php(183): Illuminate\\Foundation\\Http\\Middleware\\TrimStrings->handle()
#10 /home/rakin/github/Projects/KasseControl/vendor/laravel/framework/src/Illuminate/Foundation/Http/Middleware/ValidatePostSize.php(27): Illuminate\\Pipeline\\Pipeline->Illuminate\\Pipeline\\{closure}()
#11 /home/rakin/github/Projects/KasseControl/vendor/laravel/framework/src/Illuminate/Pipeline/Pipeline.php(183): Illuminate\\Foundation\\Http\\Middleware\\ValidatePostSize->handle()
#12 /home/rakin/github/Projects/KasseControl/vendor/laravel/framework/src/Illuminate/Foundation/Http/Middleware/PreventRequestsDuringMaintenance.php(99): Illuminate\\Pipeline\\Pipeline->Illuminate\\Pipeline\\{closure}()
#13 /home/rakin/github/Projects/KasseControl/vendor/laravel/framework/src/Illuminate/Pipeline/Pipeline.php(183): Illuminate\\Foundation\\Http\\Middleware\\PreventRequestsDuringMaintenance->handle()
#14 /home/rakin/github/Projects/KasseControl/vendor/laravel/framework/src/Illuminate/Http/Middleware/HandleCors.php(49): Illuminate\\Pipeline\\Pipeline->Illuminate\\Pipeline\\{closure}()
#15 /home/rakin/github/Projects/KasseControl/vendor/laravel/framework/src/Illuminate/Pipeline/Pipeline.php(183): Illuminate\\Http\\Middleware\\HandleCors->handle()
#16 /home/rakin/github/Projects/KasseControl/vendor/laravel/framework/src/Illuminate/Http/Middleware/TrustProxies.php(39): Illuminate\\Pipeline\\Pipeline->Illuminate\\Pipeline\\{closure}()
#17 /home/rakin/github/Projects/KasseControl/vendor/laravel/framework/src/Illuminate/Pipeline/Pipeline.php(183): Illuminate\\Http\\Middleware\\TrustProxies->handle()
#18 /home/rakin/github/Projects/KasseControl/vendor/laravel/framework/src/Illuminate/Pipeline/Pipeline.php(119): Illuminate\\Pipeline\\Pipeline->Illuminate\\Pipeline\\{closure}()
#19 /home/rakin/github/Projects/KasseControl/vendor/laravel/framework/src/Illuminate/Foundation/Http/Kernel.php(175): Illuminate\\Pipeline\\Pipeline->then()
#20 /home/rakin/github/Projects/KasseControl/vendor/laravel/framework/src/Illuminate/Foundation/Http/Kernel.php(144): Illuminate\\Foundation\\Http\\Kernel->sendRequestThroughRouter()
#21 /home/rakin/github/Projects/KasseControl/public/index.php(21): Illuminate\\Foundation\\Http\\Kernel->handle()
#22 /home/rakin/github/Projects/KasseControl/vendor/laravel/framework/src/Illuminate/Foundation/resources/server.php(16): require_once('...')
#23 {main}
"} 
[2025-11-11 21:51:29] laravel.ERROR: Illuminate\View\FileViewFinder::__construct(): Argument #2 ($paths) must be of type array, null given, called in /home/rakin/github/Projects/KasseControl/vendor/laravel/framework/src/Illuminate/View/ViewServiceProvider.php on line 85 {"exception":"[object] (TypeError(code: 0): Illuminate\\View\\FileViewFinder::__construct(): Argument #2 ($paths) must be of type array, null given, called in /home/rakin/github/Projects/KasseControl/vendor/laravel/framework/src/Illuminate/View/ViewServiceProvider.php on line 85 at /home/rakin/github/Projects/KasseControl/vendor/laravel/framework/src/Illuminate/View/FileViewFinder.php:53)
[stacktrace]
#0 /home/rakin/github/Projects/KasseControl/vendor/laravel/framework/src/Illuminate/View/ViewServiceProvider.php(85): Illuminate\\View\\FileViewFinder->__construct()
#1 /home/rakin/github/Projects/KasseControl/vendor/laravel/framework/src/Illuminate/Container/Container.php(908): Illuminate\\View\\ViewServiceProvider->Illuminate\\View\\{closure}()
#2 /home/rakin/github/Projects/KasseControl/vendor/laravel/framework/src/Illuminate/Container/Container.php(795): Illuminate\\Container\\Container->build()
#3 /home/rakin/github/Projects/KasseControl/vendor/laravel/framework/src/Illuminate/Foundation/Application.php(986): Illuminate\\Container\\Container->resolve()
#4 /home/rakin/github/Projects/KasseControl/vendor/laravel/framework/src/Illuminate/Container/Container.php(731): Illuminate\\Foundation\\Application->resolve()
#5 /home/rakin/github/Projects/KasseControl/vendor/laravel/framework/src/Illuminate/Foundation/Application.php(971): Illuminate\\Container\\Container->make()
#6 /home/rakin/github/Projects/KasseControl/vendor/laravel/framework/src/Illuminate/Container/Container.php(1454): Illuminate\\Foundation\\Application->make()
#7 /home/rakin/github/Projects/KasseControl/vendor/laravel/framework/src/Illuminate/View/ViewServiceProvider.php(45): Illuminate\\Container\\Container->offsetGet()
#8 /home/rakin/github/Projects/KasseControl/vendor/laravel/framework/src/Illuminate/Container/Container.php(908): Illuminate\\View\\ViewServiceProvider->Illuminate\\View\\{closure}()
#9 /home/rakin/github/Projects/KasseControl/vendor/laravel/framework/src/Illuminate/Container/Container.php(795): Illuminate\\Container\\Container->build()
#10 /home/rakin/github/Projects/KasseControl/vendor/laravel/framework/src/Illuminate/Foundation/Application.php(986): Illuminate\\Container\\Container->resolve()
#11 /home/rakin/github/Projects/KasseControl/vendor/laravel/framework/src/Illuminate/Container/Container.php(731): Illuminate\\Foundation\\Application->resolve()
#12 /home/rakin/github/Projects/KasseControl/vendor/laravel/framework/src/Illuminate/Foundation/Application.php(971): Illuminate\\Container\\Container->make()
#13 /home/rakin/github/Projects/KasseControl/vendor/laravel/framework/src/Illuminate/Container/Container.php(1454): Illuminate\\Foundation\\Application->make()
#14 /home/rakin/github/Projects/KasseControl/vendor/laravel/framework/src/Illuminate/Support/Facades/Facade.php(237): Illuminate\\Container\\Container->offsetGet()
#15 /home/rakin/github/Projects/KasseControl/vendor/laravel/framework/src/Illuminate/Support/Facades/Facade.php(208): Illuminate\\Support\\Facades\\Facade::resolveFacadeInstance()
#16 /home/rakin/github/Projects/KasseControl/vendor/laravel/framework/src/Illuminate/Support/Facades/Facade.php(349): Illuminate\\Support\\Facades\\Facade::getFacadeRoot()
#17 /home/rakin/github/Projects/KasseControl/vendor/laravel/framework/src/Illuminate/Foundation/Exceptions/RegisterErrorViewPaths.php(16): Illuminate\\Support\\Facades\\Facade::__callStatic()
#18 /home/rakin/github/Projects/KasseControl/vendor/laravel/framework/src/Illuminate/Foundation/Exceptions/Handler.php(744): Illuminate\\Foundation\\Exceptions\\RegisterErrorViewPaths->__invoke()
#19 /home/rakin/github/Projects/KasseControl/vendor/laravel/framework/src/Illuminate/Foundation/Exceptions/Handler.php(719): Illuminate\\Foundation\\Exceptions\\Handler->registerErrorViewPaths()
#20 /home/rakin/github/Projects/KasseControl/vendor/laravel/framework/src/Illuminate/Foundation/Exceptions/Handler.php(650): Illuminate\\Foundation\\Exceptions\\Handler->renderHttpException()
#21 /home/rakin/github/Projects/KasseControl/vendor/laravel/framework/src/Illuminate/Foundation/Exceptions/Handler.php(556): Illuminate\\Foundation\\Exceptions\\Handler->prepareResponse()
#22 /home/rakin/github/Projects/KasseControl/vendor/laravel/framework/src/Illuminate/Foundation/Exceptions/Handler.php(473): Illuminate\\Foundation\\Exceptions\\Handler->renderExceptionResponse()
#23 /home/rakin/github/Projects/KasseControl/vendor/laravel/framework/src/Illuminate/Routing/Pipeline.php(51): Illuminate\\Foundation\\Exceptions\\Handler->render()
#24 /home/rakin/github/Projects/KasseControl/vendor/laravel/framework/src/Illuminate/Pipeline/Pipeline.php(146): Illuminate\\Routing\\Pipeline->handleException()
#25 /home/rakin/github/Projects/KasseControl/vendor/laravel/framework/src/Illuminate/Foundation/Http/Middleware/TransformsRequest.php(21): Illuminate\\Pipeline\\Pipeline->Illuminate\\Pipeline\\{closure}()
#26 /home/rakin/github/Projects/KasseControl/vendor/laravel/framework/src/Illuminate/Foundation/Http/Middleware/ConvertEmptyStringsToNull.php(31): Illuminate\\Foundation\\Http\\Middleware\\TransformsRequest->handle()
#27 /home/rakin/github/Projects/KasseControl/vendor/laravel/framework/src/Illuminate/Pipeline/Pipeline.php(183): Illuminate\\Foundation\\Http\\Middleware\\ConvertEmptyStringsToNull->handle()
#28 /home/rakin/github/Projects/KasseControl/vendor/laravel/framework/src/Illuminate/Foundation/Http/Middleware/TransformsRequest.php(21): Illuminate\\Pipeline\\Pipeline->Illuminate\\Pipeline\\{closure}()
#29 /home/rakin/github/Projects/KasseControl/vendor/laravel/framework/src/Illuminate/Foundation/Http/Middleware/TrimStrings.php(40): Illuminate\\Foundation\\Http\\Middleware\\TransformsRequest->handle()
#30 /home/rakin/github/Projects/KasseControl/vendor/laravel/framework/src/Illuminate/Pipeline/Pipeline.php(183): Illuminate\\Foundation\\Http\\Middleware\\TrimStrings->handle()
#31 /home/rakin/github/Projects/KasseControl/vendor/laravel/framework/src/Illuminate/Foundation/Http/Middleware/ValidatePostSize.php(27): Illuminate\\Pipeline\\Pipeline->Illuminate\\Pipeline\\{closure}()
#32 /home/rakin/github/Projects/KasseControl/vendor/laravel/framework/src/Illuminate/Pipeline/Pipeline.php(183): Illuminate\\Foundation\\Http\\Middleware\\ValidatePostSize->handle()
#33 /home/rakin/github/Projects/KasseControl/vendor/laravel/framework/src/Illuminate/Foundation/Http/Middleware/PreventRequestsDuringMaintenance.php(99): Illuminate\\Pipeline\\Pipeline->Illuminate\\Pipeline\\{closure}()
#34 /home/rakin/github/Projects/KasseControl/vendor/laravel/framework/src/Illuminate/Pipeline/Pipeline.php(183): Illuminate\\Foundation\\Http\\Middleware\\PreventRequestsDuringMaintenance->handle()
#35 /home/rakin/github/Projects/KasseControl/vendor/laravel/framework/src/Illuminate/Http/Middleware/HandleCors.php(49): Illuminate\\Pipeline\\Pipeline->Illuminate\\Pipeline\\{closure}()
#36 /home/rakin/github/Projects/KasseControl/vendor/laravel/framework/src/Illuminate/Pipeline/Pipeline.php(183): Illuminate\\Http\\Middleware\\HandleCors->handle()
#37 /home/rakin/github/Projects/KasseControl/vendor/laravel/framework/src/Illuminate/Http/Middleware/TrustProxies.php(39): Illuminate\\Pipeline\\Pipeline->Illuminate\\Pipeline\\{closure}()
#38 /home/rakin/github/Projects/KasseControl/vendor/laravel/framework/src/Illuminate/Pipeline/Pipeline.php(183): Illuminate\\Http\\Middleware\\TrustProxies->handle()
#39 /home/rakin/github/Projects/KasseControl/vendor/laravel/framework/src/Illuminate/Pipeline/Pipeline.php(119): Illuminate\\Pipeline\\Pipeline->Illuminate\\Pipeline\\{closure}()
#40 /home/rakin/github/Projects/KasseControl/vendor/laravel/framework/src/Illuminate/Foundation/Http/Kernel.php(175): Illuminate\\Pipeline\\Pipeline->then()
#41 /home/rakin/github/Projects/KasseControl/vendor/laravel/framework/src/Illuminate/Foundation/Http/Kernel.php(144): Illuminate\\Foundation\\Http\\Kernel->sendRequestThroughRouter()
#42 /home/rakin/github/Projects/KasseControl/public/index.php(21): Illuminate\\Foundation\\Http\\Kernel->handle()
#43 /home/rakin/github/Projects/KasseControl/vendor/laravel/framework/src/Illuminate/Foundation/resources/server.php(16): require_once('...')
#44 {main}
"} 
[2025-11-11 21:53:54] laravel.EMERGENCY: Unable to create configured logger. Using emergency logger. {"exception":"[object] (InvalidArgumentException(code: 0): Log [] is not defined. at /home/rakin/github/Projects/KasseControl/vendor/laravel/framework/src/Illuminate/Log/LogManager.php:212)
[stacktrace]
#0 /home/rakin/github/Projects/KasseControl/vendor/laravel/framework/src/Illuminate/Log/LogManager.php(137): Illuminate\\Log\\LogManager->resolve()
#1 /home/rakin/github/Projects/KasseControl/vendor/laravel/framework/src/Illuminate/Log/LogManager.php(124): Illuminate\\Log\\LogManager->get()
#2 /home/rakin/github/Projects/KasseControl/vendor/laravel/framework/src/Illuminate/Log/LogManager.php(681): Illuminate\\Log\\LogManager->driver()
#3 /home/rakin/github/Projects/KasseControl/vendor/laravel/framework/src/Illuminate/Foundation/Exceptions/Handler.php(317): Illuminate\\Log\\LogManager->error()
#4 /home/rakin/github/Projects/KasseControl/vendor/laravel/framework/src/Illuminate/Foundation/Exceptions/Handler.php(278): Illuminate\\Foundation\\Exceptions\\Handler->reportThrowable()
#5 /home/rakin/github/Projects/KasseControl/vendor/laravel/framework/src/Illuminate/Routing/Pipeline.php(49): Illuminate\\Foundation\\Exceptions\\Handler->report()
#6 /home/rakin/github/Projects/KasseControl/vendor/laravel/framework/src/Illuminate/Pipeline/Pipeline.php(188): Illuminate\\Routing\\Pipeline->handleException()
#7 /home/rakin/github/Projects/KasseControl/vendor/laravel/framework/src/Illuminate/Foundation/Http/Middleware/TransformsRequest.php(21): Illuminate\\Pipeline\\Pipeline->Illuminate\\Pipeline\\{closure}()
#8 /home/rakin/github/Projects/KasseControl/vendor/laravel/framework/src/Illuminate/Foundation/Http/Middleware/TrimStrings.php(40): Illuminate\\Foundation\\Http\\Middleware\\TransformsRequest->handle()
#9 /home/rakin/github/Projects/KasseControl/vendor/laravel/framework/src/Illuminate/Pipeline/Pipeline.php(183): Illuminate\\Foundation\\Http\\Middleware\\TrimStrings->handle()
#10 /home/rakin/github/Projects/KasseControl/vendor/laravel/framework/src/Illuminate/Foundation/Http/Middleware/ValidatePostSize.php(27): Illuminate\\Pipeline\\Pipeline->Illuminate\\Pipeline\\{closure}()
#11 /home/rakin/github/Projects/KasseControl/vendor/laravel/framework/src/Illuminate/Pipeline/Pipeline.php(183): Illuminate\\Foundation\\Http\\Middleware\\ValidatePostSize->handle()
#12 /home/rakin/github/Projects/KasseControl/vendor/laravel/framework/src/Illuminate/Foundation/Http/Middleware/PreventRequestsDuringMaintenance.php(99): Illuminate\\Pipeline\\Pipeline->Illuminate\\Pipeline\\{closure}()
#13 /home/rakin/github/Projects/KasseControl/vendor/laravel/framework/src/Illuminate/Pipeline/Pipeline.php(183): Illuminate\\Foundation\\Http\\Middleware\\PreventRequestsDuringMaintenance->handle()
#14 /home/rakin/github/Projects/KasseControl/vendor/laravel/framework/src/Illuminate/Http/Middleware/HandleCors.php(49): Illuminate\\Pipeline\\Pipeline->Illuminate\\Pipeline\\{closure}()
#15 /home/rakin/github/Projects/KasseControl/vendor/laravel/framework/src/Illuminate/Pipeline/Pipeline.php(183): Illuminate\\Http\\Middleware\\HandleCors->handle()
#16 /home/rakin/github/Projects/KasseControl/vendor/laravel/framework/src/Illuminate/Http/Middleware/TrustProxies.php(39): Illuminate\\Pipeline\\Pipeline->Illuminate\\Pipeline\\{closure}()
#17 /home/rakin/github/Projects/KasseControl/vendor/laravel/framework/src/Illuminate/Pipeline/Pipeline.php(183): Illuminate\\Http\\Middleware\\TrustProxies->handle()
#18 /home/rakin/github/Projects/KasseControl/vendor/laravel/framework/src/Illuminate/Pipeline/Pipeline.php(119): Illuminate\\Pipeline\\Pipeline->Illuminate\\Pipeline\\{closure}()
#19 /home/rakin/github/Projects/KasseControl/vendor/laravel/framework/src/Illuminate/Foundation/Http/Kernel.php(175): Illuminate\\Pipeline\\Pipeline->then()
#20 /home/rakin/github/Projects/KasseControl/vendor/laravel/framework/src/Illuminate/Foundation/Http/Kernel.php(144): Illuminate\\Foundation\\Http\\Kernel->sendRequestThroughRouter()
#21 /home/rakin/github/Projects/KasseControl/public/index.php(21): Illuminate\\Foundation\\Http\\Kernel->handle()
#22 /home/rakin/github/Projects/KasseControl/vendor/laravel/framework/src/Illuminate/Foundation/resources/server.php(16): require_once('...')
#23 {main}
"} 
[2025-11-11 21:53:54] laravel.ERROR: Unable to resolve NULL driver for [Illuminate\Session\SessionManager]. {"exception":"[object] (InvalidArgumentException(code: 0): Unable to resolve NULL driver for [Illuminate\\Session\\SessionManager]. at /home/rakin/github/Projects/KasseControl/vendor/laravel/framework/src/Illuminate/Support/Manager.php:71)
[stacktrace]
#0 /home/rakin/github/Projects/KasseControl/vendor/laravel/framework/src/Illuminate/Session/SessionServiceProvider.php(52): Illuminate\\Support\\Manager->driver()
#1 /home/rakin/github/Projects/KasseControl/vendor/laravel/framework/src/Illuminate/Container/Container.php(908): Illuminate\\Session\\SessionServiceProvider->Illuminate\\Session\\{closure}()
#2 /home/rakin/github/Projects/KasseControl/vendor/laravel/framework/src/Illuminate/Container/Container.php(795): Illuminate\\Container\\Container->build()
#3 /home/rakin/github/Projects/KasseControl/vendor/laravel/framework/src/Illuminate/Foundation/Application.php(986): Illuminate\\Container\\Container->resolve()
#4 /home/rakin/github/Projects/KasseControl/vendor/laravel/framework/src/Illuminate/Container/Container.php(731): Illuminate\\Foundation\\Application->resolve()
#5 /home/rakin/github/Projects/KasseControl/vendor/laravel/framework/src/Illuminate/Foundation/Application.php(971): Illuminate\\Container\\Container->make()
#6 /home/rakin/github/Projects/KasseControl/vendor/laravel/framework/src/Illuminate/Container/Container.php(1454): Illuminate\\Foundation\\Application->make()
#7 /home/rakin/github/Projects/KasseControl/vendor/laravel/framework/src/Illuminate/Routing/RoutingServiceProvider.php(120): Illuminate\\Container\\Container->offsetGet()
#8 /home/rakin/github/Projects/KasseControl/vendor/laravel/framework/src/Illuminate/Container/Container.php(908): Illuminate\\Routing\\RoutingServiceProvider->Illuminate\\Routing\\{closure}()
#9 /home/rakin/github/Projects/KasseControl/vendor/laravel/framework/src/Illuminate/Container/Container.php(795): Illuminate\\Container\\Container->build()
#10 /home/rakin/github/Projects/KasseControl/vendor/laravel/framework/src/Illuminate/Foundation/Application.php(986): Illuminate\\Container\\Container->resolve()
#11 /home/rakin/github/Projects/KasseControl/vendor/laravel/framework/src/Illuminate/Container/Container.php(731): Illuminate\\Foundation\\Application->resolve()
#12 /home/rakin/github/Projects/KasseControl/vendor/laravel/framework/src/Illuminate/Foundation/Application.php(971): Illuminate\\Container\\Container->make()
#13 /home/rakin/github/Projects/KasseControl/vendor/laravel/framework/src/Illuminate/Container/Container.php(1454): Illuminate\\Foundation\\Application->make()
#14 /home/rakin/github/Projects/KasseControl/vendor/laravel/framework/src/Illuminate/Routing/RoutingServiceProvider.php(182): Illuminate\\Container\\Container->offsetGet()
#15 /home/rakin/github/Projects/KasseControl/vendor/laravel/framework/src/Illuminate/Container/Container.php(908): Illuminate\\Routing\\RoutingServiceProvider->Illuminate\\Routing\\{closure}()
#16 /home/rakin/github/Projects/KasseControl/vendor/laravel/framework/src/Illuminate/Container/Container.php(795): Illuminate\\Container\\Container->build()
#17 /home/rakin/github/Projects/KasseControl/vendor/laravel/framework/src/Illuminate/Foundation/Application.php(986): Illuminate\\Container\\Container->resolve()
#18 /home/rakin/github/Projects/KasseControl/vendor/laravel/framework/src/Illuminate/Container/Container.php(731): Illuminate\\Foundation\\Application->resolve()
#19 /home/rakin/github/Projects/KasseControl/vendor/laravel/framework/src/Illuminate/Foundation/Application.php(971): Illuminate\\Container\\Container->make()
#20 /home/rakin/github/Projects/KasseControl/vendor/laravel/framework/src/Illuminate/Foundation/helpers.php(120): Illuminate\\Foundation\\Application->make()
#21 /home/rakin/github/Projects/KasseControl/vendor/laravel/framework/src/Illuminate/Foundation/helpers.php(790): app()
#22 /home/rakin/github/Projects/KasseControl/vendor/laravel/framework/src/Illuminate/Foundation/Exceptions/Handler.php(723): response()
#23 /home/rakin/github/Projects/KasseControl/vendor/laravel/framework/src/Illuminate/Foundation/Exceptions/Handler.php(650): Illuminate\\Foundation\\Exceptions\\Handler->renderHttpException()
#24 /home/rakin/github/Projects/KasseControl/vendor/laravel/framework/src/Illuminate/Foundation/Exceptions/Handler.php(556): Illuminate\\Foundation\\Exceptions\\Handler->prepareResponse()
#25 /home/rakin/github/Projects/KasseControl/vendor/laravel/framework/src/Illuminate/Foundation/Exceptions/Handler.php(473): Illuminate\\Foundation\\Exceptions\\Handler->renderExceptionResponse()
#26 /home/rakin/github/Projects/KasseControl/vendor/laravel/framework/src/Illuminate/Routing/Pipeline.php(51): Illuminate\\Foundation\\Exceptions\\Handler->render()
#27 /home/rakin/github/Projects/KasseControl/vendor/laravel/framework/src/Illuminate/Pipeline/Pipeline.php(146): Illuminate\\Routing\\Pipeline->handleException()
#28 /home/rakin/github/Projects/KasseControl/vendor/laravel/framework/src/Illuminate/Foundation/Http/Middleware/TransformsRequest.php(21): Illuminate\\Pipeline\\Pipeline->Illuminate\\Pipeline\\{closure}()
#29 /home/rakin/github/Projects/KasseControl/vendor/laravel/framework/src/Illuminate/Foundation/Http/Middleware/ConvertEmptyStringsToNull.php(31): Illuminate\\Foundation\\Http\\Middleware\\TransformsRequest->handle()
#30 /home/rakin/github/Projects/KasseControl/vendor/laravel/framework/src/Illuminate/Pipeline/Pipeline.php(183): Illuminate\\Foundation\\Http\\Middleware\\ConvertEmptyStringsToNull->handle()
#31 /home/rakin/github/Projects/KasseControl/vendor/laravel/framework/src/Illuminate/Foundation/Http/Middleware/TransformsRequest.php(21): Illuminate\\Pipeline\\Pipeline->Illuminate\\Pipeline\\{closure}()
#32 /home/rakin/github/Projects/KasseControl/vendor/laravel/framework/src/Illuminate/Foundation/Http/Middleware/TrimStrings.php(40): Illuminate\\Foundation\\Http\\Middleware\\TransformsRequest->handle()
#33 /home/rakin/github/Projects/KasseControl/vendor/laravel/framework/src/Illuminate/Pipeline/Pipeline.php(183): Illuminate\\Foundation\\Http\\Middleware\\TrimStrings->handle()
#34 /home/rakin/github/Projects/KasseControl/vendor/laravel/framework/src/Illuminate/Foundation/Http/Middleware/ValidatePostSize.php(27): Illuminate\\Pipeline\\Pipeline->Illuminate\\Pipeline\\{closure}()
#35 /home/rakin/github/Projects/KasseControl/vendor/laravel/framework/src/Illuminate/Pipeline/Pipeline.php(183): Illuminate\\Foundation\\Http\\Middleware\\ValidatePostSize->handle()
#36 /home/rakin/github/Projects/KasseControl/vendor/laravel/framework/src/Illuminate/Foundation/Http/Middleware/PreventRequestsDuringMaintenance.php(99): Illuminate\\Pipeline\\Pipeline->Illuminate\\Pipeline\\{closure}()
#37 /home/rakin/github/Projects/KasseControl/vendor/laravel/framework/src/Illuminate/Pipeline/Pipeline.php(183): Illuminate\\Foundation\\Http\\Middleware\\PreventRequestsDuringMaintenance->handle()
#38 /home/rakin/github/Projects/KasseControl/vendor/laravel/framework/src/Illuminate/Http/Middleware/HandleCors.php(49): Illuminate\\Pipeline\\Pipeline->Illuminate\\Pipeline\\{closure}()
#39 /home/rakin/github/Projects/KasseControl/vendor/laravel/framework/src/Illuminate/Pipeline/Pipeline.php(183): Illuminate\\Http\\Middleware\\HandleCors->handle()
#40 /home/rakin/github/Projects/KasseControl/vendor/laravel/framework/src/Illuminate/Http/Middleware/TrustProxies.php(39): Illuminate\\Pipeline\\Pipeline->Illuminate\\Pipeline\\{closure}()
#41 /home/rakin/github/Projects/KasseControl/vendor/laravel/framework/src/Illuminate/Pipeline/Pipeline.php(183): Illuminate\\Http\\Middleware\\TrustProxies->handle()
#42 /home/rakin/github/Projects/KasseControl/vendor/laravel/framework/src/Illuminate/Pipeline/Pipeline.php(119): Illuminate\\Pipeline\\Pipeline->Illuminate\\Pipeline\\{closure}()
#43 /home/rakin/github/Projects/KasseControl/vendor/laravel/framework/src/Illuminate/Foundation/Http/Kernel.php(175): Illuminate\\Pipeline\\Pipeline->then()
#44 /home/rakin/github/Projects/KasseControl/vendor/laravel/framework/src/Illuminate/Foundation/Http/Kernel.php(144): Illuminate\\Foundation\\Http\\Kernel->sendRequestThroughRouter()
#45 /home/rakin/github/Projects/KasseControl/public/index.php(21): Illuminate\\Foundation\\Http\\Kernel->handle()
#46 /home/rakin/github/Projects/KasseControl/vendor/laravel/framework/src/Illuminate/Foundation/resources/server.php(16): require_once('...')
#47 {main}
"} 
[2025-11-11 21:53:55] laravel.EMERGENCY: Unable to create configured logger. Using emergency logger. {"exception":"[object] (InvalidArgumentException(code: 0): Log [] is not defined. at /home/rakin/github/Projects/KasseControl/vendor/laravel/framework/src/Illuminate/Log/LogManager.php:212)
[stacktrace]
#0 /home/rakin/github/Projects/KasseControl/vendor/laravel/framework/src/Illuminate/Log/LogManager.php(137): Illuminate\\Log\\LogManager->resolve()
#1 /home/rakin/github/Projects/KasseControl/vendor/laravel/framework/src/Illuminate/Log/LogManager.php(124): Illuminate\\Log\\LogManager->get()
#2 /home/rakin/github/Projects/KasseControl/vendor/laravel/framework/src/Illuminate/Log/LogManager.php(681): Illuminate\\Log\\LogManager->driver()
#3 /home/rakin/github/Projects/KasseControl/vendor/laravel/framework/src/Illuminate/Foundation/Exceptions/Handler.php(317): Illuminate\\Log\\LogManager->error()
#4 /home/rakin/github/Projects/KasseControl/vendor/laravel/framework/src/Illuminate/Foundation/Exceptions/Handler.php(278): Illuminate\\Foundation\\Exceptions\\Handler->reportThrowable()
#5 /home/rakin/github/Projects/KasseControl/vendor/laravel/framework/src/Illuminate/Routing/Pipeline.php(49): Illuminate\\Foundation\\Exceptions\\Handler->report()
#6 /home/rakin/github/Projects/KasseControl/vendor/laravel/framework/src/Illuminate/Pipeline/Pipeline.php(188): Illuminate\\Routing\\Pipeline->handleException()
#7 /home/rakin/github/Projects/KasseControl/vendor/laravel/framework/src/Illuminate/Foundation/Http/Middleware/TransformsRequest.php(21): Illuminate\\Pipeline\\Pipeline->Illuminate\\Pipeline\\{closure}()
#8 /home/rakin/github/Projects/KasseControl/vendor/laravel/framework/src/Illuminate/Foundation/Http/Middleware/TrimStrings.php(40): Illuminate\\Foundation\\Http\\Middleware\\TransformsRequest->handle()
#9 /home/rakin/github/Projects/KasseControl/vendor/laravel/framework/src/Illuminate/Pipeline/Pipeline.php(183): Illuminate\\Foundation\\Http\\Middleware\\TrimStrings->handle()
#10 /home/rakin/github/Projects/KasseControl/vendor/laravel/framework/src/Illuminate/Foundation/Http/Middleware/ValidatePostSize.php(27): Illuminate\\Pipeline\\Pipeline->Illuminate\\Pipeline\\{closure}()
#11 /home/rakin/github/Projects/KasseControl/vendor/laravel/framework/src/Illuminate/Pipeline/Pipeline.php(183): Illuminate\\Foundation\\Http\\Middleware\\ValidatePostSize->handle()
#12 /home/rakin/github/Projects/KasseControl/vendor/laravel/framework/src/Illuminate/Foundation/Http/Middleware/PreventRequestsDuringMaintenance.php(99): Illuminate\\Pipeline\\Pipeline->Illuminate\\Pipeline\\{closure}()
#13 /home/rakin/github/Projects/KasseControl/vendor/laravel/framework/src/Illuminate/Pipeline/Pipeline.php(183): Illuminate\\Foundation\\Http\\Middleware\\PreventRequestsDuringMaintenance->handle()
#14 /home/rakin/github/Projects/KasseControl/vendor/laravel/framework/src/Illuminate/Http/Middleware/HandleCors.php(49): Illuminate\\Pipeline\\Pipeline->Illuminate\\Pipeline\\{closure}()
#15 /home/rakin/github/Projects/KasseControl/vendor/laravel/framework/src/Illuminate/Pipeline/Pipeline.php(183): Illuminate\\Http\\Middleware\\HandleCors->handle()
#16 /home/rakin/github/Projects/KasseControl/vendor/laravel/framework/src/Illuminate/Http/Middleware/TrustProxies.php(39): Illuminate\\Pipeline\\Pipeline->Illuminate\\Pipeline\\{closure}()
#17 /home/rakin/github/Projects/KasseControl/vendor/laravel/framework/src/Illuminate/Pipeline/Pipeline.php(183): Illuminate\\Http\\Middleware\\TrustProxies->handle()
#18 /home/rakin/github/Projects/KasseControl/vendor/laravel/framework/src/Illuminate/Pipeline/Pipeline.php(119): Illuminate\\Pipeline\\Pipeline->Illuminate\\Pipeline\\{closure}()
#19 /home/rakin/github/Projects/KasseControl/vendor/laravel/framework/src/Illuminate/Foundation/Http/Kernel.php(175): Illuminate\\Pipeline\\Pipeline->then()
#20 /home/rakin/github/Projects/KasseControl/vendor/laravel/framework/src/Illuminate/Foundation/Http/Kernel.php(144): Illuminate\\Foundation\\Http\\Kernel->sendRequestThroughRouter()
#21 /home/rakin/github/Projects/KasseControl/public/index.php(21): Illuminate\\Foundation\\Http\\Kernel->handle()
#22 /home/rakin/github/Projects/KasseControl/vendor/laravel/framework/src/Illuminate/Foundation/resources/server.php(16): require_once('...')
#23 {main}
"} 
[2025-11-11 21:53:55] laravel.ERROR: Unable to resolve NULL driver for [Illuminate\Session\SessionManager]. {"exception":"[object] (InvalidArgumentException(code: 0): Unable to resolve NULL driver for [Illuminate\\Session\\SessionManager]. at /home/rakin/github/Projects/KasseControl/vendor/laravel/framework/src/Illuminate/Support/Manager.php:71)
[stacktrace]
#0 /home/rakin/github/Projects/KasseControl/vendor/laravel/framework/src/Illuminate/Session/SessionServiceProvider.php(52): Illuminate\\Support\\Manager->driver()
#1 /home/rakin/github/Projects/KasseControl/vendor/laravel/framework/src/Illuminate/Container/Container.php(908): Illuminate\\Session\\SessionServiceProvider->Illuminate\\Session\\{closure}()
#2 /home/rakin/github/Projects/KasseControl/vendor/laravel/framework/src/Illuminate/Container/Container.php(795): Illuminate\\Container\\Container->build()
#3 /home/rakin/github/Projects/KasseControl/vendor/laravel/framework/src/Illuminate/Foundation/Application.php(986): Illuminate\\Container\\Container->resolve()
#4 /home/rakin/github/Projects/KasseControl/vendor/laravel/framework/src/Illuminate/Container/Container.php(731): Illuminate\\Foundation\\Application->resolve()
#5 /home/rakin/github/Projects/KasseControl/vendor/laravel/framework/src/Illuminate/Foundation/Application.php(971): Illuminate\\Container\\Container->make()
#6 /home/rakin/github/Projects/KasseControl/vendor/laravel/framework/src/Illuminate/Container/Container.php(1454): Illuminate\\Foundation\\Application->make()
#7 /home/rakin/github/Projects/KasseControl/vendor/laravel/framework/src/Illuminate/Routing/RoutingServiceProvider.php(120): Illuminate\\Container\\Container->offsetGet()
#8 /home/rakin/github/Projects/KasseControl/vendor/laravel/framework/src/Illuminate/Container/Container.php(908): Illuminate\\Routing\\RoutingServiceProvider->Illuminate\\Routing\\{closure}()
#9 /home/rakin/github/Projects/KasseControl/vendor/laravel/framework/src/Illuminate/Container/Container.php(795): Illuminate\\Container\\Container->build()
#10 /home/rakin/github/Projects/KasseControl/vendor/laravel/framework/src/Illuminate/Foundation/Application.php(986): Illuminate\\Container\\Container->resolve()
#11 /home/rakin/github/Projects/KasseControl/vendor/laravel/framework/src/Illuminate/Container/Container.php(731): Illuminate\\Foundation\\Application->resolve()
#12 /home/rakin/github/Projects/KasseControl/vendor/laravel/framework/src/Illuminate/Foundation/Application.php(971): Illuminate\\Container\\Container->make()
#13 /home/rakin/github/Projects/KasseControl/vendor/laravel/framework/src/Illuminate/Container/Container.php(1454): Illuminate\\Foundation\\Application->make()
#14 /home/rakin/github/Projects/KasseControl/vendor/laravel/framework/src/Illuminate/Routing/RoutingServiceProvider.php(182): Illuminate\\Container\\Container->offsetGet()
#15 /home/rakin/github/Projects/KasseControl/vendor/laravel/framework/src/Illuminate/Container/Container.php(908): Illuminate\\Routing\\RoutingServiceProvider->Illuminate\\Routing\\{closure}()
#16 /home/rakin/github/Projects/KasseControl/vendor/laravel/framework/src/Illuminate/Container/Container.php(795): Illuminate\\Container\\Container->build()
#17 /home/rakin/github/Projects/KasseControl/vendor/laravel/framework/src/Illuminate/Foundation/Application.php(986): Illuminate\\Container\\Container->resolve()
#18 /home/rakin/github/Projects/KasseControl/vendor/laravel/framework/src/Illuminate/Container/Container.php(731): Illuminate\\Foundation\\Application->resolve()
#19 /home/rakin/github/Projects/KasseControl/vendor/laravel/framework/src/Illuminate/Foundation/Application.php(971): Illuminate\\Container\\Container->make()
#20 /home/rakin/github/Projects/KasseControl/vendor/laravel/framework/src/Illuminate/Foundation/helpers.php(120): Illuminate\\Foundation\\Application->make()
#21 /home/rakin/github/Projects/KasseControl/vendor/laravel/framework/src/Illuminate/Foundation/helpers.php(790): app()
#22 /home/rakin/github/Projects/KasseControl/vendor/laravel/framework/src/Illuminate/Foundation/Exceptions/Handler.php(723): response()
#23 /home/rakin/github/Projects/KasseControl/vendor/laravel/framework/src/Illuminate/Foundation/Exceptions/Handler.php(650): Illuminate\\Foundation\\Exceptions\\Handler->renderHttpException()
#24 /home/rakin/github/Projects/KasseControl/vendor/laravel/framework/src/Illuminate/Foundation/Exceptions/Handler.php(556): Illuminate\\Foundation\\Exceptions\\Handler->prepareResponse()
#25 /home/rakin/github/Projects/KasseControl/vendor/laravel/framework/src/Illuminate/Foundation/Exceptions/Handler.php(473): Illuminate\\Foundation\\Exceptions\\Handler->renderExceptionResponse()
#26 /home/rakin/github/Projects/KasseControl/vendor/laravel/framework/src/Illuminate/Routing/Pipeline.php(51): Illuminate\\Foundation\\Exceptions\\Handler->render()
#27 /home/rakin/github/Projects/KasseControl/vendor/laravel/framework/src/Illuminate/Pipeline/Pipeline.php(146): Illuminate\\Routing\\Pipeline->handleException()
#28 /home/rakin/github/Projects/KasseControl/vendor/laravel/framework/src/Illuminate/Foundation/Http/Middleware/TransformsRequest.php(21): Illuminate\\Pipeline\\Pipeline->Illuminate\\Pipeline\\{closure}()
#29 /home/rakin/github/Projects/KasseControl/vendor/laravel/framework/src/Illuminate/Foundation/Http/Middleware/ConvertEmptyStringsToNull.php(31): Illuminate\\Foundation\\Http\\Middleware\\TransformsRequest->handle()
#30 /home/rakin/github/Projects/KasseControl/vendor/laravel/framework/src/Illuminate/Pipeline/Pipeline.php(183): Illuminate\\Foundation\\Http\\Middleware\\ConvertEmptyStringsToNull->handle()
#31 /home/rakin/github/Projects/KasseControl/vendor/laravel/framework/src/Illuminate/Foundation/Http/Middleware/TransformsRequest.php(21): Illuminate\\Pipeline\\Pipeline->Illuminate\\Pipeline\\{closure}()
#32 /home/rakin/github/Projects/KasseControl/vendor/laravel/framework/src/Illuminate/Foundation/Http/Middleware/TrimStrings.php(40): Illuminate\\Foundation\\Http\\Middleware\\TransformsRequest->handle()
#33 /home/rakin/github/Projects/KasseControl/vendor/laravel/framework/src/Illuminate/Pipeline/Pipeline.php(183): Illuminate\\Foundation\\Http\\Middleware\\TrimStrings->handle()
#34 /home/rakin/github/Projects/KasseControl/vendor/laravel/framework/src/Illuminate/Foundation/Http/Middleware/ValidatePostSize.php(27): Illuminate\\Pipeline\\Pipeline->Illuminate\\Pipeline\\{closure}()
#35 /home/rakin/github/Projects/KasseControl/vendor/laravel/framework/src/Illuminate/Pipeline/Pipeline.php(183): Illuminate\\Foundation\\Http\\Middleware\\ValidatePostSize->handle()
#36 /home/rakin/github/Projects/KasseControl/vendor/laravel/framework/src/Illuminate/Foundation/Http/Middleware/PreventRequestsDuringMaintenance.php(99): Illuminate\\Pipeline\\Pipeline->Illuminate\\Pipeline\\{closure}()
#37 /home/rakin/github/Projects/KasseControl/vendor/laravel/framework/src/Illuminate/Pipeline/Pipeline.php(183): Illuminate\\Foundation\\Http\\Middleware\\PreventRequestsDuringMaintenance->handle()
#38 /home/rakin/github/Projects/KasseControl/vendor/laravel/framework/src/Illuminate/Http/Middleware/HandleCors.php(49): Illuminate\\Pipeline\\Pipeline->Illuminate\\Pipeline\\{closure}()
#39 /home/rakin/github/Projects/KasseControl/vendor/laravel/framework/src/Illuminate/Pipeline/Pipeline.php(183): Illuminate\\Http\\Middleware\\HandleCors->handle()
#40 /home/rakin/github/Projects/KasseControl/vendor/laravel/framework/src/Illuminate/Http/Middleware/TrustProxies.php(39): Illuminate\\Pipeline\\Pipeline->Illuminate\\Pipeline\\{closure}()
#41 /home/rakin/github/Projects/KasseControl/vendor/laravel/framework/src/Illuminate/Pipeline/Pipeline.php(183): Illuminate\\Http\\Middleware\\TrustProxies->handle()
#42 /home/rakin/github/Projects/KasseControl/vendor/laravel/framework/src/Illuminate/Pipeline/Pipeline.php(119): Illuminate\\Pipeline\\Pipeline->Illuminate\\Pipeline\\{closure}()
#43 /home/rakin/github/Projects/KasseControl/vendor/laravel/framework/src/Illuminate/Foundation/Http/Kernel.php(175): Illuminate\\Pipeline\\Pipeline->then()
#44 /home/rakin/github/Projects/KasseControl/vendor/laravel/framework/src/Illuminate/Foundation/Http/Kernel.php(144): Illuminate\\Foundation\\Http\\Kernel->sendRequestThroughRouter()
#45 /home/rakin/github/Projects/KasseControl/public/index.php(21): Illuminate\\Foundation\\Http\\Kernel->handle()
#46 /home/rakin/github/Projects/KasseControl/vendor/laravel/framework/src/Illuminate/Foundation/resources/server.php(16): require_once('...')
#47 {main}
"} 
[2025-11-11 21:56:55] laravel.EMERGENCY: Unable to create configured logger. Using emergency logger. {"exception":"[object] (InvalidArgumentException(code: 0): Log [] is not defined. at /home/rakin/github/Projects/KasseControl/vendor/laravel/framework/src/Illuminate/Log/LogManager.php:212)
[stacktrace]
#0 /home/rakin/github/Projects/KasseControl/vendor/laravel/framework/src/Illuminate/Log/LogManager.php(137): Illuminate\\Log\\LogManager->resolve()
#1 /home/rakin/github/Projects/KasseControl/vendor/laravel/framework/src/Illuminate/Log/LogManager.php(124): Illuminate\\Log\\LogManager->get()
#2 /home/rakin/github/Projects/KasseControl/vendor/laravel/framework/src/Illuminate/Log/LogManager.php(681): Illuminate\\Log\\LogManager->driver()
#3 /home/rakin/github/Projects/KasseControl/vendor/laravel/framework/src/Illuminate/Foundation/Exceptions/Handler.php(317): Illuminate\\Log\\LogManager->error()
#4 /home/rakin/github/Projects/KasseControl/vendor/laravel/framework/src/Illuminate/Foundation/Exceptions/Handler.php(278): Illuminate\\Foundation\\Exceptions\\Handler->reportThrowable()
#5 /home/rakin/github/Projects/KasseControl/vendor/nunomaduro/collision/src/Adapters/Laravel/ExceptionHandler.php(46): Illuminate\\Foundation\\Exceptions\\Handler->report()
#6 /home/rakin/github/Projects/KasseControl/vendor/laravel/framework/src/Illuminate/Foundation/Console/Kernel.php(523): NunoMaduro\\Collision\\Adapters\\Laravel\\ExceptionHandler->report()
#7 /home/rakin/github/Projects/KasseControl/vendor/laravel/framework/src/Illuminate/Foundation/Console/Kernel.php(203): Illuminate\\Foundation\\Console\\Kernel->reportException()
#8 /home/rakin/github/Projects/KasseControl/artisan(12): Illuminate\\Foundation\\Console\\Kernel->handle()
#9 {main}
"} 
[2025-11-11 21:56:55] laravel.ERROR: Class "App\Http\Controllers\CategoryController" does not exist {"exception":"[object] (ReflectionException(code: -1): Class \"App\\Http\\Controllers\\CategoryController\" does not exist at /home/rakin/github/Projects/KasseControl/vendor/laravel/framework/src/Illuminate/Foundation/Console/RouteListCommand.php:225)
[stacktrace]
#0 /home/rakin/github/Projects/KasseControl/vendor/laravel/framework/src/Illuminate/Foundation/Console/RouteListCommand.php(225): ReflectionClass->__construct()
#1 /home/rakin/github/Projects/KasseControl/vendor/laravel/framework/src/Illuminate/Foundation/Console/RouteListCommand.php(147): Illuminate\\Foundation\\Console\\RouteListCommand->isVendorRoute()
#2 /home/rakin/github/Projects/KasseControl/vendor/laravel/framework/src/Illuminate/Foundation/Console/RouteListCommand.php(116): Illuminate\\Foundation\\Console\\RouteListCommand->getRouteInformation()
#3 [internal function]: Illuminate\\Foundation\\Console\\RouteListCommand->Illuminate\\Foundation\\Console\\{closure}()
#4 /home/rakin/github/Projects/KasseControl/vendor/laravel/framework/src/Illuminate/Collections/Arr.php(600): array_map()
#5 /home/rakin/github/Projects/KasseControl/vendor/laravel/framework/src/Illuminate/Collections/Collection.php(778): Illuminate\\Support\\Arr::map()
#6 /home/rakin/github/Projects/KasseControl/vendor/laravel/framework/src/Illuminate/Foundation/Console/RouteListCommand.php(115): Illuminate\\Support\\Collection->map()
#7 /home/rakin/github/Projects/KasseControl/vendor/laravel/framework/src/Illuminate/Foundation/Console/RouteListCommand.php(101): Illuminate\\Foundation\\Console\\RouteListCommand->getRoutes()
#8 /home/rakin/github/Projects/KasseControl/vendor/laravel/framework/src/Illuminate/Container/BoundMethod.php(36): Illuminate\\Foundation\\Console\\RouteListCommand->handle()
#9 /home/rakin/github/Projects/KasseControl/vendor/laravel/framework/src/Illuminate/Container/Util.php(41): Illuminate\\Container\\BoundMethod::Illuminate\\Container\\{closure}()
#10 /home/rakin/github/Projects/KasseControl/vendor/laravel/framework/src/Illuminate/Container/BoundMethod.php(93): Illuminate\\Container\\Util::unwrapIfClosure()
#11 /home/rakin/github/Projects/KasseControl/vendor/laravel/framework/src/Illuminate/Container/BoundMethod.php(35): Illuminate\\Container\\BoundMethod::callBoundMethod()
#12 /home/rakin/github/Projects/KasseControl/vendor/laravel/framework/src/Illuminate/Container/Container.php(662): Illuminate\\Container\\BoundMethod::call()
#13 /home/rakin/github/Projects/KasseControl/vendor/laravel/framework/src/Illuminate/Console/Command.php(211): Illuminate\\Container\\Container->call()
#14 /home/rakin/github/Projects/KasseControl/vendor/symfony/console/Command/Command.php(326): Illuminate\\Console\\Command->execute()
#15 /home/rakin/github/Projects/KasseControl/vendor/laravel/framework/src/Illuminate/Console/Command.php(180): Symfony\\Component\\Console\\Command\\Command->run()
#16 /home/rakin/github/Projects/KasseControl/vendor/symfony/console/Application.php(1088): Illuminate\\Console\\Command->run()
#17 /home/rakin/github/Projects/KasseControl/vendor/symfony/console/Application.php(324): Symfony\\Component\\Console\\Application->doRunCommand()
#18 /home/rakin/github/Projects/KasseControl/vendor/symfony/console/Application.php(175): Symfony\\Component\\Console\\Application->doRun()
#19 /home/rakin/github/Projects/KasseControl/vendor/laravel/framework/src/Illuminate/Foundation/Console/Kernel.php(201): Symfony\\Component\\Console\\Application->run()
#20 /home/rakin/github/Projects/KasseControl/artisan(12): Illuminate\\Foundation\\Console\\Kernel->handle()
#21 {main}
"} 
[2025-11-11 21:57:42] laravel.EMERGENCY: Unable to create configured logger. Using emergency logger. {"exception":"[object] (InvalidArgumentException(code: 0): Log [] is not defined. at /home/rakin/github/Projects/KasseControl/vendor/laravel/framework/src/Illuminate/Log/LogManager.php:212)
[stacktrace]
#0 /home/rakin/github/Projects/KasseControl/vendor/laravel/framework/src/Illuminate/Log/LogManager.php(137): Illuminate\\Log\\LogManager->resolve()
#1 /home/rakin/github/Projects/KasseControl/vendor/laravel/framework/src/Illuminate/Log/LogManager.php(124): Illuminate\\Log\\LogManager->get()
#2 /home/rakin/github/Projects/KasseControl/vendor/laravel/framework/src/Illuminate/Log/LogManager.php(681): Illuminate\\Log\\LogManager->driver()
#3 /home/rakin/github/Projects/KasseControl/vendor/laravel/framework/src/Illuminate/Foundation/Exceptions/Handler.php(317): Illuminate\\Log\\LogManager->error()
#4 /home/rakin/github/Projects/KasseControl/vendor/laravel/framework/src/Illuminate/Foundation/Exceptions/Handler.php(278): Illuminate\\Foundation\\Exceptions\\Handler->reportThrowable()
#5 /home/rakin/github/Projects/KasseControl/vendor/laravel/framework/src/Illuminate/Routing/Pipeline.php(49): Illuminate\\Foundation\\Exceptions\\Handler->report()
#6 /home/rakin/github/Projects/KasseControl/vendor/laravel/framework/src/Illuminate/Pipeline/Pipeline.php(188): Illuminate\\Routing\\Pipeline->handleException()
#7 /home/rakin/github/Projects/KasseControl/vendor/laravel/framework/src/Illuminate/Routing/Middleware/SubstituteBindings.php(50): Illuminate\\Pipeline\\Pipeline->Illuminate\\Pipeline\\{closure}()
#8 /home/rakin/github/Projects/KasseControl/vendor/laravel/framework/src/Illuminate/Pipeline/Pipeline.php(183): Illuminate\\Routing\\Middleware\\SubstituteBindings->handle()
#9 /home/rakin/github/Projects/KasseControl/vendor/laravel/framework/src/Illuminate/Foundation/Http/Middleware/VerifyCsrfToken.php(78): Illuminate\\Pipeline\\Pipeline->Illuminate\\Pipeline\\{closure}()
#10 /home/rakin/github/Projects/KasseControl/vendor/laravel/framework/src/Illuminate/Pipeline/Pipeline.php(183): Illuminate\\Foundation\\Http\\Middleware\\VerifyCsrfToken->handle()
#11 /home/rakin/github/Projects/KasseControl/vendor/laravel/framework/src/Illuminate/View/Middleware/ShareErrorsFromSession.php(49): Illuminate\\Pipeline\\Pipeline->Illuminate\\Pipeline\\{closure}()
#12 /home/rakin/github/Projects/KasseControl/vendor/laravel/framework/src/Illuminate/Pipeline/Pipeline.php(183): Illuminate\\View\\Middleware\\ShareErrorsFromSession->handle()
#13 /home/rakin/github/Projects/KasseControl/vendor/laravel/framework/src/Illuminate/Session/Middleware/StartSession.php(121): Illuminate\\Pipeline\\Pipeline->Illuminate\\Pipeline\\{closure}()
#14 /home/rakin/github/Projects/KasseControl/vendor/laravel/framework/src/Illuminate/Session/Middleware/StartSession.php(64): Illuminate\\Session\\Middleware\\StartSession->handleStatefulRequest()
#15 /home/rakin/github/Projects/KasseControl/vendor/laravel/framework/src/Illuminate/Pipeline/Pipeline.php(183): Illuminate\\Session\\Middleware\\StartSession->handle()
#16 /home/rakin/github/Projects/KasseControl/vendor/laravel/framework/src/Illuminate/Cookie/Middleware/AddQueuedCookiesToResponse.php(37): Illuminate\\Pipeline\\Pipeline->Illuminate\\Pipeline\\{closure}()
#17 /home/rakin/github/Projects/KasseControl/vendor/laravel/framework/src/Illuminate/Pipeline/Pipeline.php(183): Illuminate\\Cookie\\Middleware\\AddQueuedCookiesToResponse->handle()
#18 /home/rakin/github/Projects/KasseControl/vendor/laravel/framework/src/Illuminate/Cookie/Middleware/EncryptCookies.php(67): Illuminate\\Pipeline\\Pipeline->Illuminate\\Pipeline\\{closure}()
#19 /home/rakin/github/Projects/KasseControl/vendor/laravel/framework/src/Illuminate/Pipeline/Pipeline.php(183): Illuminate\\Cookie\\Middleware\\EncryptCookies->handle()
#20 /home/rakin/github/Projects/KasseControl/vendor/laravel/framework/src/Illuminate/Pipeline/Pipeline.php(119): Illuminate\\Pipeline\\Pipeline->Illuminate\\Pipeline\\{closure}()
#21 /home/rakin/github/Projects/KasseControl/vendor/laravel/framework/src/Illuminate/Routing/Router.php(805): Illuminate\\Pipeline\\Pipeline->then()
#22 /home/rakin/github/Projects/KasseControl/vendor/laravel/framework/src/Illuminate/Routing/Router.php(784): Illuminate\\Routing\\Router->runRouteWithinStack()
#23 /home/rakin/github/Projects/KasseControl/vendor/laravel/framework/src/Illuminate/Routing/Router.php(748): Illuminate\\Routing\\Router->runRoute()
#24 /home/rakin/github/Projects/KasseControl/vendor/laravel/framework/src/Illuminate/Routing/Router.php(737): Illuminate\\Routing\\Router->dispatchToRoute()
#25 /home/rakin/github/Projects/KasseControl/vendor/laravel/framework/src/Illuminate/Foundation/Http/Kernel.php(200): Illuminate\\Routing\\Router->dispatch()
#26 /home/rakin/github/Projects/KasseControl/vendor/laravel/framework/src/Illuminate/Pipeline/Pipeline.php(144): Illuminate\\Foundation\\Http\\Kernel->Illuminate\\Foundation\\Http\\{closure}()
#27 /home/rakin/github/Projects/KasseControl/vendor/laravel/framework/src/Illuminate/Foundation/Http/Middleware/TransformsRequest.php(21): Illuminate\\Pipeline\\Pipeline->Illuminate\\Pipeline\\{closure}()
#28 /home/rakin/github/Projects/KasseControl/vendor/laravel/framework/src/Illuminate/Foundation/Http/Middleware/ConvertEmptyStringsToNull.php(31): Illuminate\\Foundation\\Http\\Middleware\\TransformsRequest->handle()
#29 /home/rakin/github/Projects/KasseControl/vendor/laravel/framework/src/Illuminate/Pipeline/Pipeline.php(183): Illuminate\\Foundation\\Http\\Middleware\\ConvertEmptyStringsToNull->handle()
#30 /home/rakin/github/Projects/KasseControl/vendor/laravel/framework/src/Illuminate/Foundation/Http/Middleware/TransformsRequest.php(21): Illuminate\\Pipeline\\Pipeline->Illuminate\\Pipeline\\{closure}()
#31 /home/rakin/github/Projects/KasseControl/vendor/laravel/framework/src/Illuminate/Foundation/Http/Middleware/TrimStrings.php(40): Illuminate\\Foundation\\Http\\Middleware\\TransformsRequest->handle()
#32 /home/rakin/github/Projects/KasseControl/vendor/laravel/framework/src/Illuminate/Pipeline/Pipeline.php(183): Illuminate\\Foundation\\Http\\Middleware\\TrimStrings->handle()
#33 /home/rakin/github/Projects/KasseControl/vendor/laravel/framework/src/Illuminate/Foundation/Http/Middleware/ValidatePostSize.php(27): Illuminate\\Pipeline\\Pipeline->Illuminate\\Pipeline\\{closure}()
#34 /home/rakin/github/Projects/KasseControl/vendor/laravel/framework/src/Illuminate/Pipeline/Pipeline.php(183): Illuminate\\Foundation\\Http\\Middleware\\ValidatePostSize->handle()
#35 /home/rakin/github/Projects/KasseControl/vendor/laravel/framework/src/Illuminate/Foundation/Http/Middleware/PreventRequestsDuringMaintenance.php(99): Illuminate\\Pipeline\\Pipeline->Illuminate\\Pipeline\\{closure}()
#36 /home/rakin/github/Projects/KasseControl/vendor/laravel/framework/src/Illuminate/Pipeline/Pipeline.php(183): Illuminate\\Foundation\\Http\\Middleware\\PreventRequestsDuringMaintenance->handle()
#37 /home/rakin/github/Projects/KasseControl/vendor/laravel/framework/src/Illuminate/Http/Middleware/HandleCors.php(49): Illuminate\\Pipeline\\Pipeline->Illuminate\\Pipeline\\{closure}()
#38 /home/rakin/github/Projects/KasseControl/vendor/laravel/framework/src/Illuminate/Pipeline/Pipeline.php(183): Illuminate\\Http\\Middleware\\HandleCors->handle()
#39 /home/rakin/github/Projects/KasseControl/vendor/laravel/framework/src/Illuminate/Http/Middleware/TrustProxies.php(39): Illuminate\\Pipeline\\Pipeline->Illuminate\\Pipeline\\{closure}()
#40 /home/rakin/github/Projects/KasseControl/vendor/laravel/framework/src/Illuminate/Pipeline/Pipeline.php(183): Illuminate\\Http\\Middleware\\TrustProxies->handle()
#41 /home/rakin/github/Projects/KasseControl/vendor/laravel/framework/src/Illuminate/Pipeline/Pipeline.php(119): Illuminate\\Pipeline\\Pipeline->Illuminate\\Pipeline\\{closure}()
#42 /home/rakin/github/Projects/KasseControl/vendor/laravel/framework/src/Illuminate/Foundation/Http/Kernel.php(175): Illuminate\\Pipeline\\Pipeline->then()
#43 /home/rakin/github/Projects/KasseControl/vendor/laravel/framework/src/Illuminate/Foundation/Http/Kernel.php(144): Illuminate\\Foundation\\Http\\Kernel->sendRequestThroughRouter()
#44 /home/rakin/github/Projects/KasseControl/public/index.php(21): Illuminate\\Foundation\\Http\\Kernel->handle()
#45 /home/rakin/github/Projects/KasseControl/vendor/laravel/framework/src/Illuminate/Foundation/resources/server.php(16): require_once('...')
#46 {main}
"} 
[2025-11-11 21:57:42] laravel.ERROR: Auth guard [] is not defined. {"exception":"[object] (InvalidArgumentException(code: 0): Auth guard [] is not defined. at /home/rakin/github/Projects/KasseControl/vendor/laravel/framework/src/Illuminate/Auth/AuthManager.php:86)
[stacktrace]
#0 /home/rakin/github/Projects/KasseControl/vendor/laravel/framework/src/Illuminate/Auth/AuthManager.php(70): Illuminate\\Auth\\AuthManager->resolve()
#1 /home/rakin/github/Projects/KasseControl/vendor/laravel/framework/src/Illuminate/Support/Facades/Facade.php(355): Illuminate\\Auth\\AuthManager->guard()
#2 /home/rakin/github/Projects/KasseControl/app/Http/Middleware/RedirectIfAuthenticated.php(21): Illuminate\\Support\\Facades\\Facade::__callStatic()
#3 /home/rakin/github/Projects/KasseControl/vendor/laravel/framework/src/Illuminate/Pipeline/Pipeline.php(183): App\\Http\\Middleware\\RedirectIfAuthenticated->handle()
#4 /home/rakin/github/Projects/KasseControl/vendor/laravel/framework/src/Illuminate/Routing/Middleware/SubstituteBindings.php(50): Illuminate\\Pipeline\\Pipeline->Illuminate\\Pipeline\\{closure}()
#5 /home/rakin/github/Projects/KasseControl/vendor/laravel/framework/src/Illuminate/Pipeline/Pipeline.php(183): Illuminate\\Routing\\Middleware\\SubstituteBindings->handle()
#6 /home/rakin/github/Projects/KasseControl/vendor/laravel/framework/src/Illuminate/Foundation/Http/Middleware/VerifyCsrfToken.php(78): Illuminate\\Pipeline\\Pipeline->Illuminate\\Pipeline\\{closure}()
#7 /home/rakin/github/Projects/KasseControl/vendor/laravel/framework/src/Illuminate/Pipeline/Pipeline.php(183): Illuminate\\Foundation\\Http\\Middleware\\VerifyCsrfToken->handle()
#8 /home/rakin/github/Projects/KasseControl/vendor/laravel/framework/src/Illuminate/View/Middleware/ShareErrorsFromSession.php(49): Illuminate\\Pipeline\\Pipeline->Illuminate\\Pipeline\\{closure}()
#9 /home/rakin/github/Projects/KasseControl/vendor/laravel/framework/src/Illuminate/Pipeline/Pipeline.php(183): Illuminate\\View\\Middleware\\ShareErrorsFromSession->handle()
#10 /home/rakin/github/Projects/KasseControl/vendor/laravel/framework/src/Illuminate/Session/Middleware/StartSession.php(121): Illuminate\\Pipeline\\Pipeline->Illuminate\\Pipeline\\{closure}()
#11 /home/rakin/github/Projects/KasseControl/vendor/laravel/framework/src/Illuminate/Session/Middleware/StartSession.php(64): Illuminate\\Session\\Middleware\\StartSession->handleStatefulRequest()
#12 /home/rakin/github/Projects/KasseControl/vendor/laravel/framework/src/Illuminate/Pipeline/Pipeline.php(183): Illuminate\\Session\\Middleware\\StartSession->handle()
#13 /home/rakin/github/Projects/KasseControl/vendor/laravel/framework/src/Illuminate/Cookie/Middleware/AddQueuedCookiesToResponse.php(37): Illuminate\\Pipeline\\Pipeline->Illuminate\\Pipeline\\{closure}()
#14 /home/rakin/github/Projects/KasseControl/vendor/laravel/framework/src/Illuminate/Pipeline/Pipeline.php(183): Illuminate\\Cookie\\Middleware\\AddQueuedCookiesToResponse->handle()
#15 /home/rakin/github/Projects/KasseControl/vendor/laravel/framework/src/Illuminate/Cookie/Middleware/EncryptCookies.php(67): Illuminate\\Pipeline\\Pipeline->Illuminate\\Pipeline\\{closure}()
#16 /home/rakin/github/Projects/KasseControl/vendor/laravel/framework/src/Illuminate/Pipeline/Pipeline.php(183): Illuminate\\Cookie\\Middleware\\EncryptCookies->handle()
#17 /home/rakin/github/Projects/KasseControl/vendor/laravel/framework/src/Illuminate/Pipeline/Pipeline.php(119): Illuminate\\Pipeline\\Pipeline->Illuminate\\Pipeline\\{closure}()
#18 /home/rakin/github/Projects/KasseControl/vendor/laravel/framework/src/Illuminate/Routing/Router.php(805): Illuminate\\Pipeline\\Pipeline->then()
#19 /home/rakin/github/Projects/KasseControl/vendor/laravel/framework/src/Illuminate/Routing/Router.php(784): Illuminate\\Routing\\Router->runRouteWithinStack()
#20 /home/rakin/github/Projects/KasseControl/vendor/laravel/framework/src/Illuminate/Routing/Router.php(748): Illuminate\\Routing\\Router->runRoute()
#21 /home/rakin/github/Projects/KasseControl/vendor/laravel/framework/src/Illuminate/Routing/Router.php(737): Illuminate\\Routing\\Router->dispatchToRoute()
#22 /home/rakin/github/Projects/KasseControl/vendor/laravel/framework/src/Illuminate/Foundation/Http/Kernel.php(200): Illuminate\\Routing\\Router->dispatch()
#23 /home/rakin/github/Projects/KasseControl/vendor/laravel/framework/src/Illuminate/Pipeline/Pipeline.php(144): Illuminate\\Foundation\\Http\\Kernel->Illuminate\\Foundation\\Http\\{closure}()
#24 /home/rakin/github/Projects/KasseControl/vendor/laravel/framework/src/Illuminate/Foundation/Http/Middleware/TransformsRequest.php(21): Illuminate\\Pipeline\\Pipeline->Illuminate\\Pipeline\\{closure}()
#25 /home/rakin/github/Projects/KasseControl/vendor/laravel/framework/src/Illuminate/Foundation/Http/Middleware/ConvertEmptyStringsToNull.php(31): Illuminate\\Foundation\\Http\\Middleware\\TransformsRequest->handle()
#26 /home/rakin/github/Projects/KasseControl/vendor/laravel/framework/src/Illuminate/Pipeline/Pipeline.php(183): Illuminate\\Foundation\\Http\\Middleware\\ConvertEmptyStringsToNull->handle()
#27 /home/rakin/github/Projects/KasseControl/vendor/laravel/framework/src/Illuminate/Foundation/Http/Middleware/TransformsRequest.php(21): Illuminate\\Pipeline\\Pipeline->Illuminate\\Pipeline\\{closure}()
#28 /home/rakin/github/Projects/KasseControl/vendor/laravel/framework/src/Illuminate/Foundation/Http/Middleware/TrimStrings.php(40): Illuminate\\Foundation\\Http\\Middleware\\TransformsRequest->handle()
#29 /home/rakin/github/Projects/KasseControl/vendor/laravel/framework/src/Illuminate/Pipeline/Pipeline.php(183): Illuminate\\Foundation\\Http\\Middleware\\TrimStrings->handle()
#30 /home/rakin/github/Projects/KasseControl/vendor/laravel/framework/src/Illuminate/Foundation/Http/Middleware/ValidatePostSize.php(27): Illuminate\\Pipeline\\Pipeline->Illuminate\\Pipeline\\{closure}()
#31 /home/rakin/github/Projects/KasseControl/vendor/laravel/framework/src/Illuminate/Pipeline/Pipeline.php(183): Illuminate\\Foundation\\Http\\Middleware\\ValidatePostSize->handle()
#32 /home/rakin/github/Projects/KasseControl/vendor/laravel/framework/src/Illuminate/Foundation/Http/Middleware/PreventRequestsDuringMaintenance.php(99): Illuminate\\Pipeline\\Pipeline->Illuminate\\Pipeline\\{closure}()
#33 /home/rakin/github/Projects/KasseControl/vendor/laravel/framework/src/Illuminate/Pipeline/Pipeline.php(183): Illuminate\\Foundation\\Http\\Middleware\\PreventRequestsDuringMaintenance->handle()
#34 /home/rakin/github/Projects/KasseControl/vendor/laravel/framework/src/Illuminate/Http/Middleware/HandleCors.php(49): Illuminate\\Pipeline\\Pipeline->Illuminate\\Pipeline\\{closure}()
#35 /home/rakin/github/Projects/KasseControl/vendor/laravel/framework/src/Illuminate/Pipeline/Pipeline.php(183): Illuminate\\Http\\Middleware\\HandleCors->handle()
#36 /home/rakin/github/Projects/KasseControl/vendor/laravel/framework/src/Illuminate/Http/Middleware/TrustProxies.php(39): Illuminate\\Pipeline\\Pipeline->Illuminate\\Pipeline\\{closure}()
#37 /home/rakin/github/Projects/KasseControl/vendor/laravel/framework/src/Illuminate/Pipeline/Pipeline.php(183): Illuminate\\Http\\Middleware\\TrustProxies->handle()
#38 /home/rakin/github/Projects/KasseControl/vendor/laravel/framework/src/Illuminate/Pipeline/Pipeline.php(119): Illuminate\\Pipeline\\Pipeline->Illuminate\\Pipeline\\{closure}()
#39 /home/rakin/github/Projects/KasseControl/vendor/laravel/framework/src/Illuminate/Foundation/Http/Kernel.php(175): Illuminate\\Pipeline\\Pipeline->then()
#40 /home/rakin/github/Projects/KasseControl/vendor/laravel/framework/src/Illuminate/Foundation/Http/Kernel.php(144): Illuminate\\Foundation\\Http\\Kernel->sendRequestThroughRouter()
#41 /home/rakin/github/Projects/KasseControl/public/index.php(21): Illuminate\\Foundation\\Http\\Kernel->handle()
#42 /home/rakin/github/Projects/KasseControl/vendor/laravel/framework/src/Illuminate/Foundation/resources/server.php(16): require_once('...')
#43 {main}
"} 
[2025-11-11 21:58:47] laravel.EMERGENCY: Unable to create configured logger. Using emergency logger. {"exception":"[object] (InvalidArgumentException(code: 0): Log [] is not defined. at /home/rakin/github/Projects/KasseControl/vendor/laravel/framework/src/Illuminate/Log/LogManager.php:212)
[stacktrace]
#0 /home/rakin/github/Projects/KasseControl/vendor/laravel/framework/src/Illuminate/Log/LogManager.php(137): Illuminate\\Log\\LogManager->resolve()
#1 /home/rakin/github/Projects/KasseControl/vendor/laravel/framework/src/Illuminate/Log/LogManager.php(124): Illuminate\\Log\\LogManager->get()
#2 /home/rakin/github/Projects/KasseControl/vendor/laravel/framework/src/Illuminate/Log/LogManager.php(681): Illuminate\\Log\\LogManager->driver()
#3 /home/rakin/github/Projects/KasseControl/vendor/laravel/framework/src/Illuminate/Foundation/Exceptions/Handler.php(317): Illuminate\\Log\\LogManager->error()
#4 /home/rakin/github/Projects/KasseControl/vendor/laravel/framework/src/Illuminate/Foundation/Exceptions/Handler.php(278): Illuminate\\Foundation\\Exceptions\\Handler->reportThrowable()
#5 /home/rakin/github/Projects/KasseControl/vendor/laravel/framework/src/Illuminate/Routing/Pipeline.php(49): Illuminate\\Foundation\\Exceptions\\Handler->report()
#6 /home/rakin/github/Projects/KasseControl/vendor/laravel/framework/src/Illuminate/Pipeline/Pipeline.php(146): Illuminate\\Routing\\Pipeline->handleException()
#7 /home/rakin/github/Projects/KasseControl/app/Http/Middleware/RedirectIfAuthenticated.php(26): Illuminate\\Pipeline\\Pipeline->Illuminate\\Pipeline\\{closure}()
#8 /home/rakin/github/Projects/KasseControl/vendor/laravel/framework/src/Illuminate/Pipeline/Pipeline.php(183): App\\Http\\Middleware\\RedirectIfAuthenticated->handle()
#9 /home/rakin/github/Projects/KasseControl/vendor/laravel/framework/src/Illuminate/Routing/Middleware/SubstituteBindings.php(50): Illuminate\\Pipeline\\Pipeline->Illuminate\\Pipeline\\{closure}()
#10 /home/rakin/github/Projects/KasseControl/vendor/laravel/framework/src/Illuminate/Pipeline/Pipeline.php(183): Illuminate\\Routing\\Middleware\\SubstituteBindings->handle()
#11 /home/rakin/github/Projects/KasseControl/vendor/laravel/framework/src/Illuminate/Foundation/Http/Middleware/VerifyCsrfToken.php(78): Illuminate\\Pipeline\\Pipeline->Illuminate\\Pipeline\\{closure}()
#12 /home/rakin/github/Projects/KasseControl/vendor/laravel/framework/src/Illuminate/Pipeline/Pipeline.php(183): Illuminate\\Foundation\\Http\\Middleware\\VerifyCsrfToken->handle()
#13 /home/rakin/github/Projects/KasseControl/vendor/laravel/framework/src/Illuminate/View/Middleware/ShareErrorsFromSession.php(49): Illuminate\\Pipeline\\Pipeline->Illuminate\\Pipeline\\{closure}()
#14 /home/rakin/github/Projects/KasseControl/vendor/laravel/framework/src/Illuminate/Pipeline/Pipeline.php(183): Illuminate\\View\\Middleware\\ShareErrorsFromSession->handle()
#15 /home/rakin/github/Projects/KasseControl/vendor/laravel/framework/src/Illuminate/Session/Middleware/StartSession.php(121): Illuminate\\Pipeline\\Pipeline->Illuminate\\Pipeline\\{closure}()
#16 /home/rakin/github/Projects/KasseControl/vendor/laravel/framework/src/Illuminate/Session/Middleware/StartSession.php(64): Illuminate\\Session\\Middleware\\StartSession->handleStatefulRequest()
#17 /home/rakin/github/Projects/KasseControl/vendor/laravel/framework/src/Illuminate/Pipeline/Pipeline.php(183): Illuminate\\Session\\Middleware\\StartSession->handle()
#18 /home/rakin/github/Projects/KasseControl/vendor/laravel/framework/src/Illuminate/Cookie/Middleware/AddQueuedCookiesToResponse.php(37): Illuminate\\Pipeline\\Pipeline->Illuminate\\Pipeline\\{closure}()
#19 /home/rakin/github/Projects/KasseControl/vendor/laravel/framework/src/Illuminate/Pipeline/Pipeline.php(183): Illuminate\\Cookie\\Middleware\\AddQueuedCookiesToResponse->handle()
#20 /home/rakin/github/Projects/KasseControl/vendor/laravel/framework/src/Illuminate/Cookie/Middleware/EncryptCookies.php(67): Illuminate\\Pipeline\\Pipeline->Illuminate\\Pipeline\\{closure}()
#21 /home/rakin/github/Projects/KasseControl/vendor/laravel/framework/src/Illuminate/Pipeline/Pipeline.php(183): Illuminate\\Cookie\\Middleware\\EncryptCookies->handle()
#22 /home/rakin/github/Projects/KasseControl/vendor/laravel/framework/src/Illuminate/Pipeline/Pipeline.php(119): Illuminate\\Pipeline\\Pipeline->Illuminate\\Pipeline\\{closure}()
#23 /home/rakin/github/Projects/KasseControl/vendor/laravel/framework/src/Illuminate/Routing/Router.php(805): Illuminate\\Pipeline\\Pipeline->then()
#24 /home/rakin/github/Projects/KasseControl/vendor/laravel/framework/src/Illuminate/Routing/Router.php(784): Illuminate\\Routing\\Router->runRouteWithinStack()
#25 /home/rakin/github/Projects/KasseControl/vendor/laravel/framework/src/Illuminate/Routing/Router.php(748): Illuminate\\Routing\\Router->runRoute()
#26 /home/rakin/github/Projects/KasseControl/vendor/laravel/framework/src/Illuminate/Routing/Router.php(737): Illuminate\\Routing\\Router->dispatchToRoute()
#27 /home/rakin/github/Projects/KasseControl/vendor/laravel/framework/src/Illuminate/Foundation/Http/Kernel.php(200): Illuminate\\Routing\\Router->dispatch()
#28 /home/rakin/github/Projects/KasseControl/vendor/laravel/framework/src/Illuminate/Pipeline/Pipeline.php(144): Illuminate\\Foundation\\Http\\Kernel->Illuminate\\Foundation\\Http\\{closure}()
#29 /home/rakin/github/Projects/KasseControl/vendor/laravel/framework/src/Illuminate/Foundation/Http/Middleware/TransformsRequest.php(21): Illuminate\\Pipeline\\Pipeline->Illuminate\\Pipeline\\{closure}()
#30 /home/rakin/github/Projects/KasseControl/vendor/laravel/framework/src/Illuminate/Foundation/Http/Middleware/ConvertEmptyStringsToNull.php(31): Illuminate\\Foundation\\Http\\Middleware\\TransformsRequest->handle()
#31 /home/rakin/github/Projects/KasseControl/vendor/laravel/framework/src/Illuminate/Pipeline/Pipeline.php(183): Illuminate\\Foundation\\Http\\Middleware\\ConvertEmptyStringsToNull->handle()
#32 /home/rakin/github/Projects/KasseControl/vendor/laravel/framework/src/Illuminate/Foundation/Http/Middleware/TransformsRequest.php(21): Illuminate\\Pipeline\\Pipeline->Illuminate\\Pipeline\\{closure}()
#33 /home/rakin/github/Projects/KasseControl/vendor/laravel/framework/src/Illuminate/Foundation/Http/Middleware/TrimStrings.php(40): Illuminate\\Foundation\\Http\\Middleware\\TransformsRequest->handle()
#34 /home/rakin/github/Projects/KasseControl/vendor/laravel/framework/src/Illuminate/Pipeline/Pipeline.php(183): Illuminate\\Foundation\\Http\\Middleware\\TrimStrings->handle()
#35 /home/rakin/github/Projects/KasseControl/vendor/laravel/framework/src/Illuminate/Foundation/Http/Middleware/ValidatePostSize.php(27): Illuminate\\Pipeline\\Pipeline->Illuminate\\Pipeline\\{closure}()
#36 /home/rakin/github/Projects/KasseControl/vendor/laravel/framework/src/Illuminate/Pipeline/Pipeline.php(183): Illuminate\\Foundation\\Http\\Middleware\\ValidatePostSize->handle()
#37 /home/rakin/github/Projects/KasseControl/vendor/laravel/framework/src/Illuminate/Foundation/Http/Middleware/PreventRequestsDuringMaintenance.php(99): Illuminate\\Pipeline\\Pipeline->Illuminate\\Pipeline\\{closure}()
#38 /home/rakin/github/Projects/KasseControl/vendor/laravel/framework/src/Illuminate/Pipeline/Pipeline.php(183): Illuminate\\Foundation\\Http\\Middleware\\PreventRequestsDuringMaintenance->handle()
#39 /home/rakin/github/Projects/KasseControl/vendor/laravel/framework/src/Illuminate/Http/Middleware/HandleCors.php(49): Illuminate\\Pipeline\\Pipeline->Illuminate\\Pipeline\\{closure}()
#40 /home/rakin/github/Projects/KasseControl/vendor/laravel/framework/src/Illuminate/Pipeline/Pipeline.php(183): Illuminate\\Http\\Middleware\\HandleCors->handle()
#41 /home/rakin/github/Projects/KasseControl/vendor/laravel/framework/src/Illuminate/Http/Middleware/TrustProxies.php(39): Illuminate\\Pipeline\\Pipeline->Illuminate\\Pipeline\\{closure}()
#42 /home/rakin/github/Projects/KasseControl/vendor/laravel/framework/src/Illuminate/Pipeline/Pipeline.php(183): Illuminate\\Http\\Middleware\\TrustProxies->handle()
#43 /home/rakin/github/Projects/KasseControl/vendor/laravel/framework/src/Illuminate/Pipeline/Pipeline.php(119): Illuminate\\Pipeline\\Pipeline->Illuminate\\Pipeline\\{closure}()
#44 /home/rakin/github/Projects/KasseControl/vendor/laravel/framework/src/Illuminate/Foundation/Http/Kernel.php(175): Illuminate\\Pipeline\\Pipeline->then()
#45 /home/rakin/github/Projects/KasseControl/vendor/laravel/framework/src/Illuminate/Foundation/Http/Kernel.php(144): Illuminate\\Foundation\\Http\\Kernel->sendRequestThroughRouter()
#46 /home/rakin/github/Projects/KasseControl/public/index.php(21): Illuminate\\Foundation\\Http\\Kernel->handle()
#47 /home/rakin/github/Projects/KasseControl/vendor/laravel/framework/src/Illuminate/Foundation/resources/server.php(16): require_once('...')
#48 {main}
"} 
[2025-11-11 21:58:47] laravel.ERROR: Vite manifest not found at: /home/rakin/github/Projects/KasseControl/public/build/manifest.json {"view":{"view":"/home/rakin/github/Projects/KasseControl/resources/views/auth/login.blade.php","data":[]},"exception":"[object] (Spatie\\LaravelIgnition\\Exceptions\\ViewException(code: 0): Vite manifest not found at: /home/rakin/github/Projects/KasseControl/public/build/manifest.json at /home/rakin/github/Projects/KasseControl/vendor/laravel/framework/src/Illuminate/Foundation/Vite.php:728)
[stacktrace]
#0 /home/rakin/github/Projects/KasseControl/vendor/laravel/framework/src/Illuminate/Foundation/Vite.php(293): Illuminate\\Foundation\\Vite->manifest()
#1 /home/rakin/github/Projects/KasseControl/resources/views/auth/login.blade.php(7): Illuminate\\Foundation\\Vite->__invoke()
#2 /home/rakin/github/Projects/KasseControl/vendor/laravel/framework/src/Illuminate/Filesystem/Filesystem.php(123): require('...')
#3 /home/rakin/github/Projects/KasseControl/vendor/laravel/framework/src/Illuminate/Filesystem/Filesystem.php(124): Illuminate\\Filesystem\\Filesystem::Illuminate\\Filesystem\\{closure}()
#4 /home/rakin/github/Projects/KasseControl/vendor/laravel/framework/src/Illuminate/View/Engines/PhpEngine.php(58): Illuminate\\Filesystem\\Filesystem->getRequire()
#5 /home/rakin/github/Projects/KasseControl/vendor/laravel/framework/src/Illuminate/View/Engines/CompilerEngine.php(72): Illuminate\\View\\Engines\\PhpEngine->evaluatePath()
#6 /home/rakin/github/Projects/KasseControl/vendor/laravel/framework/src/Illuminate/View/View.php(207): Illuminate\\View\\Engines\\CompilerEngine->get()
#7 /home/rakin/github/Projects/KasseControl/vendor/laravel/framework/src/Illuminate/View/View.php(190): Illuminate\\View\\View->getContents()
#8 /home/rakin/github/Projects/KasseControl/vendor/laravel/framework/src/Illuminate/View/View.php(159): Illuminate\\View\\View->renderContents()
#9 /home/rakin/github/Projects/KasseControl/vendor/laravel/framework/src/Illuminate/Http/Response.php(69): Illuminate\\View\\View->render()
#10 /home/rakin/github/Projects/KasseControl/vendor/laravel/framework/src/Illuminate/Http/Response.php(35): Illuminate\\Http\\Response->setContent()
#11 /home/rakin/github/Projects/KasseControl/vendor/laravel/framework/src/Illuminate/Routing/Router.php(918): Illuminate\\Http\\Response->__construct()
#12 /home/rakin/github/Projects/KasseControl/vendor/laravel/framework/src/Illuminate/Routing/Router.php(885): Illuminate\\Routing\\Router::toResponse()
#13 /home/rakin/github/Projects/KasseControl/vendor/laravel/framework/src/Illuminate/Routing/Router.php(805): Illuminate\\Routing\\Router->prepareResponse()
#14 /home/rakin/github/Projects/KasseControl/vendor/laravel/framework/src/Illuminate/Pipeline/Pipeline.php(144): Illuminate\\Routing\\Router->Illuminate\\Routing\\{closure}()
#15 /home/rakin/github/Projects/KasseControl/app/Http/Middleware/RedirectIfAuthenticated.php(26): Illuminate\\Pipeline\\Pipeline->Illuminate\\Pipeline\\{closure}()
#16 /home/rakin/github/Projects/KasseControl/vendor/laravel/framework/src/Illuminate/Pipeline/Pipeline.php(183): App\\Http\\Middleware\\RedirectIfAuthenticated->handle()
#17 /home/rakin/github/Projects/KasseControl/vendor/laravel/framework/src/Illuminate/Routing/Middleware/SubstituteBindings.php(50): Illuminate\\Pipeline\\Pipeline->Illuminate\\Pipeline\\{closure}()
#18 /home/rakin/github/Projects/KasseControl/vendor/laravel/framework/src/Illuminate/Pipeline/Pipeline.php(183): Illuminate\\Routing\\Middleware\\SubstituteBindings->handle()
#19 /home/rakin/github/Projects/KasseControl/vendor/laravel/framework/src/Illuminate/Foundation/Http/Middleware/VerifyCsrfToken.php(78): Illuminate\\Pipeline\\Pipeline->Illuminate\\Pipeline\\{closure}()
#20 /home/rakin/github/Projects/KasseControl/vendor/laravel/framework/src/Illuminate/Pipeline/Pipeline.php(183): Illuminate\\Foundation\\Http\\Middleware\\VerifyCsrfToken->handle()
#21 /home/rakin/github/Projects/KasseControl/vendor/laravel/framework/src/Illuminate/View/Middleware/ShareErrorsFromSession.php(49): Illuminate\\Pipeline\\Pipeline->Illuminate\\Pipeline\\{closure}()
#22 /home/rakin/github/Projects/KasseControl/vendor/laravel/framework/src/Illuminate/Pipeline/Pipeline.php(183): Illuminate\\View\\Middleware\\ShareErrorsFromSession->handle()
#23 /home/rakin/github/Projects/KasseControl/vendor/laravel/framework/src/Illuminate/Session/Middleware/StartSession.php(121): Illuminate\\Pipeline\\Pipeline->Illuminate\\Pipeline\\{closure}()
#24 /home/rakin/github/Projects/KasseControl/vendor/laravel/framework/src/Illuminate/Session/Middleware/StartSession.php(64): Illuminate\\Session\\Middleware\\StartSession->handleStatefulRequest()
#25 /home/rakin/github/Projects/KasseControl/vendor/laravel/framework/src/Illuminate/Pipeline/Pipeline.php(183): Illuminate\\Session\\Middleware\\StartSession->handle()
#26 /home/rakin/github/Projects/KasseControl/vendor/laravel/framework/src/Illuminate/Cookie/Middleware/AddQueuedCookiesToResponse.php(37): Illuminate\\Pipeline\\Pipeline->Illuminate\\Pipeline\\{closure}()
#27 /home/rakin/github/Projects/KasseControl/vendor/laravel/framework/src/Illuminate/Pipeline/Pipeline.php(183): Illuminate\\Cookie\\Middleware\\AddQueuedCookiesToResponse->handle()
#28 /home/rakin/github/Projects/KasseControl/vendor/laravel/framework/src/Illuminate/Cookie/Middleware/EncryptCookies.php(67): Illuminate\\Pipeline\\Pipeline->Illuminate\\Pipeline\\{closure}()
#29 /home/rakin/github/Projects/KasseControl/vendor/laravel/framework/src/Illuminate/Pipeline/Pipeline.php(183): Illuminate\\Cookie\\Middleware\\EncryptCookies->handle()
#30 /home/rakin/github/Projects/KasseControl/vendor/laravel/framework/src/Illuminate/Pipeline/Pipeline.php(119): Illuminate\\Pipeline\\Pipeline->Illuminate\\Pipeline\\{closure}()
#31 /home/rakin/github/Projects/KasseControl/vendor/laravel/framework/src/Illuminate/Routing/Router.php(805): Illuminate\\Pipeline\\Pipeline->then()
#32 /home/rakin/github/Projects/KasseControl/vendor/laravel/framework/src/Illuminate/Routing/Router.php(784): Illuminate\\Routing\\Router->runRouteWithinStack()
#33 /home/rakin/github/Projects/KasseControl/vendor/laravel/framework/src/Illuminate/Routing/Router.php(748): Illuminate\\Routing\\Router->runRoute()
#34 /home/rakin/github/Projects/KasseControl/vendor/laravel/framework/src/Illuminate/Routing/Router.php(737): Illuminate\\Routing\\Router->dispatchToRoute()
#35 /home/rakin/github/Projects/KasseControl/vendor/laravel/framework/src/Illuminate/Foundation/Http/Kernel.php(200): Illuminate\\Routing\\Router->dispatch()
#36 /home/rakin/github/Projects/KasseControl/vendor/laravel/framework/src/Illuminate/Pipeline/Pipeline.php(144): Illuminate\\Foundation\\Http\\Kernel->Illuminate\\Foundation\\Http\\{closure}()
#37 /home/rakin/github/Projects/KasseControl/vendor/laravel/framework/src/Illuminate/Foundation/Http/Middleware/TransformsRequest.php(21): Illuminate\\Pipeline\\Pipeline->Illuminate\\Pipeline\\{closure}()
#38 /home/rakin/github/Projects/KasseControl/vendor/laravel/framework/src/Illuminate/Foundation/Http/Middleware/ConvertEmptyStringsToNull.php(31): Illuminate\\Foundation\\Http\\Middleware\\TransformsRequest->handle()
#39 /home/rakin/github/Projects/KasseControl/vendor/laravel/framework/src/Illuminate/Pipeline/Pipeline.php(183): Illuminate\\Foundation\\Http\\Middleware\\ConvertEmptyStringsToNull->handle()
#40 /home/rakin/github/Projects/KasseControl/vendor/laravel/framework/src/Illuminate/Foundation/Http/Middleware/TransformsRequest.php(21): Illuminate\\Pipeline\\Pipeline->Illuminate\\Pipeline\\{closure}()
#41 /home/rakin/github/Projects/KasseControl/vendor/laravel/framework/src/Illuminate/Foundation/Http/Middleware/TrimStrings.php(40): Illuminate\\Foundation\\Http\\Middleware\\TransformsRequest->handle()
#42 /home/rakin/github/Projects/KasseControl/vendor/laravel/framework/src/Illuminate/Pipeline/Pipeline.php(183): Illuminate\\Foundation\\Http\\Middleware\\TrimStrings->handle()
#43 /home/rakin/github/Projects/KasseControl/vendor/laravel/framework/src/Illuminate/Foundation/Http/Middleware/ValidatePostSize.php(27): Illuminate\\Pipeline\\Pipeline->Illuminate\\Pipeline\\{closure}()
#44 /home/rakin/github/Projects/KasseControl/vendor/laravel/framework/src/Illuminate/Pipeline/Pipeline.php(183): Illuminate\\Foundation\\Http\\Middleware\\ValidatePostSize->handle()
#45 /home/rakin/github/Projects/KasseControl/vendor/laravel/framework/src/Illuminate/Foundation/Http/Middleware/PreventRequestsDuringMaintenance.php(99): Illuminate\\Pipeline\\Pipeline->Illuminate\\Pipeline\\{closure}()
#46 /home/rakin/github/Projects/KasseControl/vendor/laravel/framework/src/Illuminate/Pipeline/Pipeline.php(183): Illuminate\\Foundation\\Http\\Middleware\\PreventRequestsDuringMaintenance->handle()
#47 /home/rakin/github/Projects/KasseControl/vendor/laravel/framework/src/Illuminate/Http/Middleware/HandleCors.php(49): Illuminate\\Pipeline\\Pipeline->Illuminate\\Pipeline\\{closure}()
#48 /home/rakin/github/Projects/KasseControl/vendor/laravel/framework/src/Illuminate/Pipeline/Pipeline.php(183): Illuminate\\Http\\Middleware\\HandleCors->handle()
#49 /home/rakin/github/Projects/KasseControl/vendor/laravel/framework/src/Illuminate/Http/Middleware/TrustProxies.php(39): Illuminate\\Pipeline\\Pipeline->Illuminate\\Pipeline\\{closure}()
#50 /home/rakin/github/Projects/KasseControl/vendor/laravel/framework/src/Illuminate/Pipeline/Pipeline.php(183): Illuminate\\Http\\Middleware\\TrustProxies->handle()
#51 /home/rakin/github/Projects/KasseControl/vendor/laravel/framework/src/Illuminate/Pipeline/Pipeline.php(119): Illuminate\\Pipeline\\Pipeline->Illuminate\\Pipeline\\{closure}()
#52 /home/rakin/github/Projects/KasseControl/vendor/laravel/framework/src/Illuminate/Foundation/Http/Kernel.php(175): Illuminate\\Pipeline\\Pipeline->then()
#53 /home/rakin/github/Projects/KasseControl/vendor/laravel/framework/src/Illuminate/Foundation/Http/Kernel.php(144): Illuminate\\Foundation\\Http\\Kernel->sendRequestThroughRouter()
#54 /home/rakin/github/Projects/KasseControl/public/index.php(21): Illuminate\\Foundation\\Http\\Kernel->handle()
#55 /home/rakin/github/Projects/KasseControl/vendor/laravel/framework/src/Illuminate/Foundation/resources/server.php(16): require_once('...')
#56 {main}

[previous exception] [object] (Illuminate\\Foundation\\ViteManifestNotFoundException(code: 0): Vite manifest not found at: /home/rakin/github/Projects/KasseControl/public/build/manifest.json at /home/rakin/github/Projects/KasseControl/vendor/laravel/framework/src/Illuminate/Foundation/Vite.php:728)
[stacktrace]
#0 /home/rakin/github/Projects/KasseControl/vendor/laravel/framework/src/Illuminate/Foundation/Vite.php(293): Illuminate\\Foundation\\Vite->manifest()
#1 /home/rakin/github/Projects/KasseControl/storage/framework/views/8fbe06ee8cdf9d9557caa25fe91a6be6.php(7): Illuminate\\Foundation\\Vite->__invoke()
#2 /home/rakin/github/Projects/KasseControl/vendor/laravel/framework/src/Illuminate/Filesystem/Filesystem.php(123): require('...')
#3 /home/rakin/github/Projects/KasseControl/vendor/laravel/framework/src/Illuminate/Filesystem/Filesystem.php(124): Illuminate\\Filesystem\\Filesystem::Illuminate\\Filesystem\\{closure}()
#4 /home/rakin/github/Projects/KasseControl/vendor/laravel/framework/src/Illuminate/View/Engines/PhpEngine.php(58): Illuminate\\Filesystem\\Filesystem->getRequire()
#5 /home/rakin/github/Projects/KasseControl/vendor/laravel/framework/src/Illuminate/View/Engines/CompilerEngine.php(72): Illuminate\\View\\Engines\\PhpEngine->evaluatePath()
#6 /home/rakin/github/Projects/KasseControl/vendor/laravel/framework/src/Illuminate/View/View.php(207): Illuminate\\View\\Engines\\CompilerEngine->get()
#7 /home/rakin/github/Projects/KasseControl/vendor/laravel/framework/src/Illuminate/View/View.php(190): Illuminate\\View\\View->getContents()
#8 /home/rakin/github/Projects/KasseControl/vendor/laravel/framework/src/Illuminate/View/View.php(159): Illuminate\\View\\View->renderContents()
#9 /home/rakin/github/Projects/KasseControl/vendor/laravel/framework/src/Illuminate/Http/Response.php(69): Illuminate\\View\\View->render()
#10 /home/rakin/github/Projects/KasseControl/vendor/laravel/framework/src/Illuminate/Http/Response.php(35): Illuminate\\Http\\Response->setContent()
#11 /home/rakin/github/Projects/KasseControl/vendor/laravel/framework/src/Illuminate/Routing/Router.php(918): Illuminate\\Http\\Response->__construct()
#12 /home/rakin/github/Projects/KasseControl/vendor/laravel/framework/src/Illuminate/Routing/Router.php(885): Illuminate\\Routing\\Router::toResponse()
#13 /home/rakin/github/Projects/KasseControl/vendor/laravel/framework/src/Illuminate/Routing/Router.php(805): Illuminate\\Routing\\Router->prepareResponse()
#14 /home/rakin/github/Projects/KasseControl/vendor/laravel/framework/src/Illuminate/Pipeline/Pipeline.php(144): Illuminate\\Routing\\Router->Illuminate\\Routing\\{closure}()
#15 /home/rakin/github/Projects/KasseControl/app/Http/Middleware/RedirectIfAuthenticated.php(26): Illuminate\\Pipeline\\Pipeline->Illuminate\\Pipeline\\{closure}()
#16 /home/rakin/github/Projects/KasseControl/vendor/laravel/framework/src/Illuminate/Pipeline/Pipeline.php(183): App\\Http\\Middleware\\RedirectIfAuthenticated->handle()
#17 /home/rakin/github/Projects/KasseControl/vendor/laravel/framework/src/Illuminate/Routing/Middleware/SubstituteBindings.php(50): Illuminate\\Pipeline\\Pipeline->Illuminate\\Pipeline\\{closure}()
#18 /home/rakin/github/Projects/KasseControl/vendor/laravel/framework/src/Illuminate/Pipeline/Pipeline.php(183): Illuminate\\Routing\\Middleware\\SubstituteBindings->handle()
#19 /home/rakin/github/Projects/KasseControl/vendor/laravel/framework/src/Illuminate/Foundation/Http/Middleware/VerifyCsrfToken.php(78): Illuminate\\Pipeline\\Pipeline->Illuminate\\Pipeline\\{closure}()
#20 /home/rakin/github/Projects/KasseControl/vendor/laravel/framework/src/Illuminate/Pipeline/Pipeline.php(183): Illuminate\\Foundation\\Http\\Middleware\\VerifyCsrfToken->handle()
#21 /home/rakin/github/Projects/KasseControl/vendor/laravel/framework/src/Illuminate/View/Middleware/ShareErrorsFromSession.php(49): Illuminate\\Pipeline\\Pipeline->Illuminate\\Pipeline\\{closure}()
#22 /home/rakin/github/Projects/KasseControl/vendor/laravel/framework/src/Illuminate/Pipeline/Pipeline.php(183): Illuminate\\View\\Middleware\\ShareErrorsFromSession->handle()
#23 /home/rakin/github/Projects/KasseControl/vendor/laravel/framework/src/Illuminate/Session/Middleware/StartSession.php(121): Illuminate\\Pipeline\\Pipeline->Illuminate\\Pipeline\\{closure}()
#24 /home/rakin/github/Projects/KasseControl/vendor/laravel/framework/src/Illuminate/Session/Middleware/StartSession.php(64): Illuminate\\Session\\Middleware\\StartSession->handleStatefulRequest()
#25 /home/rakin/github/Projects/KasseControl/vendor/laravel/framework/src/Illuminate/Pipeline/Pipeline.php(183): Illuminate\\Session\\Middleware\\StartSession->handle()
#26 /home/rakin/github/Projects/KasseControl/vendor/laravel/framework/src/Illuminate/Cookie/Middleware/AddQueuedCookiesToResponse.php(37): Illuminate\\Pipeline\\Pipeline->Illuminate\\Pipeline\\{closure}()
#27 /home/rakin/github/Projects/KasseControl/vendor/laravel/framework/src/Illuminate/Pipeline/Pipeline.php(183): Illuminate\\Cookie\\Middleware\\AddQueuedCookiesToResponse->handle()
#28 /home/rakin/github/Projects/KasseControl/vendor/laravel/framework/src/Illuminate/Cookie/Middleware/EncryptCookies.php(67): Illuminate\\Pipeline\\Pipeline->Illuminate\\Pipeline\\{closure}()
#29 /home/rakin/github/Projects/KasseControl/vendor/laravel/framework/src/Illuminate/Pipeline/Pipeline.php(183): Illuminate\\Cookie\\Middleware\\EncryptCookies->handle()
#30 /home/rakin/github/Projects/KasseControl/vendor/laravel/framework/src/Illuminate/Pipeline/Pipeline.php(119): Illuminate\\Pipeline\\Pipeline->Illuminate\\Pipeline\\{closure}()
#31 /home/rakin/github/Projects/KasseControl/vendor/laravel/framework/src/Illuminate/Routing/Router.php(805): Illuminate\\Pipeline\\Pipeline->then()
#32 /home/rakin/github/Projects/KasseControl/vendor/laravel/framework/src/Illuminate/Routing/Router.php(784): Illuminate\\Routing\\Router->runRouteWithinStack()
#33 /home/rakin/github/Projects/KasseControl/vendor/laravel/framework/src/Illuminate/Routing/Router.php(748): Illuminate\\Routing\\Router->runRoute()
#34 /home/rakin/github/Projects/KasseControl/vendor/laravel/framework/src/Illuminate/Routing/Router.php(737): Illuminate\\Routing\\Router->dispatchToRoute()
#35 /home/rakin/github/Projects/KasseControl/vendor/laravel/framework/src/Illuminate/Foundation/Http/Kernel.php(200): Illuminate\\Routing\\Router->dispatch()
#36 /home/rakin/github/Projects/KasseControl/vendor/laravel/framework/src/Illuminate/Pipeline/Pipeline.php(144): Illuminate\\Foundation\\Http\\Kernel->Illuminate\\Foundation\\Http\\{closure}()
#37 /home/rakin/github/Projects/KasseControl/vendor/laravel/framework/src/Illuminate/Foundation/Http/Middleware/TransformsRequest.php(21): Illuminate\\Pipeline\\Pipeline->Illuminate\\Pipeline\\{closure}()
#38 /home/rakin/github/Projects/KasseControl/vendor/laravel/framework/src/Illuminate/Foundation/Http/Middleware/ConvertEmptyStringsToNull.php(31): Illuminate\\Foundation\\Http\\Middleware\\TransformsRequest->handle()
#39 /home/rakin/github/Projects/KasseControl/vendor/laravel/framework/src/Illuminate/Pipeline/Pipeline.php(183): Illuminate\\Foundation\\Http\\Middleware\\ConvertEmptyStringsToNull->handle()
#40 /home/rakin/github/Projects/KasseControl/vendor/laravel/framework/src/Illuminate/Foundation/Http/Middleware/TransformsRequest.php(21): Illuminate\\Pipeline\\Pipeline->Illuminate\\Pipeline\\{closure}()
#41 /home/rakin/github/Projects/KasseControl/vendor/laravel/framework/src/Illuminate/Foundation/Http/Middleware/TrimStrings.php(40): Illuminate\\Foundation\\Http\\Middleware\\TransformsRequest->handle()
#42 /home/rakin/github/Projects/KasseControl/vendor/laravel/framework/src/Illuminate/Pipeline/Pipeline.php(183): Illuminate\\Foundation\\Http\\Middleware\\TrimStrings->handle()
#43 /home/rakin/github/Projects/KasseControl/vendor/laravel/framework/src/Illuminate/Foundation/Http/Middleware/ValidatePostSize.php(27): Illuminate\\Pipeline\\Pipeline->Illuminate\\Pipeline\\{closure}()
#44 /home/rakin/github/Projects/KasseControl/vendor/laravel/framework/src/Illuminate/Pipeline/Pipeline.php(183): Illuminate\\Foundation\\Http\\Middleware\\ValidatePostSize->handle()
#45 /home/rakin/github/Projects/KasseControl/vendor/laravel/framework/src/Illuminate/Foundation/Http/Middleware/PreventRequestsDuringMaintenance.php(99): Illuminate\\Pipeline\\Pipeline->Illuminate\\Pipeline\\{closure}()
#46 /home/rakin/github/Projects/KasseControl/vendor/laravel/framework/src/Illuminate/Pipeline/Pipeline.php(183): Illuminate\\Foundation\\Http\\Middleware\\PreventRequestsDuringMaintenance->handle()
#47 /home/rakin/github/Projects/KasseControl/vendor/laravel/framework/src/Illuminate/Http/Middleware/HandleCors.php(49): Illuminate\\Pipeline\\Pipeline->Illuminate\\Pipeline\\{closure}()
#48 /home/rakin/github/Projects/KasseControl/vendor/laravel/framework/src/Illuminate/Pipeline/Pipeline.php(183): Illuminate\\Http\\Middleware\\HandleCors->handle()
#49 /home/rakin/github/Projects/KasseControl/vendor/laravel/framework/src/Illuminate/Http/Middleware/TrustProxies.php(39): Illuminate\\Pipeline\\Pipeline->Illuminate\\Pipeline\\{closure}()
#50 /home/rakin/github/Projects/KasseControl/vendor/laravel/framework/src/Illuminate/Pipeline/Pipeline.php(183): Illuminate\\Http\\Middleware\\TrustProxies->handle()
#51 /home/rakin/github/Projects/KasseControl/vendor/laravel/framework/src/Illuminate/Pipeline/Pipeline.php(119): Illuminate\\Pipeline\\Pipeline->Illuminate\\Pipeline\\{closure}()
#52 /home/rakin/github/Projects/KasseControl/vendor/laravel/framework/src/Illuminate/Foundation/Http/Kernel.php(175): Illuminate\\Pipeline\\Pipeline->then()
#53 /home/rakin/github/Projects/KasseControl/vendor/laravel/framework/src/Illuminate/Foundation/Http/Kernel.php(144): Illuminate\\Foundation\\Http\\Kernel->sendRequestThroughRouter()
#54 /home/rakin/github/Projects/KasseControl/public/index.php(21): Illuminate\\Foundation\\Http\\Kernel->handle()
#55 /home/rakin/github/Projects/KasseControl/vendor/laravel/framework/src/Illuminate/Foundation/resources/server.php(16): require_once('...')
#56 {main}
"} 
[2025-11-11 22:00:10] laravel.EMERGENCY: Unable to create configured logger. Using emergency logger. {"exception":"[object] (InvalidArgumentException(code: 0): Log [] is not defined. at /home/rakin/github/Projects/KasseControl/vendor/laravel/framework/src/Illuminate/Log/LogManager.php:212)
[stacktrace]
#0 /home/rakin/github/Projects/KasseControl/vendor/laravel/framework/src/Illuminate/Log/LogManager.php(137): Illuminate\\Log\\LogManager->resolve()
#1 /home/rakin/github/Projects/KasseControl/vendor/laravel/framework/src/Illuminate/Log/LogManager.php(124): Illuminate\\Log\\LogManager->get()
#2 /home/rakin/github/Projects/KasseControl/vendor/laravel/framework/src/Illuminate/Log/LogManager.php(681): Illuminate\\Log\\LogManager->driver()
#3 /home/rakin/github/Projects/KasseControl/vendor/laravel/framework/src/Illuminate/Foundation/Exceptions/Handler.php(317): Illuminate\\Log\\LogManager->error()
#4 /home/rakin/github/Projects/KasseControl/vendor/laravel/framework/src/Illuminate/Foundation/Exceptions/Handler.php(278): Illuminate\\Foundation\\Exceptions\\Handler->reportThrowable()
#5 /home/rakin/github/Projects/KasseControl/vendor/laravel/framework/src/Illuminate/Routing/Pipeline.php(49): Illuminate\\Foundation\\Exceptions\\Handler->report()
#6 /home/rakin/github/Projects/KasseControl/vendor/laravel/framework/src/Illuminate/Pipeline/Pipeline.php(146): Illuminate\\Routing\\Pipeline->handleException()
#7 /home/rakin/github/Projects/KasseControl/vendor/laravel/framework/src/Illuminate/Routing/Middleware/SubstituteBindings.php(50): Illuminate\\Pipeline\\Pipeline->Illuminate\\Pipeline\\{closure}()
#8 /home/rakin/github/Projects/KasseControl/vendor/laravel/framework/src/Illuminate/Pipeline/Pipeline.php(183): Illuminate\\Routing\\Middleware\\SubstituteBindings->handle()
#9 /home/rakin/github/Projects/KasseControl/vendor/laravel/framework/src/Illuminate/Auth/Middleware/Authenticate.php(57): Illuminate\\Pipeline\\Pipeline->Illuminate\\Pipeline\\{closure}()
#10 /home/rakin/github/Projects/KasseControl/vendor/laravel/framework/src/Illuminate/Pipeline/Pipeline.php(183): Illuminate\\Auth\\Middleware\\Authenticate->handle()
#11 /home/rakin/github/Projects/KasseControl/vendor/laravel/framework/src/Illuminate/Foundation/Http/Middleware/VerifyCsrfToken.php(78): Illuminate\\Pipeline\\Pipeline->Illuminate\\Pipeline\\{closure}()
#12 /home/rakin/github/Projects/KasseControl/vendor/laravel/framework/src/Illuminate/Pipeline/Pipeline.php(183): Illuminate\\Foundation\\Http\\Middleware\\VerifyCsrfToken->handle()
#13 /home/rakin/github/Projects/KasseControl/vendor/laravel/framework/src/Illuminate/View/Middleware/ShareErrorsFromSession.php(49): Illuminate\\Pipeline\\Pipeline->Illuminate\\Pipeline\\{closure}()
#14 /home/rakin/github/Projects/KasseControl/vendor/laravel/framework/src/Illuminate/Pipeline/Pipeline.php(183): Illuminate\\View\\Middleware\\ShareErrorsFromSession->handle()
#15 /home/rakin/github/Projects/KasseControl/vendor/laravel/framework/src/Illuminate/Session/Middleware/StartSession.php(121): Illuminate\\Pipeline\\Pipeline->Illuminate\\Pipeline\\{closure}()
#16 /home/rakin/github/Projects/KasseControl/vendor/laravel/framework/src/Illuminate/Session/Middleware/StartSession.php(64): Illuminate\\Session\\Middleware\\StartSession->handleStatefulRequest()
#17 /home/rakin/github/Projects/KasseControl/vendor/laravel/framework/src/Illuminate/Pipeline/Pipeline.php(183): Illuminate\\Session\\Middleware\\StartSession->handle()
#18 /home/rakin/github/Projects/KasseControl/vendor/laravel/framework/src/Illuminate/Cookie/Middleware/AddQueuedCookiesToResponse.php(37): Illuminate\\Pipeline\\Pipeline->Illuminate\\Pipeline\\{closure}()
#19 /home/rakin/github/Projects/KasseControl/vendor/laravel/framework/src/Illuminate/Pipeline/Pipeline.php(183): Illuminate\\Cookie\\Middleware\\AddQueuedCookiesToResponse->handle()
#20 /home/rakin/github/Projects/KasseControl/vendor/laravel/framework/src/Illuminate/Cookie/Middleware/EncryptCookies.php(67): Illuminate\\Pipeline\\Pipeline->Illuminate\\Pipeline\\{closure}()
#21 /home/rakin/github/Projects/KasseControl/vendor/laravel/framework/src/Illuminate/Pipeline/Pipeline.php(183): Illuminate\\Cookie\\Middleware\\EncryptCookies->handle()
#22 /home/rakin/github/Projects/KasseControl/vendor/laravel/framework/src/Illuminate/Pipeline/Pipeline.php(119): Illuminate\\Pipeline\\Pipeline->Illuminate\\Pipeline\\{closure}()
#23 /home/rakin/github/Projects/KasseControl/vendor/laravel/framework/src/Illuminate/Routing/Router.php(805): Illuminate\\Pipeline\\Pipeline->then()
#24 /home/rakin/github/Projects/KasseControl/vendor/laravel/framework/src/Illuminate/Routing/Router.php(784): Illuminate\\Routing\\Router->runRouteWithinStack()
#25 /home/rakin/github/Projects/KasseControl/vendor/laravel/framework/src/Illuminate/Routing/Router.php(748): Illuminate\\Routing\\Router->runRoute()
#26 /home/rakin/github/Projects/KasseControl/vendor/laravel/framework/src/Illuminate/Routing/Router.php(737): Illuminate\\Routing\\Router->dispatchToRoute()
#27 /home/rakin/github/Projects/KasseControl/vendor/laravel/framework/src/Illuminate/Foundation/Http/Kernel.php(200): Illuminate\\Routing\\Router->dispatch()
#28 /home/rakin/github/Projects/KasseControl/vendor/laravel/framework/src/Illuminate/Pipeline/Pipeline.php(144): Illuminate\\Foundation\\Http\\Kernel->Illuminate\\Foundation\\Http\\{closure}()
#29 /home/rakin/github/Projects/KasseControl/vendor/laravel/framework/src/Illuminate/Foundation/Http/Middleware/TransformsRequest.php(21): Illuminate\\Pipeline\\Pipeline->Illuminate\\Pipeline\\{closure}()
#30 /home/rakin/github/Projects/KasseControl/vendor/laravel/framework/src/Illuminate/Foundation/Http/Middleware/ConvertEmptyStringsToNull.php(31): Illuminate\\Foundation\\Http\\Middleware\\TransformsRequest->handle()
#31 /home/rakin/github/Projects/KasseControl/vendor/laravel/framework/src/Illuminate/Pipeline/Pipeline.php(183): Illuminate\\Foundation\\Http\\Middleware\\ConvertEmptyStringsToNull->handle()
#32 /home/rakin/github/Projects/KasseControl/vendor/laravel/framework/src/Illuminate/Foundation/Http/Middleware/TransformsRequest.php(21): Illuminate\\Pipeline\\Pipeline->Illuminate\\Pipeline\\{closure}()
#33 /home/rakin/github/Projects/KasseControl/vendor/laravel/framework/src/Illuminate/Foundation/Http/Middleware/TrimStrings.php(40): Illuminate\\Foundation\\Http\\Middleware\\TransformsRequest->handle()
#34 /home/rakin/github/Projects/KasseControl/vendor/laravel/framework/src/Illuminate/Pipeline/Pipeline.php(183): Illuminate\\Foundation\\Http\\Middleware\\TrimStrings->handle()
#35 /home/rakin/github/Projects/KasseControl/vendor/laravel/framework/src/Illuminate/Foundation/Http/Middleware/ValidatePostSize.php(27): Illuminate\\Pipeline\\Pipeline->Illuminate\\Pipeline\\{closure}()
#36 /home/rakin/github/Projects/KasseControl/vendor/laravel/framework/src/Illuminate/Pipeline/Pipeline.php(183): Illuminate\\Foundation\\Http\\Middleware\\ValidatePostSize->handle()
#37 /home/rakin/github/Projects/KasseControl/vendor/laravel/framework/src/Illuminate/Foundation/Http/Middleware/PreventRequestsDuringMaintenance.php(99): Illuminate\\Pipeline\\Pipeline->Illuminate\\Pipeline\\{closure}()
#38 /home/rakin/github/Projects/KasseControl/vendor/laravel/framework/src/Illuminate/Pipeline/Pipeline.php(183): Illuminate\\Foundation\\Http\\Middleware\\PreventRequestsDuringMaintenance->handle()
#39 /home/rakin/github/Projects/KasseControl/vendor/laravel/framework/src/Illuminate/Http/Middleware/HandleCors.php(49): Illuminate\\Pipeline\\Pipeline->Illuminate\\Pipeline\\{closure}()
#40 /home/rakin/github/Projects/KasseControl/vendor/laravel/framework/src/Illuminate/Pipeline/Pipeline.php(183): Illuminate\\Http\\Middleware\\HandleCors->handle()
#41 /home/rakin/github/Projects/KasseControl/vendor/laravel/framework/src/Illuminate/Http/Middleware/TrustProxies.php(39): Illuminate\\Pipeline\\Pipeline->Illuminate\\Pipeline\\{closure}()
#42 /home/rakin/github/Projects/KasseControl/vendor/laravel/framework/src/Illuminate/Pipeline/Pipeline.php(183): Illuminate\\Http\\Middleware\\TrustProxies->handle()
#43 /home/rakin/github/Projects/KasseControl/vendor/laravel/framework/src/Illuminate/Pipeline/Pipeline.php(119): Illuminate\\Pipeline\\Pipeline->Illuminate\\Pipeline\\{closure}()
#44 /home/rakin/github/Projects/KasseControl/vendor/laravel/framework/src/Illuminate/Foundation/Http/Kernel.php(175): Illuminate\\Pipeline\\Pipeline->then()
#45 /home/rakin/github/Projects/KasseControl/vendor/laravel/framework/src/Illuminate/Foundation/Http/Kernel.php(144): Illuminate\\Foundation\\Http\\Kernel->sendRequestThroughRouter()
#46 /home/rakin/github/Projects/KasseControl/public/index.php(21): Illuminate\\Foundation\\Http\\Kernel->handle()
#47 /home/rakin/github/Projects/KasseControl/vendor/laravel/framework/src/Illuminate/Foundation/resources/server.php(16): require_once('...')
#48 {main}
"} 
[2025-11-11 22:00:10] laravel.ERROR: View [pos.index] not found. {"userId":1,"exception":"[object] (InvalidArgumentException(code: 0): View [pos.index] not found. at /home/rakin/github/Projects/KasseControl/vendor/laravel/framework/src/Illuminate/View/FileViewFinder.php:137)
[stacktrace]
#0 /home/rakin/github/Projects/KasseControl/vendor/laravel/framework/src/Illuminate/View/FileViewFinder.php(79): Illuminate\\View\\FileViewFinder->findInPaths()
#1 /home/rakin/github/Projects/KasseControl/vendor/laravel/framework/src/Illuminate/View/Factory.php(137): Illuminate\\View\\FileViewFinder->find()
#2 /home/rakin/github/Projects/KasseControl/vendor/laravel/framework/src/Illuminate/Foundation/helpers.php(1020): Illuminate\\View\\Factory->make()
#3 /home/rakin/github/Projects/KasseControl/app/Http/Controllers/PosController.php(25): view()
#4 /home/rakin/github/Projects/KasseControl/vendor/laravel/framework/src/Illuminate/Routing/Controller.php(54): App\\Http\\Controllers\\PosController->index()
#5 /home/rakin/github/Projects/KasseControl/vendor/laravel/framework/src/Illuminate/Routing/ControllerDispatcher.php(43): Illuminate\\Routing\\Controller->callAction()
#6 /home/rakin/github/Projects/KasseControl/vendor/laravel/framework/src/Illuminate/Routing/Route.php(259): Illuminate\\Routing\\ControllerDispatcher->dispatch()
#7 /home/rakin/github/Projects/KasseControl/vendor/laravel/framework/src/Illuminate/Routing/Route.php(205): Illuminate\\Routing\\Route->runController()
#8 /home/rakin/github/Projects/KasseControl/vendor/laravel/framework/src/Illuminate/Routing/Router.php(806): Illuminate\\Routing\\Route->run()
#9 /home/rakin/github/Projects/KasseControl/vendor/laravel/framework/src/Illuminate/Pipeline/Pipeline.php(144): Illuminate\\Routing\\Router->Illuminate\\Routing\\{closure}()
#10 /home/rakin/github/Projects/KasseControl/vendor/laravel/framework/src/Illuminate/Routing/Middleware/SubstituteBindings.php(50): Illuminate\\Pipeline\\Pipeline->Illuminate\\Pipeline\\{closure}()
#11 /home/rakin/github/Projects/KasseControl/vendor/laravel/framework/src/Illuminate/Pipeline/Pipeline.php(183): Illuminate\\Routing\\Middleware\\SubstituteBindings->handle()
#12 /home/rakin/github/Projects/KasseControl/vendor/laravel/framework/src/Illuminate/Auth/Middleware/Authenticate.php(57): Illuminate\\Pipeline\\Pipeline->Illuminate\\Pipeline\\{closure}()
#13 /home/rakin/github/Projects/KasseControl/vendor/laravel/framework/src/Illuminate/Pipeline/Pipeline.php(183): Illuminate\\Auth\\Middleware\\Authenticate->handle()
#14 /home/rakin/github/Projects/KasseControl/vendor/laravel/framework/src/Illuminate/Foundation/Http/Middleware/VerifyCsrfToken.php(78): Illuminate\\Pipeline\\Pipeline->Illuminate\\Pipeline\\{closure}()
#15 /home/rakin/github/Projects/KasseControl/vendor/laravel/framework/src/Illuminate/Pipeline/Pipeline.php(183): Illuminate\\Foundation\\Http\\Middleware\\VerifyCsrfToken->handle()
#16 /home/rakin/github/Projects/KasseControl/vendor/laravel/framework/src/Illuminate/View/Middleware/ShareErrorsFromSession.php(49): Illuminate\\Pipeline\\Pipeline->Illuminate\\Pipeline\\{closure}()
#17 /home/rakin/github/Projects/KasseControl/vendor/laravel/framework/src/Illuminate/Pipeline/Pipeline.php(183): Illuminate\\View\\Middleware\\ShareErrorsFromSession->handle()
#18 /home/rakin/github/Projects/KasseControl/vendor/laravel/framework/src/Illuminate/Session/Middleware/StartSession.php(121): Illuminate\\Pipeline\\Pipeline->Illuminate\\Pipeline\\{closure}()
#19 /home/rakin/github/Projects/KasseControl/vendor/laravel/framework/src/Illuminate/Session/Middleware/StartSession.php(64): Illuminate\\Session\\Middleware\\StartSession->handleStatefulRequest()
#20 /home/rakin/github/Projects/KasseControl/vendor/laravel/framework/src/Illuminate/Pipeline/Pipeline.php(183): Illuminate\\Session\\Middleware\\StartSession->handle()
#21 /home/rakin/github/Projects/KasseControl/vendor/laravel/framework/src/Illuminate/Cookie/Middleware/AddQueuedCookiesToResponse.php(37): Illuminate\\Pipeline\\Pipeline->Illuminate\\Pipeline\\{closure}()
#22 /home/rakin/github/Projects/KasseControl/vendor/laravel/framework/src/Illuminate/Pipeline/Pipeline.php(183): Illuminate\\Cookie\\Middleware\\AddQueuedCookiesToResponse->handle()
#23 /home/rakin/github/Projects/KasseControl/vendor/laravel/framework/src/Illuminate/Cookie/Middleware/EncryptCookies.php(67): Illuminate\\Pipeline\\Pipeline->Illuminate\\Pipeline\\{closure}()
#24 /home/rakin/github/Projects/KasseControl/vendor/laravel/framework/src/Illuminate/Pipeline/Pipeline.php(183): Illuminate\\Cookie\\Middleware\\EncryptCookies->handle()
#25 /home/rakin/github/Projects/KasseControl/vendor/laravel/framework/src/Illuminate/Pipeline/Pipeline.php(119): Illuminate\\Pipeline\\Pipeline->Illuminate\\Pipeline\\{closure}()
#26 /home/rakin/github/Projects/KasseControl/vendor/laravel/framework/src/Illuminate/Routing/Router.php(805): Illuminate\\Pipeline\\Pipeline->then()
#27 /home/rakin/github/Projects/KasseControl/vendor/laravel/framework/src/Illuminate/Routing/Router.php(784): Illuminate\\Routing\\Router->runRouteWithinStack()
#28 /home/rakin/github/Projects/KasseControl/vendor/laravel/framework/src/Illuminate/Routing/Router.php(748): Illuminate\\Routing\\Router->runRoute()
#29 /home/rakin/github/Projects/KasseControl/vendor/laravel/framework/src/Illuminate/Routing/Router.php(737): Illuminate\\Routing\\Router->dispatchToRoute()
#30 /home/rakin/github/Projects/KasseControl/vendor/laravel/framework/src/Illuminate/Foundation/Http/Kernel.php(200): Illuminate\\Routing\\Router->dispatch()
#31 /home/rakin/github/Projects/KasseControl/vendor/laravel/framework/src/Illuminate/Pipeline/Pipeline.php(144): Illuminate\\Foundation\\Http\\Kernel->Illuminate\\Foundation\\Http\\{closure}()
#32 /home/rakin/github/Projects/KasseControl/vendor/laravel/framework/src/Illuminate/Foundation/Http/Middleware/TransformsRequest.php(21): Illuminate\\Pipeline\\Pipeline->Illuminate\\Pipeline\\{closure}()
#33 /home/rakin/github/Projects/KasseControl/vendor/laravel/framework/src/Illuminate/Foundation/Http/Middleware/ConvertEmptyStringsToNull.php(31): Illuminate\\Foundation\\Http\\Middleware\\TransformsRequest->handle()
#34 /home/rakin/github/Projects/KasseControl/vendor/laravel/framework/src/Illuminate/Pipeline/Pipeline.php(183): Illuminate\\Foundation\\Http\\Middleware\\ConvertEmptyStringsToNull->handle()
#35 /home/rakin/github/Projects/KasseControl/vendor/laravel/framework/src/Illuminate/Foundation/Http/Middleware/TransformsRequest.php(21): Illuminate\\Pipeline\\Pipeline->Illuminate\\Pipeline\\{closure}()
#36 /home/rakin/github/Projects/KasseControl/vendor/laravel/framework/src/Illuminate/Foundation/Http/Middleware/TrimStrings.php(40): Illuminate\\Foundation\\Http\\Middleware\\TransformsRequest->handle()
#37 /home/rakin/github/Projects/KasseControl/vendor/laravel/framework/src/Illuminate/Pipeline/Pipeline.php(183): Illuminate\\Foundation\\Http\\Middleware\\TrimStrings->handle()
#38 /home/rakin/github/Projects/KasseControl/vendor/laravel/framework/src/Illuminate/Foundation/Http/Middleware/ValidatePostSize.php(27): Illuminate\\Pipeline\\Pipeline->Illuminate\\Pipeline\\{closure}()
#39 /home/rakin/github/Projects/KasseControl/vendor/laravel/framework/src/Illuminate/Pipeline/Pipeline.php(183): Illuminate\\Foundation\\Http\\Middleware\\ValidatePostSize->handle()
#40 /home/rakin/github/Projects/KasseControl/vendor/laravel/framework/src/Illuminate/Foundation/Http/Middleware/PreventRequestsDuringMaintenance.php(99): Illuminate\\Pipeline\\Pipeline->Illuminate\\Pipeline\\{closure}()
#41 /home/rakin/github/Projects/KasseControl/vendor/laravel/framework/src/Illuminate/Pipeline/Pipeline.php(183): Illuminate\\Foundation\\Http\\Middleware\\PreventRequestsDuringMaintenance->handle()
#42 /home/rakin/github/Projects/KasseControl/vendor/laravel/framework/src/Illuminate/Http/Middleware/HandleCors.php(49): Illuminate\\Pipeline\\Pipeline->Illuminate\\Pipeline\\{closure}()
#43 /home/rakin/github/Projects/KasseControl/vendor/laravel/framework/src/Illuminate/Pipeline/Pipeline.php(183): Illuminate\\Http\\Middleware\\HandleCors->handle()
#44 /home/rakin/github/Projects/KasseControl/vendor/laravel/framework/src/Illuminate/Http/Middleware/TrustProxies.php(39): Illuminate\\Pipeline\\Pipeline->Illuminate\\Pipeline\\{closure}()
#45 /home/rakin/github/Projects/KasseControl/vendor/laravel/framework/src/Illuminate/Pipeline/Pipeline.php(183): Illuminate\\Http\\Middleware\\TrustProxies->handle()
#46 /home/rakin/github/Projects/KasseControl/vendor/laravel/framework/src/Illuminate/Pipeline/Pipeline.php(119): Illuminate\\Pipeline\\Pipeline->Illuminate\\Pipeline\\{closure}()
#47 /home/rakin/github/Projects/KasseControl/vendor/laravel/framework/src/Illuminate/Foundation/Http/Kernel.php(175): Illuminate\\Pipeline\\Pipeline->then()
#48 /home/rakin/github/Projects/KasseControl/vendor/laravel/framework/src/Illuminate/Foundation/Http/Kernel.php(144): Illuminate\\Foundation\\Http\\Kernel->sendRequestThroughRouter()
#49 /home/rakin/github/Projects/KasseControl/public/index.php(21): Illuminate\\Foundation\\Http\\Kernel->handle()
#50 /home/rakin/github/Projects/KasseControl/vendor/laravel/framework/src/Illuminate/Foundation/resources/server.php(16): require_once('...')
#51 {main}
"} 
[2025-11-11 22:00:18] laravel.EMERGENCY: Unable to create configured logger. Using emergency logger. {"exception":"[object] (InvalidArgumentException(code: 0): Log [] is not defined. at /home/rakin/github/Projects/KasseControl/vendor/laravel/framework/src/Illuminate/Log/LogManager.php:212)
[stacktrace]
#0 /home/rakin/github/Projects/KasseControl/vendor/laravel/framework/src/Illuminate/Log/LogManager.php(137): Illuminate\\Log\\LogManager->resolve()
#1 /home/rakin/github/Projects/KasseControl/vendor/laravel/framework/src/Illuminate/Log/LogManager.php(124): Illuminate\\Log\\LogManager->get()
#2 /home/rakin/github/Projects/KasseControl/vendor/laravel/framework/src/Illuminate/Log/LogManager.php(681): Illuminate\\Log\\LogManager->driver()
#3 /home/rakin/github/Projects/KasseControl/vendor/laravel/framework/src/Illuminate/Foundation/Exceptions/Handler.php(317): Illuminate\\Log\\LogManager->error()
#4 /home/rakin/github/Projects/KasseControl/vendor/laravel/framework/src/Illuminate/Foundation/Exceptions/Handler.php(278): Illuminate\\Foundation\\Exceptions\\Handler->reportThrowable()
#5 /home/rakin/github/Projects/KasseControl/vendor/laravel/framework/src/Illuminate/Routing/Pipeline.php(49): Illuminate\\Foundation\\Exceptions\\Handler->report()
#6 /home/rakin/github/Projects/KasseControl/vendor/laravel/framework/src/Illuminate/Pipeline/Pipeline.php(146): Illuminate\\Routing\\Pipeline->handleException()
#7 /home/rakin/github/Projects/KasseControl/vendor/laravel/framework/src/Illuminate/Routing/Middleware/SubstituteBindings.php(50): Illuminate\\Pipeline\\Pipeline->Illuminate\\Pipeline\\{closure}()
#8 /home/rakin/github/Projects/KasseControl/vendor/laravel/framework/src/Illuminate/Pipeline/Pipeline.php(183): Illuminate\\Routing\\Middleware\\SubstituteBindings->handle()
#9 /home/rakin/github/Projects/KasseControl/vendor/laravel/framework/src/Illuminate/Auth/Middleware/Authenticate.php(57): Illuminate\\Pipeline\\Pipeline->Illuminate\\Pipeline\\{closure}()
#10 /home/rakin/github/Projects/KasseControl/vendor/laravel/framework/src/Illuminate/Pipeline/Pipeline.php(183): Illuminate\\Auth\\Middleware\\Authenticate->handle()
#11 /home/rakin/github/Projects/KasseControl/vendor/laravel/framework/src/Illuminate/Foundation/Http/Middleware/VerifyCsrfToken.php(78): Illuminate\\Pipeline\\Pipeline->Illuminate\\Pipeline\\{closure}()
#12 /home/rakin/github/Projects/KasseControl/vendor/laravel/framework/src/Illuminate/Pipeline/Pipeline.php(183): Illuminate\\Foundation\\Http\\Middleware\\VerifyCsrfToken->handle()
#13 /home/rakin/github/Projects/KasseControl/vendor/laravel/framework/src/Illuminate/View/Middleware/ShareErrorsFromSession.php(49): Illuminate\\Pipeline\\Pipeline->Illuminate\\Pipeline\\{closure}()
#14 /home/rakin/github/Projects/KasseControl/vendor/laravel/framework/src/Illuminate/Pipeline/Pipeline.php(183): Illuminate\\View\\Middleware\\ShareErrorsFromSession->handle()
#15 /home/rakin/github/Projects/KasseControl/vendor/laravel/framework/src/Illuminate/Session/Middleware/StartSession.php(121): Illuminate\\Pipeline\\Pipeline->Illuminate\\Pipeline\\{closure}()
#16 /home/rakin/github/Projects/KasseControl/vendor/laravel/framework/src/Illuminate/Session/Middleware/StartSession.php(64): Illuminate\\Session\\Middleware\\StartSession->handleStatefulRequest()
#17 /home/rakin/github/Projects/KasseControl/vendor/laravel/framework/src/Illuminate/Pipeline/Pipeline.php(183): Illuminate\\Session\\Middleware\\StartSession->handle()
#18 /home/rakin/github/Projects/KasseControl/vendor/laravel/framework/src/Illuminate/Cookie/Middleware/AddQueuedCookiesToResponse.php(37): Illuminate\\Pipeline\\Pipeline->Illuminate\\Pipeline\\{closure}()
#19 /home/rakin/github/Projects/KasseControl/vendor/laravel/framework/src/Illuminate/Pipeline/Pipeline.php(183): Illuminate\\Cookie\\Middleware\\AddQueuedCookiesToResponse->handle()
#20 /home/rakin/github/Projects/KasseControl/vendor/laravel/framework/src/Illuminate/Cookie/Middleware/EncryptCookies.php(67): Illuminate\\Pipeline\\Pipeline->Illuminate\\Pipeline\\{closure}()
#21 /home/rakin/github/Projects/KasseControl/vendor/laravel/framework/src/Illuminate/Pipeline/Pipeline.php(183): Illuminate\\Cookie\\Middleware\\EncryptCookies->handle()
#22 /home/rakin/github/Projects/KasseControl/vendor/laravel/framework/src/Illuminate/Pipeline/Pipeline.php(119): Illuminate\\Pipeline\\Pipeline->Illuminate\\Pipeline\\{closure}()
#23 /home/rakin/github/Projects/KasseControl/vendor/laravel/framework/src/Illuminate/Routing/Router.php(805): Illuminate\\Pipeline\\Pipeline->then()
#24 /home/rakin/github/Projects/KasseControl/vendor/laravel/framework/src/Illuminate/Routing/Router.php(784): Illuminate\\Routing\\Router->runRouteWithinStack()
#25 /home/rakin/github/Projects/KasseControl/vendor/laravel/framework/src/Illuminate/Routing/Router.php(748): Illuminate\\Routing\\Router->runRoute()
#26 /home/rakin/github/Projects/KasseControl/vendor/laravel/framework/src/Illuminate/Routing/Router.php(737): Illuminate\\Routing\\Router->dispatchToRoute()
#27 /home/rakin/github/Projects/KasseControl/vendor/laravel/framework/src/Illuminate/Foundation/Http/Kernel.php(200): Illuminate\\Routing\\Router->dispatch()
#28 /home/rakin/github/Projects/KasseControl/vendor/laravel/framework/src/Illuminate/Pipeline/Pipeline.php(144): Illuminate\\Foundation\\Http\\Kernel->Illuminate\\Foundation\\Http\\{closure}()
#29 /home/rakin/github/Projects/KasseControl/vendor/laravel/framework/src/Illuminate/Foundation/Http/Middleware/TransformsRequest.php(21): Illuminate\\Pipeline\\Pipeline->Illuminate\\Pipeline\\{closure}()
#30 /home/rakin/github/Projects/KasseControl/vendor/laravel/framework/src/Illuminate/Foundation/Http/Middleware/ConvertEmptyStringsToNull.php(31): Illuminate\\Foundation\\Http\\Middleware\\TransformsRequest->handle()
#31 /home/rakin/github/Projects/KasseControl/vendor/laravel/framework/src/Illuminate/Pipeline/Pipeline.php(183): Illuminate\\Foundation\\Http\\Middleware\\ConvertEmptyStringsToNull->handle()
#32 /home/rakin/github/Projects/KasseControl/vendor/laravel/framework/src/Illuminate/Foundation/Http/Middleware/TransformsRequest.php(21): Illuminate\\Pipeline\\Pipeline->Illuminate\\Pipeline\\{closure}()
#33 /home/rakin/github/Projects/KasseControl/vendor/laravel/framework/src/Illuminate/Foundation/Http/Middleware/TrimStrings.php(40): Illuminate\\Foundation\\Http\\Middleware\\TransformsRequest->handle()
#34 /home/rakin/github/Projects/KasseControl/vendor/laravel/framework/src/Illuminate/Pipeline/Pipeline.php(183): Illuminate\\Foundation\\Http\\Middleware\\TrimStrings->handle()
#35 /home/rakin/github/Projects/KasseControl/vendor/laravel/framework/src/Illuminate/Foundation/Http/Middleware/ValidatePostSize.php(27): Illuminate\\Pipeline\\Pipeline->Illuminate\\Pipeline\\{closure}()
#36 /home/rakin/github/Projects/KasseControl/vendor/laravel/framework/src/Illuminate/Pipeline/Pipeline.php(183): Illuminate\\Foundation\\Http\\Middleware\\ValidatePostSize->handle()
#37 /home/rakin/github/Projects/KasseControl/vendor/laravel/framework/src/Illuminate/Foundation/Http/Middleware/PreventRequestsDuringMaintenance.php(99): Illuminate\\Pipeline\\Pipeline->Illuminate\\Pipeline\\{closure}()
#38 /home/rakin/github/Projects/KasseControl/vendor/laravel/framework/src/Illuminate/Pipeline/Pipeline.php(183): Illuminate\\Foundation\\Http\\Middleware\\PreventRequestsDuringMaintenance->handle()
#39 /home/rakin/github/Projects/KasseControl/vendor/laravel/framework/src/Illuminate/Http/Middleware/HandleCors.php(49): Illuminate\\Pipeline\\Pipeline->Illuminate\\Pipeline\\{closure}()
#40 /home/rakin/github/Projects/KasseControl/vendor/laravel/framework/src/Illuminate/Pipeline/Pipeline.php(183): Illuminate\\Http\\Middleware\\HandleCors->handle()
#41 /home/rakin/github/Projects/KasseControl/vendor/laravel/framework/src/Illuminate/Http/Middleware/TrustProxies.php(39): Illuminate\\Pipeline\\Pipeline->Illuminate\\Pipeline\\{closure}()
#42 /home/rakin/github/Projects/KasseControl/vendor/laravel/framework/src/Illuminate/Pipeline/Pipeline.php(183): Illuminate\\Http\\Middleware\\TrustProxies->handle()
#43 /home/rakin/github/Projects/KasseControl/vendor/laravel/framework/src/Illuminate/Pipeline/Pipeline.php(119): Illuminate\\Pipeline\\Pipeline->Illuminate\\Pipeline\\{closure}()
#44 /home/rakin/github/Projects/KasseControl/vendor/laravel/framework/src/Illuminate/Foundation/Http/Kernel.php(175): Illuminate\\Pipeline\\Pipeline->then()
#45 /home/rakin/github/Projects/KasseControl/vendor/laravel/framework/src/Illuminate/Foundation/Http/Kernel.php(144): Illuminate\\Foundation\\Http\\Kernel->sendRequestThroughRouter()
#46 /home/rakin/github/Projects/KasseControl/public/index.php(21): Illuminate\\Foundation\\Http\\Kernel->handle()
#47 /home/rakin/github/Projects/KasseControl/vendor/laravel/framework/src/Illuminate/Foundation/resources/server.php(16): require_once('...')
#48 {main}
"} 
[2025-11-11 22:00:18] laravel.ERROR: View [pos.index] not found. {"userId":1,"exception":"[object] (InvalidArgumentException(code: 0): View [pos.index] not found. at /home/rakin/github/Projects/KasseControl/vendor/laravel/framework/src/Illuminate/View/FileViewFinder.php:137)
[stacktrace]
#0 /home/rakin/github/Projects/KasseControl/vendor/laravel/framework/src/Illuminate/View/FileViewFinder.php(79): Illuminate\\View\\FileViewFinder->findInPaths()
#1 /home/rakin/github/Projects/KasseControl/vendor/laravel/framework/src/Illuminate/View/Factory.php(137): Illuminate\\View\\FileViewFinder->find()
#2 /home/rakin/github/Projects/KasseControl/vendor/laravel/framework/src/Illuminate/Foundation/helpers.php(1020): Illuminate\\View\\Factory->make()
#3 /home/rakin/github/Projects/KasseControl/app/Http/Controllers/PosController.php(25): view()
#4 /home/rakin/github/Projects/KasseControl/vendor/laravel/framework/src/Illuminate/Routing/Controller.php(54): App\\Http\\Controllers\\PosController->index()
#5 /home/rakin/github/Projects/KasseControl/vendor/laravel/framework/src/Illuminate/Routing/ControllerDispatcher.php(43): Illuminate\\Routing\\Controller->callAction()
#6 /home/rakin/github/Projects/KasseControl/vendor/laravel/framework/src/Illuminate/Routing/Route.php(259): Illuminate\\Routing\\ControllerDispatcher->dispatch()
#7 /home/rakin/github/Projects/KasseControl/vendor/laravel/framework/src/Illuminate/Routing/Route.php(205): Illuminate\\Routing\\Route->runController()
#8 /home/rakin/github/Projects/KasseControl/vendor/laravel/framework/src/Illuminate/Routing/Router.php(806): Illuminate\\Routing\\Route->run()
#9 /home/rakin/github/Projects/KasseControl/vendor/laravel/framework/src/Illuminate/Pipeline/Pipeline.php(144): Illuminate\\Routing\\Router->Illuminate\\Routing\\{closure}()
#10 /home/rakin/github/Projects/KasseControl/vendor/laravel/framework/src/Illuminate/Routing/Middleware/SubstituteBindings.php(50): Illuminate\\Pipeline\\Pipeline->Illuminate\\Pipeline\\{closure}()
#11 /home/rakin/github/Projects/KasseControl/vendor/laravel/framework/src/Illuminate/Pipeline/Pipeline.php(183): Illuminate\\Routing\\Middleware\\SubstituteBindings->handle()
#12 /home/rakin/github/Projects/KasseControl/vendor/laravel/framework/src/Illuminate/Auth/Middleware/Authenticate.php(57): Illuminate\\Pipeline\\Pipeline->Illuminate\\Pipeline\\{closure}()
#13 /home/rakin/github/Projects/KasseControl/vendor/laravel/framework/src/Illuminate/Pipeline/Pipeline.php(183): Illuminate\\Auth\\Middleware\\Authenticate->handle()
#14 /home/rakin/github/Projects/KasseControl/vendor/laravel/framework/src/Illuminate/Foundation/Http/Middleware/VerifyCsrfToken.php(78): Illuminate\\Pipeline\\Pipeline->Illuminate\\Pipeline\\{closure}()
#15 /home/rakin/github/Projects/KasseControl/vendor/laravel/framework/src/Illuminate/Pipeline/Pipeline.php(183): Illuminate\\Foundation\\Http\\Middleware\\VerifyCsrfToken->handle()
#16 /home/rakin/github/Projects/KasseControl/vendor/laravel/framework/src/Illuminate/View/Middleware/ShareErrorsFromSession.php(49): Illuminate\\Pipeline\\Pipeline->Illuminate\\Pipeline\\{closure}()
#17 /home/rakin/github/Projects/KasseControl/vendor/laravel/framework/src/Illuminate/Pipeline/Pipeline.php(183): Illuminate\\View\\Middleware\\ShareErrorsFromSession->handle()
#18 /home/rakin/github/Projects/KasseControl/vendor/laravel/framework/src/Illuminate/Session/Middleware/StartSession.php(121): Illuminate\\Pipeline\\Pipeline->Illuminate\\Pipeline\\{closure}()
#19 /home/rakin/github/Projects/KasseControl/vendor/laravel/framework/src/Illuminate/Session/Middleware/StartSession.php(64): Illuminate\\Session\\Middleware\\StartSession->handleStatefulRequest()
#20 /home/rakin/github/Projects/KasseControl/vendor/laravel/framework/src/Illuminate/Pipeline/Pipeline.php(183): Illuminate\\Session\\Middleware\\StartSession->handle()
#21 /home/rakin/github/Projects/KasseControl/vendor/laravel/framework/src/Illuminate/Cookie/Middleware/AddQueuedCookiesToResponse.php(37): Illuminate\\Pipeline\\Pipeline->Illuminate\\Pipeline\\{closure}()
#22 /home/rakin/github/Projects/KasseControl/vendor/laravel/framework/src/Illuminate/Pipeline/Pipeline.php(183): Illuminate\\Cookie\\Middleware\\AddQueuedCookiesToResponse->handle()
#23 /home/rakin/github/Projects/KasseControl/vendor/laravel/framework/src/Illuminate/Cookie/Middleware/EncryptCookies.php(67): Illuminate\\Pipeline\\Pipeline->Illuminate\\Pipeline\\{closure}()
#24 /home/rakin/github/Projects/KasseControl/vendor/laravel/framework/src/Illuminate/Pipeline/Pipeline.php(183): Illuminate\\Cookie\\Middleware\\EncryptCookies->handle()
#25 /home/rakin/github/Projects/KasseControl/vendor/laravel/framework/src/Illuminate/Pipeline/Pipeline.php(119): Illuminate\\Pipeline\\Pipeline->Illuminate\\Pipeline\\{closure}()
#26 /home/rakin/github/Projects/KasseControl/vendor/laravel/framework/src/Illuminate/Routing/Router.php(805): Illuminate\\Pipeline\\Pipeline->then()
#27 /home/rakin/github/Projects/KasseControl/vendor/laravel/framework/src/Illuminate/Routing/Router.php(784): Illuminate\\Routing\\Router->runRouteWithinStack()
#28 /home/rakin/github/Projects/KasseControl/vendor/laravel/framework/src/Illuminate/Routing/Router.php(748): Illuminate\\Routing\\Router->runRoute()
#29 /home/rakin/github/Projects/KasseControl/vendor/laravel/framework/src/Illuminate/Routing/Router.php(737): Illuminate\\Routing\\Router->dispatchToRoute()
#30 /home/rakin/github/Projects/KasseControl/vendor/laravel/framework/src/Illuminate/Foundation/Http/Kernel.php(200): Illuminate\\Routing\\Router->dispatch()
#31 /home/rakin/github/Projects/KasseControl/vendor/laravel/framework/src/Illuminate/Pipeline/Pipeline.php(144): Illuminate\\Foundation\\Http\\Kernel->Illuminate\\Foundation\\Http\\{closure}()
#32 /home/rakin/github/Projects/KasseControl/vendor/laravel/framework/src/Illuminate/Foundation/Http/Middleware/TransformsRequest.php(21): Illuminate\\Pipeline\\Pipeline->Illuminate\\Pipeline\\{closure}()
#33 /home/rakin/github/Projects/KasseControl/vendor/laravel/framework/src/Illuminate/Foundation/Http/Middleware/ConvertEmptyStringsToNull.php(31): Illuminate\\Foundation\\Http\\Middleware\\TransformsRequest->handle()
#34 /home/rakin/github/Projects/KasseControl/vendor/laravel/framework/src/Illuminate/Pipeline/Pipeline.php(183): Illuminate\\Foundation\\Http\\Middleware\\ConvertEmptyStringsToNull->handle()
#35 /home/rakin/github/Projects/KasseControl/vendor/laravel/framework/src/Illuminate/Foundation/Http/Middleware/TransformsRequest.php(21): Illuminate\\Pipeline\\Pipeline->Illuminate\\Pipeline\\{closure}()
#36 /home/rakin/github/Projects/KasseControl/vendor/laravel/framework/src/Illuminate/Foundation/Http/Middleware/TrimStrings.php(40): Illuminate\\Foundation\\Http\\Middleware\\TransformsRequest->handle()
#37 /home/rakin/github/Projects/KasseControl/vendor/laravel/framework/src/Illuminate/Pipeline/Pipeline.php(183): Illuminate\\Foundation\\Http\\Middleware\\TrimStrings->handle()
#38 /home/rakin/github/Projects/KasseControl/vendor/laravel/framework/src/Illuminate/Foundation/Http/Middleware/ValidatePostSize.php(27): Illuminate\\Pipeline\\Pipeline->Illuminate\\Pipeline\\{closure}()
#39 /home/rakin/github/Projects/KasseControl/vendor/laravel/framework/src/Illuminate/Pipeline/Pipeline.php(183): Illuminate\\Foundation\\Http\\Middleware\\ValidatePostSize->handle()
#40 /home/rakin/github/Projects/KasseControl/vendor/laravel/framework/src/Illuminate/Foundation/Http/Middleware/PreventRequestsDuringMaintenance.php(99): Illuminate\\Pipeline\\Pipeline->Illuminate\\Pipeline\\{closure}()
#41 /home/rakin/github/Projects/KasseControl/vendor/laravel/framework/src/Illuminate/Pipeline/Pipeline.php(183): Illuminate\\Foundation\\Http\\Middleware\\PreventRequestsDuringMaintenance->handle()
#42 /home/rakin/github/Projects/KasseControl/vendor/laravel/framework/src/Illuminate/Http/Middleware/HandleCors.php(49): Illuminate\\Pipeline\\Pipeline->Illuminate\\Pipeline\\{closure}()
#43 /home/rakin/github/Projects/KasseControl/vendor/laravel/framework/src/Illuminate/Pipeline/Pipeline.php(183): Illuminate\\Http\\Middleware\\HandleCors->handle()
#44 /home/rakin/github/Projects/KasseControl/vendor/laravel/framework/src/Illuminate/Http/Middleware/TrustProxies.php(39): Illuminate\\Pipeline\\Pipeline->Illuminate\\Pipeline\\{closure}()
#45 /home/rakin/github/Projects/KasseControl/vendor/laravel/framework/src/Illuminate/Pipeline/Pipeline.php(183): Illuminate\\Http\\Middleware\\TrustProxies->handle()
#46 /home/rakin/github/Projects/KasseControl/vendor/laravel/framework/src/Illuminate/Pipeline/Pipeline.php(119): Illuminate\\Pipeline\\Pipeline->Illuminate\\Pipeline\\{closure}()
#47 /home/rakin/github/Projects/KasseControl/vendor/laravel/framework/src/Illuminate/Foundation/Http/Kernel.php(175): Illuminate\\Pipeline\\Pipeline->then()
#48 /home/rakin/github/Projects/KasseControl/vendor/laravel/framework/src/Illuminate/Foundation/Http/Kernel.php(144): Illuminate\\Foundation\\Http\\Kernel->sendRequestThroughRouter()
#49 /home/rakin/github/Projects/KasseControl/public/index.php(21): Illuminate\\Foundation\\Http\\Kernel->handle()
#50 /home/rakin/github/Projects/KasseControl/vendor/laravel/framework/src/Illuminate/Foundation/resources/server.php(16): require_once('...')
#51 {main}
"} 
[2025-11-11 22:00:24] laravel.EMERGENCY: Unable to create configured logger. Using emergency logger. {"exception":"[object] (InvalidArgumentException(code: 0): Log [] is not defined. at /home/rakin/github/Projects/KasseControl/vendor/laravel/framework/src/Illuminate/Log/LogManager.php:212)
[stacktrace]
#0 /home/rakin/github/Projects/KasseControl/vendor/laravel/framework/src/Illuminate/Log/LogManager.php(137): Illuminate\\Log\\LogManager->resolve()
#1 /home/rakin/github/Projects/KasseControl/vendor/laravel/framework/src/Illuminate/Log/LogManager.php(124): Illuminate\\Log\\LogManager->get()
#2 /home/rakin/github/Projects/KasseControl/vendor/laravel/framework/src/Illuminate/Log/LogManager.php(681): Illuminate\\Log\\LogManager->driver()
#3 /home/rakin/github/Projects/KasseControl/vendor/laravel/framework/src/Illuminate/Foundation/Exceptions/Handler.php(317): Illuminate\\Log\\LogManager->error()
#4 /home/rakin/github/Projects/KasseControl/vendor/laravel/framework/src/Illuminate/Foundation/Exceptions/Handler.php(278): Illuminate\\Foundation\\Exceptions\\Handler->reportThrowable()
#5 /home/rakin/github/Projects/KasseControl/vendor/laravel/framework/src/Illuminate/Routing/Pipeline.php(49): Illuminate\\Foundation\\Exceptions\\Handler->report()
#6 /home/rakin/github/Projects/KasseControl/vendor/laravel/framework/src/Illuminate/Pipeline/Pipeline.php(146): Illuminate\\Routing\\Pipeline->handleException()
#7 /home/rakin/github/Projects/KasseControl/app/Http/Middleware/CheckRole.php(20): Illuminate\\Pipeline\\Pipeline->Illuminate\\Pipeline\\{closure}()
#8 /home/rakin/github/Projects/KasseControl/vendor/laravel/framework/src/Illuminate/Pipeline/Pipeline.php(183): App\\Http\\Middleware\\CheckRole->handle()
#9 /home/rakin/github/Projects/KasseControl/vendor/laravel/framework/src/Illuminate/Routing/Middleware/SubstituteBindings.php(50): Illuminate\\Pipeline\\Pipeline->Illuminate\\Pipeline\\{closure}()
#10 /home/rakin/github/Projects/KasseControl/vendor/laravel/framework/src/Illuminate/Pipeline/Pipeline.php(183): Illuminate\\Routing\\Middleware\\SubstituteBindings->handle()
#11 /home/rakin/github/Projects/KasseControl/vendor/laravel/framework/src/Illuminate/Auth/Middleware/Authenticate.php(57): Illuminate\\Pipeline\\Pipeline->Illuminate\\Pipeline\\{closure}()
#12 /home/rakin/github/Projects/KasseControl/vendor/laravel/framework/src/Illuminate/Pipeline/Pipeline.php(183): Illuminate\\Auth\\Middleware\\Authenticate->handle()
#13 /home/rakin/github/Projects/KasseControl/vendor/laravel/framework/src/Illuminate/Foundation/Http/Middleware/VerifyCsrfToken.php(78): Illuminate\\Pipeline\\Pipeline->Illuminate\\Pipeline\\{closure}()
#14 /home/rakin/github/Projects/KasseControl/vendor/laravel/framework/src/Illuminate/Pipeline/Pipeline.php(183): Illuminate\\Foundation\\Http\\Middleware\\VerifyCsrfToken->handle()
#15 /home/rakin/github/Projects/KasseControl/vendor/laravel/framework/src/Illuminate/View/Middleware/ShareErrorsFromSession.php(49): Illuminate\\Pipeline\\Pipeline->Illuminate\\Pipeline\\{closure}()
#16 /home/rakin/github/Projects/KasseControl/vendor/laravel/framework/src/Illuminate/Pipeline/Pipeline.php(183): Illuminate\\View\\Middleware\\ShareErrorsFromSession->handle()
#17 /home/rakin/github/Projects/KasseControl/vendor/laravel/framework/src/Illuminate/Session/Middleware/StartSession.php(121): Illuminate\\Pipeline\\Pipeline->Illuminate\\Pipeline\\{closure}()
#18 /home/rakin/github/Projects/KasseControl/vendor/laravel/framework/src/Illuminate/Session/Middleware/StartSession.php(64): Illuminate\\Session\\Middleware\\StartSession->handleStatefulRequest()
#19 /home/rakin/github/Projects/KasseControl/vendor/laravel/framework/src/Illuminate/Pipeline/Pipeline.php(183): Illuminate\\Session\\Middleware\\StartSession->handle()
#20 /home/rakin/github/Projects/KasseControl/vendor/laravel/framework/src/Illuminate/Cookie/Middleware/AddQueuedCookiesToResponse.php(37): Illuminate\\Pipeline\\Pipeline->Illuminate\\Pipeline\\{closure}()
#21 /home/rakin/github/Projects/KasseControl/vendor/laravel/framework/src/Illuminate/Pipeline/Pipeline.php(183): Illuminate\\Cookie\\Middleware\\AddQueuedCookiesToResponse->handle()
#22 /home/rakin/github/Projects/KasseControl/vendor/laravel/framework/src/Illuminate/Cookie/Middleware/EncryptCookies.php(67): Illuminate\\Pipeline\\Pipeline->Illuminate\\Pipeline\\{closure}()
#23 /home/rakin/github/Projects/KasseControl/vendor/laravel/framework/src/Illuminate/Pipeline/Pipeline.php(183): Illuminate\\Cookie\\Middleware\\EncryptCookies->handle()
#24 /home/rakin/github/Projects/KasseControl/vendor/laravel/framework/src/Illuminate/Pipeline/Pipeline.php(119): Illuminate\\Pipeline\\Pipeline->Illuminate\\Pipeline\\{closure}()
#25 /home/rakin/github/Projects/KasseControl/vendor/laravel/framework/src/Illuminate/Routing/Router.php(805): Illuminate\\Pipeline\\Pipeline->then()
#26 /home/rakin/github/Projects/KasseControl/vendor/laravel/framework/src/Illuminate/Routing/Router.php(784): Illuminate\\Routing\\Router->runRouteWithinStack()
#27 /home/rakin/github/Projects/KasseControl/vendor/laravel/framework/src/Illuminate/Routing/Router.php(748): Illuminate\\Routing\\Router->runRoute()
#28 /home/rakin/github/Projects/KasseControl/vendor/laravel/framework/src/Illuminate/Routing/Router.php(737): Illuminate\\Routing\\Router->dispatchToRoute()
#29 /home/rakin/github/Projects/KasseControl/vendor/laravel/framework/src/Illuminate/Foundation/Http/Kernel.php(200): Illuminate\\Routing\\Router->dispatch()
#30 /home/rakin/github/Projects/KasseControl/vendor/laravel/framework/src/Illuminate/Pipeline/Pipeline.php(144): Illuminate\\Foundation\\Http\\Kernel->Illuminate\\Foundation\\Http\\{closure}()
#31 /home/rakin/github/Projects/KasseControl/vendor/laravel/framework/src/Illuminate/Foundation/Http/Middleware/TransformsRequest.php(21): Illuminate\\Pipeline\\Pipeline->Illuminate\\Pipeline\\{closure}()
#32 /home/rakin/github/Projects/KasseControl/vendor/laravel/framework/src/Illuminate/Foundation/Http/Middleware/ConvertEmptyStringsToNull.php(31): Illuminate\\Foundation\\Http\\Middleware\\TransformsRequest->handle()
#33 /home/rakin/github/Projects/KasseControl/vendor/laravel/framework/src/Illuminate/Pipeline/Pipeline.php(183): Illuminate\\Foundation\\Http\\Middleware\\ConvertEmptyStringsToNull->handle()
#34 /home/rakin/github/Projects/KasseControl/vendor/laravel/framework/src/Illuminate/Foundation/Http/Middleware/TransformsRequest.php(21): Illuminate\\Pipeline\\Pipeline->Illuminate\\Pipeline\\{closure}()
#35 /home/rakin/github/Projects/KasseControl/vendor/laravel/framework/src/Illuminate/Foundation/Http/Middleware/TrimStrings.php(40): Illuminate\\Foundation\\Http\\Middleware\\TransformsRequest->handle()
#36 /home/rakin/github/Projects/KasseControl/vendor/laravel/framework/src/Illuminate/Pipeline/Pipeline.php(183): Illuminate\\Foundation\\Http\\Middleware\\TrimStrings->handle()
#37 /home/rakin/github/Projects/KasseControl/vendor/laravel/framework/src/Illuminate/Foundation/Http/Middleware/ValidatePostSize.php(27): Illuminate\\Pipeline\\Pipeline->Illuminate\\Pipeline\\{closure}()
#38 /home/rakin/github/Projects/KasseControl/vendor/laravel/framework/src/Illuminate/Pipeline/Pipeline.php(183): Illuminate\\Foundation\\Http\\Middleware\\ValidatePostSize->handle()
#39 /home/rakin/github/Projects/KasseControl/vendor/laravel/framework/src/Illuminate/Foundation/Http/Middleware/PreventRequestsDuringMaintenance.php(99): Illuminate\\Pipeline\\Pipeline->Illuminate\\Pipeline\\{closure}()
#40 /home/rakin/github/Projects/KasseControl/vendor/laravel/framework/src/Illuminate/Pipeline/Pipeline.php(183): Illuminate\\Foundation\\Http\\Middleware\\PreventRequestsDuringMaintenance->handle()
#41 /home/rakin/github/Projects/KasseControl/vendor/laravel/framework/src/Illuminate/Http/Middleware/HandleCors.php(49): Illuminate\\Pipeline\\Pipeline->Illuminate\\Pipeline\\{closure}()
#42 /home/rakin/github/Projects/KasseControl/vendor/laravel/framework/src/Illuminate/Pipeline/Pipeline.php(183): Illuminate\\Http\\Middleware\\HandleCors->handle()
#43 /home/rakin/github/Projects/KasseControl/vendor/laravel/framework/src/Illuminate/Http/Middleware/TrustProxies.php(39): Illuminate\\Pipeline\\Pipeline->Illuminate\\Pipeline\\{closure}()
#44 /home/rakin/github/Projects/KasseControl/vendor/laravel/framework/src/Illuminate/Pipeline/Pipeline.php(183): Illuminate\\Http\\Middleware\\TrustProxies->handle()
#45 /home/rakin/github/Projects/KasseControl/vendor/laravel/framework/src/Illuminate/Pipeline/Pipeline.php(119): Illuminate\\Pipeline\\Pipeline->Illuminate\\Pipeline\\{closure}()
#46 /home/rakin/github/Projects/KasseControl/vendor/laravel/framework/src/Illuminate/Foundation/Http/Kernel.php(175): Illuminate\\Pipeline\\Pipeline->then()
#47 /home/rakin/github/Projects/KasseControl/vendor/laravel/framework/src/Illuminate/Foundation/Http/Kernel.php(144): Illuminate\\Foundation\\Http\\Kernel->sendRequestThroughRouter()
#48 /home/rakin/github/Projects/KasseControl/public/index.php(21): Illuminate\\Foundation\\Http\\Kernel->handle()
#49 /home/rakin/github/Projects/KasseControl/vendor/laravel/framework/src/Illuminate/Foundation/resources/server.php(16): require_once('...')
#50 {main}
"} 
[2025-11-11 22:00:24] laravel.ERROR: View [products.index] not found. {"userId":1,"exception":"[object] (InvalidArgumentException(code: 0): View [products.index] not found. at /home/rakin/github/Projects/KasseControl/vendor/laravel/framework/src/Illuminate/View/FileViewFinder.php:137)
[stacktrace]
#0 /home/rakin/github/Projects/KasseControl/vendor/laravel/framework/src/Illuminate/View/FileViewFinder.php(79): Illuminate\\View\\FileViewFinder->findInPaths()
#1 /home/rakin/github/Projects/KasseControl/vendor/laravel/framework/src/Illuminate/View/Factory.php(137): Illuminate\\View\\FileViewFinder->find()
#2 /home/rakin/github/Projects/KasseControl/vendor/laravel/framework/src/Illuminate/Foundation/helpers.php(1020): Illuminate\\View\\Factory->make()
#3 /home/rakin/github/Projects/KasseControl/app/Http/Controllers/ProductController.php(31): view()
#4 /home/rakin/github/Projects/KasseControl/vendor/laravel/framework/src/Illuminate/Routing/Controller.php(54): App\\Http\\Controllers\\ProductController->index()
#5 /home/rakin/github/Projects/KasseControl/vendor/laravel/framework/src/Illuminate/Routing/ControllerDispatcher.php(43): Illuminate\\Routing\\Controller->callAction()
#6 /home/rakin/github/Projects/KasseControl/vendor/laravel/framework/src/Illuminate/Routing/Route.php(259): Illuminate\\Routing\\ControllerDispatcher->dispatch()
#7 /home/rakin/github/Projects/KasseControl/vendor/laravel/framework/src/Illuminate/Routing/Route.php(205): Illuminate\\Routing\\Route->runController()
#8 /home/rakin/github/Projects/KasseControl/vendor/laravel/framework/src/Illuminate/Routing/Router.php(806): Illuminate\\Routing\\Route->run()
#9 /home/rakin/github/Projects/KasseControl/vendor/laravel/framework/src/Illuminate/Pipeline/Pipeline.php(144): Illuminate\\Routing\\Router->Illuminate\\Routing\\{closure}()
#10 /home/rakin/github/Projects/KasseControl/app/Http/Middleware/CheckRole.php(20): Illuminate\\Pipeline\\Pipeline->Illuminate\\Pipeline\\{closure}()
#11 /home/rakin/github/Projects/KasseControl/vendor/laravel/framework/src/Illuminate/Pipeline/Pipeline.php(183): App\\Http\\Middleware\\CheckRole->handle()
#12 /home/rakin/github/Projects/KasseControl/vendor/laravel/framework/src/Illuminate/Routing/Middleware/SubstituteBindings.php(50): Illuminate\\Pipeline\\Pipeline->Illuminate\\Pipeline\\{closure}()
#13 /home/rakin/github/Projects/KasseControl/vendor/laravel/framework/src/Illuminate/Pipeline/Pipeline.php(183): Illuminate\\Routing\\Middleware\\SubstituteBindings->handle()
#14 /home/rakin/github/Projects/KasseControl/vendor/laravel/framework/src/Illuminate/Auth/Middleware/Authenticate.php(57): Illuminate\\Pipeline\\Pipeline->Illuminate\\Pipeline\\{closure}()
#15 /home/rakin/github/Projects/KasseControl/vendor/laravel/framework/src/Illuminate/Pipeline/Pipeline.php(183): Illuminate\\Auth\\Middleware\\Authenticate->handle()
#16 /home/rakin/github/Projects/KasseControl/vendor/laravel/framework/src/Illuminate/Foundation/Http/Middleware/VerifyCsrfToken.php(78): Illuminate\\Pipeline\\Pipeline->Illuminate\\Pipeline\\{closure}()
#17 /home/rakin/github/Projects/KasseControl/vendor/laravel/framework/src/Illuminate/Pipeline/Pipeline.php(183): Illuminate\\Foundation\\Http\\Middleware\\VerifyCsrfToken->handle()
#18 /home/rakin/github/Projects/KasseControl/vendor/laravel/framework/src/Illuminate/View/Middleware/ShareErrorsFromSession.php(49): Illuminate\\Pipeline\\Pipeline->Illuminate\\Pipeline\\{closure}()
#19 /home/rakin/github/Projects/KasseControl/vendor/laravel/framework/src/Illuminate/Pipeline/Pipeline.php(183): Illuminate\\View\\Middleware\\ShareErrorsFromSession->handle()
#20 /home/rakin/github/Projects/KasseControl/vendor/laravel/framework/src/Illuminate/Session/Middleware/StartSession.php(121): Illuminate\\Pipeline\\Pipeline->Illuminate\\Pipeline\\{closure}()
#21 /home/rakin/github/Projects/KasseControl/vendor/laravel/framework/src/Illuminate/Session/Middleware/StartSession.php(64): Illuminate\\Session\\Middleware\\StartSession->handleStatefulRequest()
#22 /home/rakin/github/Projects/KasseControl/vendor/laravel/framework/src/Illuminate/Pipeline/Pipeline.php(183): Illuminate\\Session\\Middleware\\StartSession->handle()
#23 /home/rakin/github/Projects/KasseControl/vendor/laravel/framework/src/Illuminate/Cookie/Middleware/AddQueuedCookiesToResponse.php(37): Illuminate\\Pipeline\\Pipeline->Illuminate\\Pipeline\\{closure}()
#24 /home/rakin/github/Projects/KasseControl/vendor/laravel/framework/src/Illuminate/Pipeline/Pipeline.php(183): Illuminate\\Cookie\\Middleware\\AddQueuedCookiesToResponse->handle()
#25 /home/rakin/github/Projects/KasseControl/vendor/laravel/framework/src/Illuminate/Cookie/Middleware/EncryptCookies.php(67): Illuminate\\Pipeline\\Pipeline->Illuminate\\Pipeline\\{closure}()
#26 /home/rakin/github/Projects/KasseControl/vendor/laravel/framework/src/Illuminate/Pipeline/Pipeline.php(183): Illuminate\\Cookie\\Middleware\\EncryptCookies->handle()
#27 /home/rakin/github/Projects/KasseControl/vendor/laravel/framework/src/Illuminate/Pipeline/Pipeline.php(119): Illuminate\\Pipeline\\Pipeline->Illuminate\\Pipeline\\{closure}()
#28 /home/rakin/github/Projects/KasseControl/vendor/laravel/framework/src/Illuminate/Routing/Router.php(805): Illuminate\\Pipeline\\Pipeline->then()
#29 /home/rakin/github/Projects/KasseControl/vendor/laravel/framework/src/Illuminate/Routing/Router.php(784): Illuminate\\Routing\\Router->runRouteWithinStack()
#30 /home/rakin/github/Projects/KasseControl/vendor/laravel/framework/src/Illuminate/Routing/Router.php(748): Illuminate\\Routing\\Router->runRoute()
#31 /home/rakin/github/Projects/KasseControl/vendor/laravel/framework/src/Illuminate/Routing/Router.php(737): Illuminate\\Routing\\Router->dispatchToRoute()
#32 /home/rakin/github/Projects/KasseControl/vendor/laravel/framework/src/Illuminate/Foundation/Http/Kernel.php(200): Illuminate\\Routing\\Router->dispatch()
#33 /home/rakin/github/Projects/KasseControl/vendor/laravel/framework/src/Illuminate/Pipeline/Pipeline.php(144): Illuminate\\Foundation\\Http\\Kernel->Illuminate\\Foundation\\Http\\{closure}()
#34 /home/rakin/github/Projects/KasseControl/vendor/laravel/framework/src/Illuminate/Foundation/Http/Middleware/TransformsRequest.php(21): Illuminate\\Pipeline\\Pipeline->Illuminate\\Pipeline\\{closure}()
#35 /home/rakin/github/Projects/KasseControl/vendor/laravel/framework/src/Illuminate/Foundation/Http/Middleware/ConvertEmptyStringsToNull.php(31): Illuminate\\Foundation\\Http\\Middleware\\TransformsRequest->handle()
#36 /home/rakin/github/Projects/KasseControl/vendor/laravel/framework/src/Illuminate/Pipeline/Pipeline.php(183): Illuminate\\Foundation\\Http\\Middleware\\ConvertEmptyStringsToNull->handle()
#37 /home/rakin/github/Projects/KasseControl/vendor/laravel/framework/src/Illuminate/Foundation/Http/Middleware/TransformsRequest.php(21): Illuminate\\Pipeline\\Pipeline->Illuminate\\Pipeline\\{closure}()
#38 /home/rakin/github/Projects/KasseControl/vendor/laravel/framework/src/Illuminate/Foundation/Http/Middleware/TrimStrings.php(40): Illuminate\\Foundation\\Http\\Middleware\\TransformsRequest->handle()
#39 /home/rakin/github/Projects/KasseControl/vendor/laravel/framework/src/Illuminate/Pipeline/Pipeline.php(183): Illuminate\\Foundation\\Http\\Middleware\\TrimStrings->handle()
#40 /home/rakin/github/Projects/KasseControl/vendor/laravel/framework/src/Illuminate/Foundation/Http/Middleware/ValidatePostSize.php(27): Illuminate\\Pipeline\\Pipeline->Illuminate\\Pipeline\\{closure}()
#41 /home/rakin/github/Projects/KasseControl/vendor/laravel/framework/src/Illuminate/Pipeline/Pipeline.php(183): Illuminate\\Foundation\\Http\\Middleware\\ValidatePostSize->handle()
#42 /home/rakin/github/Projects/KasseControl/vendor/laravel/framework/src/Illuminate/Foundation/Http/Middleware/PreventRequestsDuringMaintenance.php(99): Illuminate\\Pipeline\\Pipeline->Illuminate\\Pipeline\\{closure}()
#43 /home/rakin/github/Projects/KasseControl/vendor/laravel/framework/src/Illuminate/Pipeline/Pipeline.php(183): Illuminate\\Foundation\\Http\\Middleware\\PreventRequestsDuringMaintenance->handle()
#44 /home/rakin/github/Projects/KasseControl/vendor/laravel/framework/src/Illuminate/Http/Middleware/HandleCors.php(49): Illuminate\\Pipeline\\Pipeline->Illuminate\\Pipeline\\{closure}()
#45 /home/rakin/github/Projects/KasseControl/vendor/laravel/framework/src/Illuminate/Pipeline/Pipeline.php(183): Illuminate\\Http\\Middleware\\HandleCors->handle()
#46 /home/rakin/github/Projects/KasseControl/vendor/laravel/framework/src/Illuminate/Http/Middleware/TrustProxies.php(39): Illuminate\\Pipeline\\Pipeline->Illuminate\\Pipeline\\{closure}()
#47 /home/rakin/github/Projects/KasseControl/vendor/laravel/framework/src/Illuminate/Pipeline/Pipeline.php(183): Illuminate\\Http\\Middleware\\TrustProxies->handle()
#48 /home/rakin/github/Projects/KasseControl/vendor/laravel/framework/src/Illuminate/Pipeline/Pipeline.php(119): Illuminate\\Pipeline\\Pipeline->Illuminate\\Pipeline\\{closure}()
#49 /home/rakin/github/Projects/KasseControl/vendor/laravel/framework/src/Illuminate/Foundation/Http/Kernel.php(175): Illuminate\\Pipeline\\Pipeline->then()
#50 /home/rakin/github/Projects/KasseControl/vendor/laravel/framework/src/Illuminate/Foundation/Http/Kernel.php(144): Illuminate\\Foundation\\Http\\Kernel->sendRequestThroughRouter()
#51 /home/rakin/github/Projects/KasseControl/public/index.php(21): Illuminate\\Foundation\\Http\\Kernel->handle()
#52 /home/rakin/github/Projects/KasseControl/vendor/laravel/framework/src/Illuminate/Foundation/resources/server.php(16): require_once('...')
#53 {main}
"} 
[2025-11-11 22:00:29] laravel.EMERGENCY: Unable to create configured logger. Using emergency logger. {"exception":"[object] (InvalidArgumentException(code: 0): Log [] is not defined. at /home/rakin/github/Projects/KasseControl/vendor/laravel/framework/src/Illuminate/Log/LogManager.php:212)
[stacktrace]
#0 /home/rakin/github/Projects/KasseControl/vendor/laravel/framework/src/Illuminate/Log/LogManager.php(137): Illuminate\\Log\\LogManager->resolve()
#1 /home/rakin/github/Projects/KasseControl/vendor/laravel/framework/src/Illuminate/Log/LogManager.php(124): Illuminate\\Log\\LogManager->get()
#2 /home/rakin/github/Projects/KasseControl/vendor/laravel/framework/src/Illuminate/Log/LogManager.php(681): Illuminate\\Log\\LogManager->driver()
#3 /home/rakin/github/Projects/KasseControl/vendor/laravel/framework/src/Illuminate/Foundation/Exceptions/Handler.php(317): Illuminate\\Log\\LogManager->error()
#4 /home/rakin/github/Projects/KasseControl/vendor/laravel/framework/src/Illuminate/Foundation/Exceptions/Handler.php(278): Illuminate\\Foundation\\Exceptions\\Handler->reportThrowable()
#5 /home/rakin/github/Projects/KasseControl/vendor/laravel/framework/src/Illuminate/Routing/Pipeline.php(49): Illuminate\\Foundation\\Exceptions\\Handler->report()
#6 /home/rakin/github/Projects/KasseControl/vendor/laravel/framework/src/Illuminate/Pipeline/Pipeline.php(146): Illuminate\\Routing\\Pipeline->handleException()
#7 /home/rakin/github/Projects/KasseControl/app/Http/Middleware/CheckRole.php(20): Illuminate\\Pipeline\\Pipeline->Illuminate\\Pipeline\\{closure}()
#8 /home/rakin/github/Projects/KasseControl/vendor/laravel/framework/src/Illuminate/Pipeline/Pipeline.php(183): App\\Http\\Middleware\\CheckRole->handle()
#9 /home/rakin/github/Projects/KasseControl/vendor/laravel/framework/src/Illuminate/Routing/Middleware/SubstituteBindings.php(50): Illuminate\\Pipeline\\Pipeline->Illuminate\\Pipeline\\{closure}()
#10 /home/rakin/github/Projects/KasseControl/vendor/laravel/framework/src/Illuminate/Pipeline/Pipeline.php(183): Illuminate\\Routing\\Middleware\\SubstituteBindings->handle()
#11 /home/rakin/github/Projects/KasseControl/vendor/laravel/framework/src/Illuminate/Auth/Middleware/Authenticate.php(57): Illuminate\\Pipeline\\Pipeline->Illuminate\\Pipeline\\{closure}()
#12 /home/rakin/github/Projects/KasseControl/vendor/laravel/framework/src/Illuminate/Pipeline/Pipeline.php(183): Illuminate\\Auth\\Middleware\\Authenticate->handle()
#13 /home/rakin/github/Projects/KasseControl/vendor/laravel/framework/src/Illuminate/Foundation/Http/Middleware/VerifyCsrfToken.php(78): Illuminate\\Pipeline\\Pipeline->Illuminate\\Pipeline\\{closure}()
#14 /home/rakin/github/Projects/KasseControl/vendor/laravel/framework/src/Illuminate/Pipeline/Pipeline.php(183): Illuminate\\Foundation\\Http\\Middleware\\VerifyCsrfToken->handle()
#15 /home/rakin/github/Projects/KasseControl/vendor/laravel/framework/src/Illuminate/View/Middleware/ShareErrorsFromSession.php(49): Illuminate\\Pipeline\\Pipeline->Illuminate\\Pipeline\\{closure}()
#16 /home/rakin/github/Projects/KasseControl/vendor/laravel/framework/src/Illuminate/Pipeline/Pipeline.php(183): Illuminate\\View\\Middleware\\ShareErrorsFromSession->handle()
#17 /home/rakin/github/Projects/KasseControl/vendor/laravel/framework/src/Illuminate/Session/Middleware/StartSession.php(121): Illuminate\\Pipeline\\Pipeline->Illuminate\\Pipeline\\{closure}()
#18 /home/rakin/github/Projects/KasseControl/vendor/laravel/framework/src/Illuminate/Session/Middleware/StartSession.php(64): Illuminate\\Session\\Middleware\\StartSession->handleStatefulRequest()
#19 /home/rakin/github/Projects/KasseControl/vendor/laravel/framework/src/Illuminate/Pipeline/Pipeline.php(183): Illuminate\\Session\\Middleware\\StartSession->handle()
#20 /home/rakin/github/Projects/KasseControl/vendor/laravel/framework/src/Illuminate/Cookie/Middleware/AddQueuedCookiesToResponse.php(37): Illuminate\\Pipeline\\Pipeline->Illuminate\\Pipeline\\{closure}()
#21 /home/rakin/github/Projects/KasseControl/vendor/laravel/framework/src/Illuminate/Pipeline/Pipeline.php(183): Illuminate\\Cookie\\Middleware\\AddQueuedCookiesToResponse->handle()
#22 /home/rakin/github/Projects/KasseControl/vendor/laravel/framework/src/Illuminate/Cookie/Middleware/EncryptCookies.php(67): Illuminate\\Pipeline\\Pipeline->Illuminate\\Pipeline\\{closure}()
#23 /home/rakin/github/Projects/KasseControl/vendor/laravel/framework/src/Illuminate/Pipeline/Pipeline.php(183): Illuminate\\Cookie\\Middleware\\EncryptCookies->handle()
#24 /home/rakin/github/Projects/KasseControl/vendor/laravel/framework/src/Illuminate/Pipeline/Pipeline.php(119): Illuminate\\Pipeline\\Pipeline->Illuminate\\Pipeline\\{closure}()
#25 /home/rakin/github/Projects/KasseControl/vendor/laravel/framework/src/Illuminate/Routing/Router.php(805): Illuminate\\Pipeline\\Pipeline->then()
#26 /home/rakin/github/Projects/KasseControl/vendor/laravel/framework/src/Illuminate/Routing/Router.php(784): Illuminate\\Routing\\Router->runRouteWithinStack()
#27 /home/rakin/github/Projects/KasseControl/vendor/laravel/framework/src/Illuminate/Routing/Router.php(748): Illuminate\\Routing\\Router->runRoute()
#28 /home/rakin/github/Projects/KasseControl/vendor/laravel/framework/src/Illuminate/Routing/Router.php(737): Illuminate\\Routing\\Router->dispatchToRoute()
#29 /home/rakin/github/Projects/KasseControl/vendor/laravel/framework/src/Illuminate/Foundation/Http/Kernel.php(200): Illuminate\\Routing\\Router->dispatch()
#30 /home/rakin/github/Projects/KasseControl/vendor/laravel/framework/src/Illuminate/Pipeline/Pipeline.php(144): Illuminate\\Foundation\\Http\\Kernel->Illuminate\\Foundation\\Http\\{closure}()
#31 /home/rakin/github/Projects/KasseControl/vendor/laravel/framework/src/Illuminate/Foundation/Http/Middleware/TransformsRequest.php(21): Illuminate\\Pipeline\\Pipeline->Illuminate\\Pipeline\\{closure}()
#32 /home/rakin/github/Projects/KasseControl/vendor/laravel/framework/src/Illuminate/Foundation/Http/Middleware/ConvertEmptyStringsToNull.php(31): Illuminate\\Foundation\\Http\\Middleware\\TransformsRequest->handle()
#33 /home/rakin/github/Projects/KasseControl/vendor/laravel/framework/src/Illuminate/Pipeline/Pipeline.php(183): Illuminate\\Foundation\\Http\\Middleware\\ConvertEmptyStringsToNull->handle()
#34 /home/rakin/github/Projects/KasseControl/vendor/laravel/framework/src/Illuminate/Foundation/Http/Middleware/TransformsRequest.php(21): Illuminate\\Pipeline\\Pipeline->Illuminate\\Pipeline\\{closure}()
#35 /home/rakin/github/Projects/KasseControl/vendor/laravel/framework/src/Illuminate/Foundation/Http/Middleware/TrimStrings.php(40): Illuminate\\Foundation\\Http\\Middleware\\TransformsRequest->handle()
#36 /home/rakin/github/Projects/KasseControl/vendor/laravel/framework/src/Illuminate/Pipeline/Pipeline.php(183): Illuminate\\Foundation\\Http\\Middleware\\TrimStrings->handle()
#37 /home/rakin/github/Projects/KasseControl/vendor/laravel/framework/src/Illuminate/Foundation/Http/Middleware/ValidatePostSize.php(27): Illuminate\\Pipeline\\Pipeline->Illuminate\\Pipeline\\{closure}()
#38 /home/rakin/github/Projects/KasseControl/vendor/laravel/framework/src/Illuminate/Pipeline/Pipeline.php(183): Illuminate\\Foundation\\Http\\Middleware\\ValidatePostSize->handle()
#39 /home/rakin/github/Projects/KasseControl/vendor/laravel/framework/src/Illuminate/Foundation/Http/Middleware/PreventRequestsDuringMaintenance.php(99): Illuminate\\Pipeline\\Pipeline->Illuminate\\Pipeline\\{closure}()
#40 /home/rakin/github/Projects/KasseControl/vendor/laravel/framework/src/Illuminate/Pipeline/Pipeline.php(183): Illuminate\\Foundation\\Http\\Middleware\\PreventRequestsDuringMaintenance->handle()
#41 /home/rakin/github/Projects/KasseControl/vendor/laravel/framework/src/Illuminate/Http/Middleware/HandleCors.php(49): Illuminate\\Pipeline\\Pipeline->Illuminate\\Pipeline\\{closure}()
#42 /home/rakin/github/Projects/KasseControl/vendor/laravel/framework/src/Illuminate/Pipeline/Pipeline.php(183): Illuminate\\Http\\Middleware\\HandleCors->handle()
#43 /home/rakin/github/Projects/KasseControl/vendor/laravel/framework/src/Illuminate/Http/Middleware/TrustProxies.php(39): Illuminate\\Pipeline\\Pipeline->Illuminate\\Pipeline\\{closure}()
#44 /home/rakin/github/Projects/KasseControl/vendor/laravel/framework/src/Illuminate/Pipeline/Pipeline.php(183): Illuminate\\Http\\Middleware\\TrustProxies->handle()
#45 /home/rakin/github/Projects/KasseControl/vendor/laravel/framework/src/Illuminate/Pipeline/Pipeline.php(119): Illuminate\\Pipeline\\Pipeline->Illuminate\\Pipeline\\{closure}()
#46 /home/rakin/github/Projects/KasseControl/vendor/laravel/framework/src/Illuminate/Foundation/Http/Kernel.php(175): Illuminate\\Pipeline\\Pipeline->then()
#47 /home/rakin/github/Projects/KasseControl/vendor/laravel/framework/src/Illuminate/Foundation/Http/Kernel.php(144): Illuminate\\Foundation\\Http\\Kernel->sendRequestThroughRouter()
#48 /home/rakin/github/Projects/KasseControl/public/index.php(21): Illuminate\\Foundation\\Http\\Kernel->handle()
#49 /home/rakin/github/Projects/KasseControl/vendor/laravel/framework/src/Illuminate/Foundation/resources/server.php(16): require_once('...')
#50 {main}
"} 
[2025-11-11 22:00:29] laravel.ERROR: View [purchases.index] not found. {"userId":1,"exception":"[object] (InvalidArgumentException(code: 0): View [purchases.index] not found. at /home/rakin/github/Projects/KasseControl/vendor/laravel/framework/src/Illuminate/View/FileViewFinder.php:137)
[stacktrace]
#0 /home/rakin/github/Projects/KasseControl/vendor/laravel/framework/src/Illuminate/View/FileViewFinder.php(79): Illuminate\\View\\FileViewFinder->findInPaths()
#1 /home/rakin/github/Projects/KasseControl/vendor/laravel/framework/src/Illuminate/View/Factory.php(137): Illuminate\\View\\FileViewFinder->find()
#2 /home/rakin/github/Projects/KasseControl/vendor/laravel/framework/src/Illuminate/Foundation/helpers.php(1020): Illuminate\\View\\Factory->make()
#3 /home/rakin/github/Projects/KasseControl/app/Http/Controllers/PurchaseController.php(23): view()
#4 /home/rakin/github/Projects/KasseControl/vendor/laravel/framework/src/Illuminate/Routing/Controller.php(54): App\\Http\\Controllers\\PurchaseController->index()
#5 /home/rakin/github/Projects/KasseControl/vendor/laravel/framework/src/Illuminate/Routing/ControllerDispatcher.php(43): Illuminate\\Routing\\Controller->callAction()
#6 /home/rakin/github/Projects/KasseControl/vendor/laravel/framework/src/Illuminate/Routing/Route.php(259): Illuminate\\Routing\\ControllerDispatcher->dispatch()
#7 /home/rakin/github/Projects/KasseControl/vendor/laravel/framework/src/Illuminate/Routing/Route.php(205): Illuminate\\Routing\\Route->runController()
#8 /home/rakin/github/Projects/KasseControl/vendor/laravel/framework/src/Illuminate/Routing/Router.php(806): Illuminate\\Routing\\Route->run()
#9 /home/rakin/github/Projects/KasseControl/vendor/laravel/framework/src/Illuminate/Pipeline/Pipeline.php(144): Illuminate\\Routing\\Router->Illuminate\\Routing\\{closure}()
#10 /home/rakin/github/Projects/KasseControl/app/Http/Middleware/CheckRole.php(20): Illuminate\\Pipeline\\Pipeline->Illuminate\\Pipeline\\{closure}()
#11 /home/rakin/github/Projects/KasseControl/vendor/laravel/framework/src/Illuminate/Pipeline/Pipeline.php(183): App\\Http\\Middleware\\CheckRole->handle()
#12 /home/rakin/github/Projects/KasseControl/vendor/laravel/framework/src/Illuminate/Routing/Middleware/SubstituteBindings.php(50): Illuminate\\Pipeline\\Pipeline->Illuminate\\Pipeline\\{closure}()
#13 /home/rakin/github/Projects/KasseControl/vendor/laravel/framework/src/Illuminate/Pipeline/Pipeline.php(183): Illuminate\\Routing\\Middleware\\SubstituteBindings->handle()
#14 /home/rakin/github/Projects/KasseControl/vendor/laravel/framework/src/Illuminate/Auth/Middleware/Authenticate.php(57): Illuminate\\Pipeline\\Pipeline->Illuminate\\Pipeline\\{closure}()
#15 /home/rakin/github/Projects/KasseControl/vendor/laravel/framework/src/Illuminate/Pipeline/Pipeline.php(183): Illuminate\\Auth\\Middleware\\Authenticate->handle()
#16 /home/rakin/github/Projects/KasseControl/vendor/laravel/framework/src/Illuminate/Foundation/Http/Middleware/VerifyCsrfToken.php(78): Illuminate\\Pipeline\\Pipeline->Illuminate\\Pipeline\\{closure}()
#17 /home/rakin/github/Projects/KasseControl/vendor/laravel/framework/src/Illuminate/Pipeline/Pipeline.php(183): Illuminate\\Foundation\\Http\\Middleware\\VerifyCsrfToken->handle()
#18 /home/rakin/github/Projects/KasseControl/vendor/laravel/framework/src/Illuminate/View/Middleware/ShareErrorsFromSession.php(49): Illuminate\\Pipeline\\Pipeline->Illuminate\\Pipeline\\{closure}()
#19 /home/rakin/github/Projects/KasseControl/vendor/laravel/framework/src/Illuminate/Pipeline/Pipeline.php(183): Illuminate\\View\\Middleware\\ShareErrorsFromSession->handle()
#20 /home/rakin/github/Projects/KasseControl/vendor/laravel/framework/src/Illuminate/Session/Middleware/StartSession.php(121): Illuminate\\Pipeline\\Pipeline->Illuminate\\Pipeline\\{closure}()
#21 /home/rakin/github/Projects/KasseControl/vendor/laravel/framework/src/Illuminate/Session/Middleware/StartSession.php(64): Illuminate\\Session\\Middleware\\StartSession->handleStatefulRequest()
#22 /home/rakin/github/Projects/KasseControl/vendor/laravel/framework/src/Illuminate/Pipeline/Pipeline.php(183): Illuminate\\Session\\Middleware\\StartSession->handle()
#23 /home/rakin/github/Projects/KasseControl/vendor/laravel/framework/src/Illuminate/Cookie/Middleware/AddQueuedCookiesToResponse.php(37): Illuminate\\Pipeline\\Pipeline->Illuminate\\Pipeline\\{closure}()
#24 /home/rakin/github/Projects/KasseControl/vendor/laravel/framework/src/Illuminate/Pipeline/Pipeline.php(183): Illuminate\\Cookie\\Middleware\\AddQueuedCookiesToResponse->handle()
#25 /home/rakin/github/Projects/KasseControl/vendor/laravel/framework/src/Illuminate/Cookie/Middleware/EncryptCookies.php(67): Illuminate\\Pipeline\\Pipeline->Illuminate\\Pipeline\\{closure}()
#26 /home/rakin/github/Projects/KasseControl/vendor/laravel/framework/src/Illuminate/Pipeline/Pipeline.php(183): Illuminate\\Cookie\\Middleware\\EncryptCookies->handle()
#27 /home/rakin/github/Projects/KasseControl/vendor/laravel/framework/src/Illuminate/Pipeline/Pipeline.php(119): Illuminate\\Pipeline\\Pipeline->Illuminate\\Pipeline\\{closure}()
#28 /home/rakin/github/Projects/KasseControl/vendor/laravel/framework/src/Illuminate/Routing/Router.php(805): Illuminate\\Pipeline\\Pipeline->then()
#29 /home/rakin/github/Projects/KasseControl/vendor/laravel/framework/src/Illuminate/Routing/Router.php(784): Illuminate\\Routing\\Router->runRouteWithinStack()
#30 /home/rakin/github/Projects/KasseControl/vendor/laravel/framework/src/Illuminate/Routing/Router.php(748): Illuminate\\Routing\\Router->runRoute()
#31 /home/rakin/github/Projects/KasseControl/vendor/laravel/framework/src/Illuminate/Routing/Router.php(737): Illuminate\\Routing\\Router->dispatchToRoute()
#32 /home/rakin/github/Projects/KasseControl/vendor/laravel/framework/src/Illuminate/Foundation/Http/Kernel.php(200): Illuminate\\Routing\\Router->dispatch()
#33 /home/rakin/github/Projects/KasseControl/vendor/laravel/framework/src/Illuminate/Pipeline/Pipeline.php(144): Illuminate\\Foundation\\Http\\Kernel->Illuminate\\Foundation\\Http\\{closure}()
#34 /home/rakin/github/Projects/KasseControl/vendor/laravel/framework/src/Illuminate/Foundation/Http/Middleware/TransformsRequest.php(21): Illuminate\\Pipeline\\Pipeline->Illuminate\\Pipeline\\{closure}()
#35 /home/rakin/github/Projects/KasseControl/vendor/laravel/framework/src/Illuminate/Foundation/Http/Middleware/ConvertEmptyStringsToNull.php(31): Illuminate\\Foundation\\Http\\Middleware\\TransformsRequest->handle()
#36 /home/rakin/github/Projects/KasseControl/vendor/laravel/framework/src/Illuminate/Pipeline/Pipeline.php(183): Illuminate\\Foundation\\Http\\Middleware\\ConvertEmptyStringsToNull->handle()
#37 /home/rakin/github/Projects/KasseControl/vendor/laravel/framework/src/Illuminate/Foundation/Http/Middleware/TransformsRequest.php(21): Illuminate\\Pipeline\\Pipeline->Illuminate\\Pipeline\\{closure}()
#38 /home/rakin/github/Projects/KasseControl/vendor/laravel/framework/src/Illuminate/Foundation/Http/Middleware/TrimStrings.php(40): Illuminate\\Foundation\\Http\\Middleware\\TransformsRequest->handle()
#39 /home/rakin/github/Projects/KasseControl/vendor/laravel/framework/src/Illuminate/Pipeline/Pipeline.php(183): Illuminate\\Foundation\\Http\\Middleware\\TrimStrings->handle()
#40 /home/rakin/github/Projects/KasseControl/vendor/laravel/framework/src/Illuminate/Foundation/Http/Middleware/ValidatePostSize.php(27): Illuminate\\Pipeline\\Pipeline->Illuminate\\Pipeline\\{closure}()
#41 /home/rakin/github/Projects/KasseControl/vendor/laravel/framework/src/Illuminate/Pipeline/Pipeline.php(183): Illuminate\\Foundation\\Http\\Middleware\\ValidatePostSize->handle()
#42 /home/rakin/github/Projects/KasseControl/vendor/laravel/framework/src/Illuminate/Foundation/Http/Middleware/PreventRequestsDuringMaintenance.php(99): Illuminate\\Pipeline\\Pipeline->Illuminate\\Pipeline\\{closure}()
#43 /home/rakin/github/Projects/KasseControl/vendor/laravel/framework/src/Illuminate/Pipeline/Pipeline.php(183): Illuminate\\Foundation\\Http\\Middleware\\PreventRequestsDuringMaintenance->handle()
#44 /home/rakin/github/Projects/KasseControl/vendor/laravel/framework/src/Illuminate/Http/Middleware/HandleCors.php(49): Illuminate\\Pipeline\\Pipeline->Illuminate\\Pipeline\\{closure}()
#45 /home/rakin/github/Projects/KasseControl/vendor/laravel/framework/src/Illuminate/Pipeline/Pipeline.php(183): Illuminate\\Http\\Middleware\\HandleCors->handle()
#46 /home/rakin/github/Projects/KasseControl/vendor/laravel/framework/src/Illuminate/Http/Middleware/TrustProxies.php(39): Illuminate\\Pipeline\\Pipeline->Illuminate\\Pipeline\\{closure}()
#47 /home/rakin/github/Projects/KasseControl/vendor/laravel/framework/src/Illuminate/Pipeline/Pipeline.php(183): Illuminate\\Http\\Middleware\\TrustProxies->handle()
#48 /home/rakin/github/Projects/KasseControl/vendor/laravel/framework/src/Illuminate/Pipeline/Pipeline.php(119): Illuminate\\Pipeline\\Pipeline->Illuminate\\Pipeline\\{closure}()
#49 /home/rakin/github/Projects/KasseControl/vendor/laravel/framework/src/Illuminate/Foundation/Http/Kernel.php(175): Illuminate\\Pipeline\\Pipeline->then()
#50 /home/rakin/github/Projects/KasseControl/vendor/laravel/framework/src/Illuminate/Foundation/Http/Kernel.php(144): Illuminate\\Foundation\\Http\\Kernel->sendRequestThroughRouter()
#51 /home/rakin/github/Projects/KasseControl/public/index.php(21): Illuminate\\Foundation\\Http\\Kernel->handle()
#52 /home/rakin/github/Projects/KasseControl/vendor/laravel/framework/src/Illuminate/Foundation/resources/server.php(16): require_once('...')
#53 {main}
"} 
[2025-11-11 22:00:32] laravel.EMERGENCY: Unable to create configured logger. Using emergency logger. {"exception":"[object] (InvalidArgumentException(code: 0): Log [] is not defined. at /home/rakin/github/Projects/KasseControl/vendor/laravel/framework/src/Illuminate/Log/LogManager.php:212)
[stacktrace]
#0 /home/rakin/github/Projects/KasseControl/vendor/laravel/framework/src/Illuminate/Log/LogManager.php(137): Illuminate\\Log\\LogManager->resolve()
#1 /home/rakin/github/Projects/KasseControl/vendor/laravel/framework/src/Illuminate/Log/LogManager.php(124): Illuminate\\Log\\LogManager->get()
#2 /home/rakin/github/Projects/KasseControl/vendor/laravel/framework/src/Illuminate/Log/LogManager.php(681): Illuminate\\Log\\LogManager->driver()
#3 /home/rakin/github/Projects/KasseControl/vendor/laravel/framework/src/Illuminate/Foundation/Exceptions/Handler.php(317): Illuminate\\Log\\LogManager->error()
#4 /home/rakin/github/Projects/KasseControl/vendor/laravel/framework/src/Illuminate/Foundation/Exceptions/Handler.php(278): Illuminate\\Foundation\\Exceptions\\Handler->reportThrowable()
#5 /home/rakin/github/Projects/KasseControl/vendor/laravel/framework/src/Illuminate/Routing/Pipeline.php(49): Illuminate\\Foundation\\Exceptions\\Handler->report()
#6 /home/rakin/github/Projects/KasseControl/vendor/laravel/framework/src/Illuminate/Pipeline/Pipeline.php(146): Illuminate\\Routing\\Pipeline->handleException()
#7 /home/rakin/github/Projects/KasseControl/vendor/laravel/framework/src/Illuminate/Routing/Middleware/SubstituteBindings.php(50): Illuminate\\Pipeline\\Pipeline->Illuminate\\Pipeline\\{closure}()
#8 /home/rakin/github/Projects/KasseControl/vendor/laravel/framework/src/Illuminate/Pipeline/Pipeline.php(183): Illuminate\\Routing\\Middleware\\SubstituteBindings->handle()
#9 /home/rakin/github/Projects/KasseControl/vendor/laravel/framework/src/Illuminate/Auth/Middleware/Authenticate.php(57): Illuminate\\Pipeline\\Pipeline->Illuminate\\Pipeline\\{closure}()
#10 /home/rakin/github/Projects/KasseControl/vendor/laravel/framework/src/Illuminate/Pipeline/Pipeline.php(183): Illuminate\\Auth\\Middleware\\Authenticate->handle()
#11 /home/rakin/github/Projects/KasseControl/vendor/laravel/framework/src/Illuminate/Foundation/Http/Middleware/VerifyCsrfToken.php(78): Illuminate\\Pipeline\\Pipeline->Illuminate\\Pipeline\\{closure}()
#12 /home/rakin/github/Projects/KasseControl/vendor/laravel/framework/src/Illuminate/Pipeline/Pipeline.php(183): Illuminate\\Foundation\\Http\\Middleware\\VerifyCsrfToken->handle()
#13 /home/rakin/github/Projects/KasseControl/vendor/laravel/framework/src/Illuminate/View/Middleware/ShareErrorsFromSession.php(49): Illuminate\\Pipeline\\Pipeline->Illuminate\\Pipeline\\{closure}()
#14 /home/rakin/github/Projects/KasseControl/vendor/laravel/framework/src/Illuminate/Pipeline/Pipeline.php(183): Illuminate\\View\\Middleware\\ShareErrorsFromSession->handle()
#15 /home/rakin/github/Projects/KasseControl/vendor/laravel/framework/src/Illuminate/Session/Middleware/StartSession.php(121): Illuminate\\Pipeline\\Pipeline->Illuminate\\Pipeline\\{closure}()
#16 /home/rakin/github/Projects/KasseControl/vendor/laravel/framework/src/Illuminate/Session/Middleware/StartSession.php(64): Illuminate\\Session\\Middleware\\StartSession->handleStatefulRequest()
#17 /home/rakin/github/Projects/KasseControl/vendor/laravel/framework/src/Illuminate/Pipeline/Pipeline.php(183): Illuminate\\Session\\Middleware\\StartSession->handle()
#18 /home/rakin/github/Projects/KasseControl/vendor/laravel/framework/src/Illuminate/Cookie/Middleware/AddQueuedCookiesToResponse.php(37): Illuminate\\Pipeline\\Pipeline->Illuminate\\Pipeline\\{closure}()
#19 /home/rakin/github/Projects/KasseControl/vendor/laravel/framework/src/Illuminate/Pipeline/Pipeline.php(183): Illuminate\\Cookie\\Middleware\\AddQueuedCookiesToResponse->handle()
#20 /home/rakin/github/Projects/KasseControl/vendor/laravel/framework/src/Illuminate/Cookie/Middleware/EncryptCookies.php(67): Illuminate\\Pipeline\\Pipeline->Illuminate\\Pipeline\\{closure}()
#21 /home/rakin/github/Projects/KasseControl/vendor/laravel/framework/src/Illuminate/Pipeline/Pipeline.php(183): Illuminate\\Cookie\\Middleware\\EncryptCookies->handle()
#22 /home/rakin/github/Projects/KasseControl/vendor/laravel/framework/src/Illuminate/Pipeline/Pipeline.php(119): Illuminate\\Pipeline\\Pipeline->Illuminate\\Pipeline\\{closure}()
#23 /home/rakin/github/Projects/KasseControl/vendor/laravel/framework/src/Illuminate/Routing/Router.php(805): Illuminate\\Pipeline\\Pipeline->then()
#24 /home/rakin/github/Projects/KasseControl/vendor/laravel/framework/src/Illuminate/Routing/Router.php(784): Illuminate\\Routing\\Router->runRouteWithinStack()
#25 /home/rakin/github/Projects/KasseControl/vendor/laravel/framework/src/Illuminate/Routing/Router.php(748): Illuminate\\Routing\\Router->runRoute()
#26 /home/rakin/github/Projects/KasseControl/vendor/laravel/framework/src/Illuminate/Routing/Router.php(737): Illuminate\\Routing\\Router->dispatchToRoute()
#27 /home/rakin/github/Projects/KasseControl/vendor/laravel/framework/src/Illuminate/Foundation/Http/Kernel.php(200): Illuminate\\Routing\\Router->dispatch()
#28 /home/rakin/github/Projects/KasseControl/vendor/laravel/framework/src/Illuminate/Pipeline/Pipeline.php(144): Illuminate\\Foundation\\Http\\Kernel->Illuminate\\Foundation\\Http\\{closure}()
#29 /home/rakin/github/Projects/KasseControl/vendor/laravel/framework/src/Illuminate/Foundation/Http/Middleware/TransformsRequest.php(21): Illuminate\\Pipeline\\Pipeline->Illuminate\\Pipeline\\{closure}()
#30 /home/rakin/github/Projects/KasseControl/vendor/laravel/framework/src/Illuminate/Foundation/Http/Middleware/ConvertEmptyStringsToNull.php(31): Illuminate\\Foundation\\Http\\Middleware\\TransformsRequest->handle()
#31 /home/rakin/github/Projects/KasseControl/vendor/laravel/framework/src/Illuminate/Pipeline/Pipeline.php(183): Illuminate\\Foundation\\Http\\Middleware\\ConvertEmptyStringsToNull->handle()
#32 /home/rakin/github/Projects/KasseControl/vendor/laravel/framework/src/Illuminate/Foundation/Http/Middleware/TransformsRequest.php(21): Illuminate\\Pipeline\\Pipeline->Illuminate\\Pipeline\\{closure}()
#33 /home/rakin/github/Projects/KasseControl/vendor/laravel/framework/src/Illuminate/Foundation/Http/Middleware/TrimStrings.php(40): Illuminate\\Foundation\\Http\\Middleware\\TransformsRequest->handle()
#34 /home/rakin/github/Projects/KasseControl/vendor/laravel/framework/src/Illuminate/Pipeline/Pipeline.php(183): Illuminate\\Foundation\\Http\\Middleware\\TrimStrings->handle()
#35 /home/rakin/github/Projects/KasseControl/vendor/laravel/framework/src/Illuminate/Foundation/Http/Middleware/ValidatePostSize.php(27): Illuminate\\Pipeline\\Pipeline->Illuminate\\Pipeline\\{closure}()
#36 /home/rakin/github/Projects/KasseControl/vendor/laravel/framework/src/Illuminate/Pipeline/Pipeline.php(183): Illuminate\\Foundation\\Http\\Middleware\\ValidatePostSize->handle()
#37 /home/rakin/github/Projects/KasseControl/vendor/laravel/framework/src/Illuminate/Foundation/Http/Middleware/PreventRequestsDuringMaintenance.php(99): Illuminate\\Pipeline\\Pipeline->Illuminate\\Pipeline\\{closure}()
#38 /home/rakin/github/Projects/KasseControl/vendor/laravel/framework/src/Illuminate/Pipeline/Pipeline.php(183): Illuminate\\Foundation\\Http\\Middleware\\PreventRequestsDuringMaintenance->handle()
#39 /home/rakin/github/Projects/KasseControl/vendor/laravel/framework/src/Illuminate/Http/Middleware/HandleCors.php(49): Illuminate\\Pipeline\\Pipeline->Illuminate\\Pipeline\\{closure}()
#40 /home/rakin/github/Projects/KasseControl/vendor/laravel/framework/src/Illuminate/Pipeline/Pipeline.php(183): Illuminate\\Http\\Middleware\\HandleCors->handle()
#41 /home/rakin/github/Projects/KasseControl/vendor/laravel/framework/src/Illuminate/Http/Middleware/TrustProxies.php(39): Illuminate\\Pipeline\\Pipeline->Illuminate\\Pipeline\\{closure}()
#42 /home/rakin/github/Projects/KasseControl/vendor/laravel/framework/src/Illuminate/Pipeline/Pipeline.php(183): Illuminate\\Http\\Middleware\\TrustProxies->handle()
#43 /home/rakin/github/Projects/KasseControl/vendor/laravel/framework/src/Illuminate/Pipeline/Pipeline.php(119): Illuminate\\Pipeline\\Pipeline->Illuminate\\Pipeline\\{closure}()
#44 /home/rakin/github/Projects/KasseControl/vendor/laravel/framework/src/Illuminate/Foundation/Http/Kernel.php(175): Illuminate\\Pipeline\\Pipeline->then()
#45 /home/rakin/github/Projects/KasseControl/vendor/laravel/framework/src/Illuminate/Foundation/Http/Kernel.php(144): Illuminate\\Foundation\\Http\\Kernel->sendRequestThroughRouter()
#46 /home/rakin/github/Projects/KasseControl/public/index.php(21): Illuminate\\Foundation\\Http\\Kernel->handle()
#47 /home/rakin/github/Projects/KasseControl/vendor/laravel/framework/src/Illuminate/Foundation/resources/server.php(16): require_once('...')
#48 {main}
"} 
[2025-11-11 22:00:32] laravel.ERROR: View [sales.index] not found. {"userId":1,"exception":"[object] (InvalidArgumentException(code: 0): View [sales.index] not found. at /home/rakin/github/Projects/KasseControl/vendor/laravel/framework/src/Illuminate/View/FileViewFinder.php:137)
[stacktrace]
#0 /home/rakin/github/Projects/KasseControl/vendor/laravel/framework/src/Illuminate/View/FileViewFinder.php(79): Illuminate\\View\\FileViewFinder->findInPaths()
#1 /home/rakin/github/Projects/KasseControl/vendor/laravel/framework/src/Illuminate/View/Factory.php(137): Illuminate\\View\\FileViewFinder->find()
#2 /home/rakin/github/Projects/KasseControl/vendor/laravel/framework/src/Illuminate/Foundation/helpers.php(1020): Illuminate\\View\\Factory->make()
#3 /home/rakin/github/Projects/KasseControl/app/Http/Controllers/SaleController.php(24): view()
#4 /home/rakin/github/Projects/KasseControl/vendor/laravel/framework/src/Illuminate/Routing/Controller.php(54): App\\Http\\Controllers\\SaleController->index()
#5 /home/rakin/github/Projects/KasseControl/vendor/laravel/framework/src/Illuminate/Routing/ControllerDispatcher.php(43): Illuminate\\Routing\\Controller->callAction()
#6 /home/rakin/github/Projects/KasseControl/vendor/laravel/framework/src/Illuminate/Routing/Route.php(259): Illuminate\\Routing\\ControllerDispatcher->dispatch()
#7 /home/rakin/github/Projects/KasseControl/vendor/laravel/framework/src/Illuminate/Routing/Route.php(205): Illuminate\\Routing\\Route->runController()
#8 /home/rakin/github/Projects/KasseControl/vendor/laravel/framework/src/Illuminate/Routing/Router.php(806): Illuminate\\Routing\\Route->run()
#9 /home/rakin/github/Projects/KasseControl/vendor/laravel/framework/src/Illuminate/Pipeline/Pipeline.php(144): Illuminate\\Routing\\Router->Illuminate\\Routing\\{closure}()
#10 /home/rakin/github/Projects/KasseControl/vendor/laravel/framework/src/Illuminate/Routing/Middleware/SubstituteBindings.php(50): Illuminate\\Pipeline\\Pipeline->Illuminate\\Pipeline\\{closure}()
#11 /home/rakin/github/Projects/KasseControl/vendor/laravel/framework/src/Illuminate/Pipeline/Pipeline.php(183): Illuminate\\Routing\\Middleware\\SubstituteBindings->handle()
#12 /home/rakin/github/Projects/KasseControl/vendor/laravel/framework/src/Illuminate/Auth/Middleware/Authenticate.php(57): Illuminate\\Pipeline\\Pipeline->Illuminate\\Pipeline\\{closure}()
#13 /home/rakin/github/Projects/KasseControl/vendor/laravel/framework/src/Illuminate/Pipeline/Pipeline.php(183): Illuminate\\Auth\\Middleware\\Authenticate->handle()
#14 /home/rakin/github/Projects/KasseControl/vendor/laravel/framework/src/Illuminate/Foundation/Http/Middleware/VerifyCsrfToken.php(78): Illuminate\\Pipeline\\Pipeline->Illuminate\\Pipeline\\{closure}()
#15 /home/rakin/github/Projects/KasseControl/vendor/laravel/framework/src/Illuminate/Pipeline/Pipeline.php(183): Illuminate\\Foundation\\Http\\Middleware\\VerifyCsrfToken->handle()
#16 /home/rakin/github/Projects/KasseControl/vendor/laravel/framework/src/Illuminate/View/Middleware/ShareErrorsFromSession.php(49): Illuminate\\Pipeline\\Pipeline->Illuminate\\Pipeline\\{closure}()
#17 /home/rakin/github/Projects/KasseControl/vendor/laravel/framework/src/Illuminate/Pipeline/Pipeline.php(183): Illuminate\\View\\Middleware\\ShareErrorsFromSession->handle()
#18 /home/rakin/github/Projects/KasseControl/vendor/laravel/framework/src/Illuminate/Session/Middleware/StartSession.php(121): Illuminate\\Pipeline\\Pipeline->Illuminate\\Pipeline\\{closure}()
#19 /home/rakin/github/Projects/KasseControl/vendor/laravel/framework/src/Illuminate/Session/Middleware/StartSession.php(64): Illuminate\\Session\\Middleware\\StartSession->handleStatefulRequest()
#20 /home/rakin/github/Projects/KasseControl/vendor/laravel/framework/src/Illuminate/Pipeline/Pipeline.php(183): Illuminate\\Session\\Middleware\\StartSession->handle()
#21 /home/rakin/github/Projects/KasseControl/vendor/laravel/framework/src/Illuminate/Cookie/Middleware/AddQueuedCookiesToResponse.php(37): Illuminate\\Pipeline\\Pipeline->Illuminate\\Pipeline\\{closure}()
#22 /home/rakin/github/Projects/KasseControl/vendor/laravel/framework/src/Illuminate/Pipeline/Pipeline.php(183): Illuminate\\Cookie\\Middleware\\AddQueuedCookiesToResponse->handle()
#23 /home/rakin/github/Projects/KasseControl/vendor/laravel/framework/src/Illuminate/Cookie/Middleware/EncryptCookies.php(67): Illuminate\\Pipeline\\Pipeline->Illuminate\\Pipeline\\{closure}()
#24 /home/rakin/github/Projects/KasseControl/vendor/laravel/framework/src/Illuminate/Pipeline/Pipeline.php(183): Illuminate\\Cookie\\Middleware\\EncryptCookies->handle()
#25 /home/rakin/github/Projects/KasseControl/vendor/laravel/framework/src/Illuminate/Pipeline/Pipeline.php(119): Illuminate\\Pipeline\\Pipeline->Illuminate\\Pipeline\\{closure}()
#26 /home/rakin/github/Projects/KasseControl/vendor/laravel/framework/src/Illuminate/Routing/Router.php(805): Illuminate\\Pipeline\\Pipeline->then()
#27 /home/rakin/github/Projects/KasseControl/vendor/laravel/framework/src/Illuminate/Routing/Router.php(784): Illuminate\\Routing\\Router->runRouteWithinStack()
#28 /home/rakin/github/Projects/KasseControl/vendor/laravel/framework/src/Illuminate/Routing/Router.php(748): Illuminate\\Routing\\Router->runRoute()
#29 /home/rakin/github/Projects/KasseControl/vendor/laravel/framework/src/Illuminate/Routing/Router.php(737): Illuminate\\Routing\\Router->dispatchToRoute()
#30 /home/rakin/github/Projects/KasseControl/vendor/laravel/framework/src/Illuminate/Foundation/Http/Kernel.php(200): Illuminate\\Routing\\Router->dispatch()
#31 /home/rakin/github/Projects/KasseControl/vendor/laravel/framework/src/Illuminate/Pipeline/Pipeline.php(144): Illuminate\\Foundation\\Http\\Kernel->Illuminate\\Foundation\\Http\\{closure}()
#32 /home/rakin/github/Projects/KasseControl/vendor/laravel/framework/src/Illuminate/Foundation/Http/Middleware/TransformsRequest.php(21): Illuminate\\Pipeline\\Pipeline->Illuminate\\Pipeline\\{closure}()
#33 /home/rakin/github/Projects/KasseControl/vendor/laravel/framework/src/Illuminate/Foundation/Http/Middleware/ConvertEmptyStringsToNull.php(31): Illuminate\\Foundation\\Http\\Middleware\\TransformsRequest->handle()
#34 /home/rakin/github/Projects/KasseControl/vendor/laravel/framework/src/Illuminate/Pipeline/Pipeline.php(183): Illuminate\\Foundation\\Http\\Middleware\\ConvertEmptyStringsToNull->handle()
#35 /home/rakin/github/Projects/KasseControl/vendor/laravel/framework/src/Illuminate/Foundation/Http/Middleware/TransformsRequest.php(21): Illuminate\\Pipeline\\Pipeline->Illuminate\\Pipeline\\{closure}()
#36 /home/rakin/github/Projects/KasseControl/vendor/laravel/framework/src/Illuminate/Foundation/Http/Middleware/TrimStrings.php(40): Illuminate\\Foundation\\Http\\Middleware\\TransformsRequest->handle()
#37 /home/rakin/github/Projects/KasseControl/vendor/laravel/framework/src/Illuminate/Pipeline/Pipeline.php(183): Illuminate\\Foundation\\Http\\Middleware\\TrimStrings->handle()
#38 /home/rakin/github/Projects/KasseControl/vendor/laravel/framework/src/Illuminate/Foundation/Http/Middleware/ValidatePostSize.php(27): Illuminate\\Pipeline\\Pipeline->Illuminate\\Pipeline\\{closure}()
#39 /home/rakin/github/Projects/KasseControl/vendor/laravel/framework/src/Illuminate/Pipeline/Pipeline.php(183): Illuminate\\Foundation\\Http\\Middleware\\ValidatePostSize->handle()
#40 /home/rakin/github/Projects/KasseControl/vendor/laravel/framework/src/Illuminate/Foundation/Http/Middleware/PreventRequestsDuringMaintenance.php(99): Illuminate\\Pipeline\\Pipeline->Illuminate\\Pipeline\\{closure}()
#41 /home/rakin/github/Projects/KasseControl/vendor/laravel/framework/src/Illuminate/Pipeline/Pipeline.php(183): Illuminate\\Foundation\\Http\\Middleware\\PreventRequestsDuringMaintenance->handle()
#42 /home/rakin/github/Projects/KasseControl/vendor/laravel/framework/src/Illuminate/Http/Middleware/HandleCors.php(49): Illuminate\\Pipeline\\Pipeline->Illuminate\\Pipeline\\{closure}()
#43 /home/rakin/github/Projects/KasseControl/vendor/laravel/framework/src/Illuminate/Pipeline/Pipeline.php(183): Illuminate\\Http\\Middleware\\HandleCors->handle()
#44 /home/rakin/github/Projects/KasseControl/vendor/laravel/framework/src/Illuminate/Http/Middleware/TrustProxies.php(39): Illuminate\\Pipeline\\Pipeline->Illuminate\\Pipeline\\{closure}()
#45 /home/rakin/github/Projects/KasseControl/vendor/laravel/framework/src/Illuminate/Pipeline/Pipeline.php(183): Illuminate\\Http\\Middleware\\TrustProxies->handle()
#46 /home/rakin/github/Projects/KasseControl/vendor/laravel/framework/src/Illuminate/Pipeline/Pipeline.php(119): Illuminate\\Pipeline\\Pipeline->Illuminate\\Pipeline\\{closure}()
#47 /home/rakin/github/Projects/KasseControl/vendor/laravel/framework/src/Illuminate/Foundation/Http/Kernel.php(175): Illuminate\\Pipeline\\Pipeline->then()
#48 /home/rakin/github/Projects/KasseControl/vendor/laravel/framework/src/Illuminate/Foundation/Http/Kernel.php(144): Illuminate\\Foundation\\Http\\Kernel->sendRequestThroughRouter()
#49 /home/rakin/github/Projects/KasseControl/public/index.php(21): Illuminate\\Foundation\\Http\\Kernel->handle()
#50 /home/rakin/github/Projects/KasseControl/vendor/laravel/framework/src/Illuminate/Foundation/resources/server.php(16): require_once('...')
#51 {main}
"} 
[2025-11-11 22:00:48] laravel.EMERGENCY: Unable to create configured logger. Using emergency logger. {"exception":"[object] (InvalidArgumentException(code: 0): Log [] is not defined. at /home/rakin/github/Projects/KasseControl/vendor/laravel/framework/src/Illuminate/Log/LogManager.php:212)
[stacktrace]
#0 /home/rakin/github/Projects/KasseControl/vendor/laravel/framework/src/Illuminate/Log/LogManager.php(137): Illuminate\\Log\\LogManager->resolve()
#1 /home/rakin/github/Projects/KasseControl/vendor/laravel/framework/src/Illuminate/Log/LogManager.php(124): Illuminate\\Log\\LogManager->get()
#2 /home/rakin/github/Projects/KasseControl/vendor/laravel/framework/src/Illuminate/Log/LogManager.php(681): Illuminate\\Log\\LogManager->driver()
#3 /home/rakin/github/Projects/KasseControl/vendor/laravel/framework/src/Illuminate/Foundation/Exceptions/Handler.php(317): Illuminate\\Log\\LogManager->error()
#4 /home/rakin/github/Projects/KasseControl/vendor/laravel/framework/src/Illuminate/Foundation/Exceptions/Handler.php(278): Illuminate\\Foundation\\Exceptions\\Handler->reportThrowable()
#5 /home/rakin/github/Projects/KasseControl/vendor/laravel/framework/src/Illuminate/Routing/Pipeline.php(49): Illuminate\\Foundation\\Exceptions\\Handler->report()
#6 /home/rakin/github/Projects/KasseControl/vendor/laravel/framework/src/Illuminate/Pipeline/Pipeline.php(146): Illuminate\\Routing\\Pipeline->handleException()
#7 /home/rakin/github/Projects/KasseControl/vendor/laravel/framework/src/Illuminate/Routing/Middleware/SubstituteBindings.php(50): Illuminate\\Pipeline\\Pipeline->Illuminate\\Pipeline\\{closure}()
#8 /home/rakin/github/Projects/KasseControl/vendor/laravel/framework/src/Illuminate/Pipeline/Pipeline.php(183): Illuminate\\Routing\\Middleware\\SubstituteBindings->handle()
#9 /home/rakin/github/Projects/KasseControl/vendor/laravel/framework/src/Illuminate/Auth/Middleware/Authenticate.php(57): Illuminate\\Pipeline\\Pipeline->Illuminate\\Pipeline\\{closure}()
#10 /home/rakin/github/Projects/KasseControl/vendor/laravel/framework/src/Illuminate/Pipeline/Pipeline.php(183): Illuminate\\Auth\\Middleware\\Authenticate->handle()
#11 /home/rakin/github/Projects/KasseControl/vendor/laravel/framework/src/Illuminate/Foundation/Http/Middleware/VerifyCsrfToken.php(78): Illuminate\\Pipeline\\Pipeline->Illuminate\\Pipeline\\{closure}()
#12 /home/rakin/github/Projects/KasseControl/vendor/laravel/framework/src/Illuminate/Pipeline/Pipeline.php(183): Illuminate\\Foundation\\Http\\Middleware\\VerifyCsrfToken->handle()
#13 /home/rakin/github/Projects/KasseControl/vendor/laravel/framework/src/Illuminate/View/Middleware/ShareErrorsFromSession.php(49): Illuminate\\Pipeline\\Pipeline->Illuminate\\Pipeline\\{closure}()
#14 /home/rakin/github/Projects/KasseControl/vendor/laravel/framework/src/Illuminate/Pipeline/Pipeline.php(183): Illuminate\\View\\Middleware\\ShareErrorsFromSession->handle()
#15 /home/rakin/github/Projects/KasseControl/vendor/laravel/framework/src/Illuminate/Session/Middleware/StartSession.php(121): Illuminate\\Pipeline\\Pipeline->Illuminate\\Pipeline\\{closure}()
#16 /home/rakin/github/Projects/KasseControl/vendor/laravel/framework/src/Illuminate/Session/Middleware/StartSession.php(64): Illuminate\\Session\\Middleware\\StartSession->handleStatefulRequest()
#17 /home/rakin/github/Projects/KasseControl/vendor/laravel/framework/src/Illuminate/Pipeline/Pipeline.php(183): Illuminate\\Session\\Middleware\\StartSession->handle()
#18 /home/rakin/github/Projects/KasseControl/vendor/laravel/framework/src/Illuminate/Cookie/Middleware/AddQueuedCookiesToResponse.php(37): Illuminate\\Pipeline\\Pipeline->Illuminate\\Pipeline\\{closure}()
#19 /home/rakin/github/Projects/KasseControl/vendor/laravel/framework/src/Illuminate/Pipeline/Pipeline.php(183): Illuminate\\Cookie\\Middleware\\AddQueuedCookiesToResponse->handle()
#20 /home/rakin/github/Projects/KasseControl/vendor/laravel/framework/src/Illuminate/Cookie/Middleware/EncryptCookies.php(67): Illuminate\\Pipeline\\Pipeline->Illuminate\\Pipeline\\{closure}()
#21 /home/rakin/github/Projects/KasseControl/vendor/laravel/framework/src/Illuminate/Pipeline/Pipeline.php(183): Illuminate\\Cookie\\Middleware\\EncryptCookies->handle()
#22 /home/rakin/github/Projects/KasseControl/vendor/laravel/framework/src/Illuminate/Pipeline/Pipeline.php(119): Illuminate\\Pipeline\\Pipeline->Illuminate\\Pipeline\\{closure}()
#23 /home/rakin/github/Projects/KasseControl/vendor/laravel/framework/src/Illuminate/Routing/Router.php(805): Illuminate\\Pipeline\\Pipeline->then()
#24 /home/rakin/github/Projects/KasseControl/vendor/laravel/framework/src/Illuminate/Routing/Router.php(784): Illuminate\\Routing\\Router->runRouteWithinStack()
#25 /home/rakin/github/Projects/KasseControl/vendor/laravel/framework/src/Illuminate/Routing/Router.php(748): Illuminate\\Routing\\Router->runRoute()
#26 /home/rakin/github/Projects/KasseControl/vendor/laravel/framework/src/Illuminate/Routing/Router.php(737): Illuminate\\Routing\\Router->dispatchToRoute()
#27 /home/rakin/github/Projects/KasseControl/vendor/laravel/framework/src/Illuminate/Foundation/Http/Kernel.php(200): Illuminate\\Routing\\Router->dispatch()
#28 /home/rakin/github/Projects/KasseControl/vendor/laravel/framework/src/Illuminate/Pipeline/Pipeline.php(144): Illuminate\\Foundation\\Http\\Kernel->Illuminate\\Foundation\\Http\\{closure}()
#29 /home/rakin/github/Projects/KasseControl/vendor/laravel/framework/src/Illuminate/Foundation/Http/Middleware/TransformsRequest.php(21): Illuminate\\Pipeline\\Pipeline->Illuminate\\Pipeline\\{closure}()
#30 /home/rakin/github/Projects/KasseControl/vendor/laravel/framework/src/Illuminate/Foundation/Http/Middleware/ConvertEmptyStringsToNull.php(31): Illuminate\\Foundation\\Http\\Middleware\\TransformsRequest->handle()
#31 /home/rakin/github/Projects/KasseControl/vendor/laravel/framework/src/Illuminate/Pipeline/Pipeline.php(183): Illuminate\\Foundation\\Http\\Middleware\\ConvertEmptyStringsToNull->handle()
#32 /home/rakin/github/Projects/KasseControl/vendor/laravel/framework/src/Illuminate/Foundation/Http/Middleware/TransformsRequest.php(21): Illuminate\\Pipeline\\Pipeline->Illuminate\\Pipeline\\{closure}()
#33 /home/rakin/github/Projects/KasseControl/vendor/laravel/framework/src/Illuminate/Foundation/Http/Middleware/TrimStrings.php(40): Illuminate\\Foundation\\Http\\Middleware\\TransformsRequest->handle()
#34 /home/rakin/github/Projects/KasseControl/vendor/laravel/framework/src/Illuminate/Pipeline/Pipeline.php(183): Illuminate\\Foundation\\Http\\Middleware\\TrimStrings->handle()
#35 /home/rakin/github/Projects/KasseControl/vendor/laravel/framework/src/Illuminate/Foundation/Http/Middleware/ValidatePostSize.php(27): Illuminate\\Pipeline\\Pipeline->Illuminate\\Pipeline\\{closure}()
#36 /home/rakin/github/Projects/KasseControl/vendor/laravel/framework/src/Illuminate/Pipeline/Pipeline.php(183): Illuminate\\Foundation\\Http\\Middleware\\ValidatePostSize->handle()
#37 /home/rakin/github/Projects/KasseControl/vendor/laravel/framework/src/Illuminate/Foundation/Http/Middleware/PreventRequestsDuringMaintenance.php(99): Illuminate\\Pipeline\\Pipeline->Illuminate\\Pipeline\\{closure}()
#38 /home/rakin/github/Projects/KasseControl/vendor/laravel/framework/src/Illuminate/Pipeline/Pipeline.php(183): Illuminate\\Foundation\\Http\\Middleware\\PreventRequestsDuringMaintenance->handle()
#39 /home/rakin/github/Projects/KasseControl/vendor/laravel/framework/src/Illuminate/Http/Middleware/HandleCors.php(49): Illuminate\\Pipeline\\Pipeline->Illuminate\\Pipeline\\{closure}()
#40 /home/rakin/github/Projects/KasseControl/vendor/laravel/framework/src/Illuminate/Pipeline/Pipeline.php(183): Illuminate\\Http\\Middleware\\HandleCors->handle()
#41 /home/rakin/github/Projects/KasseControl/vendor/laravel/framework/src/Illuminate/Http/Middleware/TrustProxies.php(39): Illuminate\\Pipeline\\Pipeline->Illuminate\\Pipeline\\{closure}()
#42 /home/rakin/github/Projects/KasseControl/vendor/laravel/framework/src/Illuminate/Pipeline/Pipeline.php(183): Illuminate\\Http\\Middleware\\TrustProxies->handle()
#43 /home/rakin/github/Projects/KasseControl/vendor/laravel/framework/src/Illuminate/Pipeline/Pipeline.php(119): Illuminate\\Pipeline\\Pipeline->Illuminate\\Pipeline\\{closure}()
#44 /home/rakin/github/Projects/KasseControl/vendor/laravel/framework/src/Illuminate/Foundation/Http/Kernel.php(175): Illuminate\\Pipeline\\Pipeline->then()
#45 /home/rakin/github/Projects/KasseControl/vendor/laravel/framework/src/Illuminate/Foundation/Http/Kernel.php(144): Illuminate\\Foundation\\Http\\Kernel->sendRequestThroughRouter()
#46 /home/rakin/github/Projects/KasseControl/public/index.php(21): Illuminate\\Foundation\\Http\\Kernel->handle()
#47 /home/rakin/github/Projects/KasseControl/vendor/laravel/framework/src/Illuminate/Foundation/resources/server.php(16): require_once('...')
#48 {main}
"} 
[2025-11-11 22:00:48] laravel.ERROR: View [pos.index] not found. {"userId":1,"exception":"[object] (InvalidArgumentException(code: 0): View [pos.index] not found. at /home/rakin/github/Projects/KasseControl/vendor/laravel/framework/src/Illuminate/View/FileViewFinder.php:137)
[stacktrace]
#0 /home/rakin/github/Projects/KasseControl/vendor/laravel/framework/src/Illuminate/View/FileViewFinder.php(79): Illuminate\\View\\FileViewFinder->findInPaths()
#1 /home/rakin/github/Projects/KasseControl/vendor/laravel/framework/src/Illuminate/View/Factory.php(137): Illuminate\\View\\FileViewFinder->find()
#2 /home/rakin/github/Projects/KasseControl/vendor/laravel/framework/src/Illuminate/Foundation/helpers.php(1020): Illuminate\\View\\Factory->make()
#3 /home/rakin/github/Projects/KasseControl/app/Http/Controllers/PosController.php(25): view()
#4 /home/rakin/github/Projects/KasseControl/vendor/laravel/framework/src/Illuminate/Routing/Controller.php(54): App\\Http\\Controllers\\PosController->index()
#5 /home/rakin/github/Projects/KasseControl/vendor/laravel/framework/src/Illuminate/Routing/ControllerDispatcher.php(43): Illuminate\\Routing\\Controller->callAction()
#6 /home/rakin/github/Projects/KasseControl/vendor/laravel/framework/src/Illuminate/Routing/Route.php(259): Illuminate\\Routing\\ControllerDispatcher->dispatch()
#7 /home/rakin/github/Projects/KasseControl/vendor/laravel/framework/src/Illuminate/Routing/Route.php(205): Illuminate\\Routing\\Route->runController()
#8 /home/rakin/github/Projects/KasseControl/vendor/laravel/framework/src/Illuminate/Routing/Router.php(806): Illuminate\\Routing\\Route->run()
#9 /home/rakin/github/Projects/KasseControl/vendor/laravel/framework/src/Illuminate/Pipeline/Pipeline.php(144): Illuminate\\Routing\\Router->Illuminate\\Routing\\{closure}()
#10 /home/rakin/github/Projects/KasseControl/vendor/laravel/framework/src/Illuminate/Routing/Middleware/SubstituteBindings.php(50): Illuminate\\Pipeline\\Pipeline->Illuminate\\Pipeline\\{closure}()
#11 /home/rakin/github/Projects/KasseControl/vendor/laravel/framework/src/Illuminate/Pipeline/Pipeline.php(183): Illuminate\\Routing\\Middleware\\SubstituteBindings->handle()
#12 /home/rakin/github/Projects/KasseControl/vendor/laravel/framework/src/Illuminate/Auth/Middleware/Authenticate.php(57): Illuminate\\Pipeline\\Pipeline->Illuminate\\Pipeline\\{closure}()
#13 /home/rakin/github/Projects/KasseControl/vendor/laravel/framework/src/Illuminate/Pipeline/Pipeline.php(183): Illuminate\\Auth\\Middleware\\Authenticate->handle()
#14 /home/rakin/github/Projects/KasseControl/vendor/laravel/framework/src/Illuminate/Foundation/Http/Middleware/VerifyCsrfToken.php(78): Illuminate\\Pipeline\\Pipeline->Illuminate\\Pipeline\\{closure}()
#15 /home/rakin/github/Projects/KasseControl/vendor/laravel/framework/src/Illuminate/Pipeline/Pipeline.php(183): Illuminate\\Foundation\\Http\\Middleware\\VerifyCsrfToken->handle()
#16 /home/rakin/github/Projects/KasseControl/vendor/laravel/framework/src/Illuminate/View/Middleware/ShareErrorsFromSession.php(49): Illuminate\\Pipeline\\Pipeline->Illuminate\\Pipeline\\{closure}()
#17 /home/rakin/github/Projects/KasseControl/vendor/laravel/framework/src/Illuminate/Pipeline/Pipeline.php(183): Illuminate\\View\\Middleware\\ShareErrorsFromSession->handle()
#18 /home/rakin/github/Projects/KasseControl/vendor/laravel/framework/src/Illuminate/Session/Middleware/StartSession.php(121): Illuminate\\Pipeline\\Pipeline->Illuminate\\Pipeline\\{closure}()
#19 /home/rakin/github/Projects/KasseControl/vendor/laravel/framework/src/Illuminate/Session/Middleware/StartSession.php(64): Illuminate\\Session\\Middleware\\StartSession->handleStatefulRequest()
#20 /home/rakin/github/Projects/KasseControl/vendor/laravel/framework/src/Illuminate/Pipeline/Pipeline.php(183): Illuminate\\Session\\Middleware\\StartSession->handle()
#21 /home/rakin/github/Projects/KasseControl/vendor/laravel/framework/src/Illuminate/Cookie/Middleware/AddQueuedCookiesToResponse.php(37): Illuminate\\Pipeline\\Pipeline->Illuminate\\Pipeline\\{closure}()
#22 /home/rakin/github/Projects/KasseControl/vendor/laravel/framework/src/Illuminate/Pipeline/Pipeline.php(183): Illuminate\\Cookie\\Middleware\\AddQueuedCookiesToResponse->handle()
#23 /home/rakin/github/Projects/KasseControl/vendor/laravel/framework/src/Illuminate/Cookie/Middleware/EncryptCookies.php(67): Illuminate\\Pipeline\\Pipeline->Illuminate\\Pipeline\\{closure}()
#24 /home/rakin/github/Projects/KasseControl/vendor/laravel/framework/src/Illuminate/Pipeline/Pipeline.php(183): Illuminate\\Cookie\\Middleware\\EncryptCookies->handle()
#25 /home/rakin/github/Projects/KasseControl/vendor/laravel/framework/src/Illuminate/Pipeline/Pipeline.php(119): Illuminate\\Pipeline\\Pipeline->Illuminate\\Pipeline\\{closure}()
#26 /home/rakin/github/Projects/KasseControl/vendor/laravel/framework/src/Illuminate/Routing/Router.php(805): Illuminate\\Pipeline\\Pipeline->then()
#27 /home/rakin/github/Projects/KasseControl/vendor/laravel/framework/src/Illuminate/Routing/Router.php(784): Illuminate\\Routing\\Router->runRouteWithinStack()
#28 /home/rakin/github/Projects/KasseControl/vendor/laravel/framework/src/Illuminate/Routing/Router.php(748): Illuminate\\Routing\\Router->runRoute()
#29 /home/rakin/github/Projects/KasseControl/vendor/laravel/framework/src/Illuminate/Routing/Router.php(737): Illuminate\\Routing\\Router->dispatchToRoute()
#30 /home/rakin/github/Projects/KasseControl/vendor/laravel/framework/src/Illuminate/Foundation/Http/Kernel.php(200): Illuminate\\Routing\\Router->dispatch()
#31 /home/rakin/github/Projects/KasseControl/vendor/laravel/framework/src/Illuminate/Pipeline/Pipeline.php(144): Illuminate\\Foundation\\Http\\Kernel->Illuminate\\Foundation\\Http\\{closure}()
#32 /home/rakin/github/Projects/KasseControl/vendor/laravel/framework/src/Illuminate/Foundation/Http/Middleware/TransformsRequest.php(21): Illuminate\\Pipeline\\Pipeline->Illuminate\\Pipeline\\{closure}()
#33 /home/rakin/github/Projects/KasseControl/vendor/laravel/framework/src/Illuminate/Foundation/Http/Middleware/ConvertEmptyStringsToNull.php(31): Illuminate\\Foundation\\Http\\Middleware\\TransformsRequest->handle()
#34 /home/rakin/github/Projects/KasseControl/vendor/laravel/framework/src/Illuminate/Pipeline/Pipeline.php(183): Illuminate\\Foundation\\Http\\Middleware\\ConvertEmptyStringsToNull->handle()
#35 /home/rakin/github/Projects/KasseControl/vendor/laravel/framework/src/Illuminate/Foundation/Http/Middleware/TransformsRequest.php(21): Illuminate\\Pipeline\\Pipeline->Illuminate\\Pipeline\\{closure}()
#36 /home/rakin/github/Projects/KasseControl/vendor/laravel/framework/src/Illuminate/Foundation/Http/Middleware/TrimStrings.php(40): Illuminate\\Foundation\\Http\\Middleware\\TransformsRequest->handle()
#37 /home/rakin/github/Projects/KasseControl/vendor/laravel/framework/src/Illuminate/Pipeline/Pipeline.php(183): Illuminate\\Foundation\\Http\\Middleware\\TrimStrings->handle()
#38 /home/rakin/github/Projects/KasseControl/vendor/laravel/framework/src/Illuminate/Foundation/Http/Middleware/ValidatePostSize.php(27): Illuminate\\Pipeline\\Pipeline->Illuminate\\Pipeline\\{closure}()
#39 /home/rakin/github/Projects/KasseControl/vendor/laravel/framework/src/Illuminate/Pipeline/Pipeline.php(183): Illuminate\\Foundation\\Http\\Middleware\\ValidatePostSize->handle()
#40 /home/rakin/github/Projects/KasseControl/vendor/laravel/framework/src/Illuminate/Foundation/Http/Middleware/PreventRequestsDuringMaintenance.php(99): Illuminate\\Pipeline\\Pipeline->Illuminate\\Pipeline\\{closure}()
#41 /home/rakin/github/Projects/KasseControl/vendor/laravel/framework/src/Illuminate/Pipeline/Pipeline.php(183): Illuminate\\Foundation\\Http\\Middleware\\PreventRequestsDuringMaintenance->handle()
#42 /home/rakin/github/Projects/KasseControl/vendor/laravel/framework/src/Illuminate/Http/Middleware/HandleCors.php(49): Illuminate\\Pipeline\\Pipeline->Illuminate\\Pipeline\\{closure}()
#43 /home/rakin/github/Projects/KasseControl/vendor/laravel/framework/src/Illuminate/Pipeline/Pipeline.php(183): Illuminate\\Http\\Middleware\\HandleCors->handle()
#44 /home/rakin/github/Projects/KasseControl/vendor/laravel/framework/src/Illuminate/Http/Middleware/TrustProxies.php(39): Illuminate\\Pipeline\\Pipeline->Illuminate\\Pipeline\\{closure}()
#45 /home/rakin/github/Projects/KasseControl/vendor/laravel/framework/src/Illuminate/Pipeline/Pipeline.php(183): Illuminate\\Http\\Middleware\\TrustProxies->handle()
#46 /home/rakin/github/Projects/KasseControl/vendor/laravel/framework/src/Illuminate/Pipeline/Pipeline.php(119): Illuminate\\Pipeline\\Pipeline->Illuminate\\Pipeline\\{closure}()
#47 /home/rakin/github/Projects/KasseControl/vendor/laravel/framework/src/Illuminate/Foundation/Http/Kernel.php(175): Illuminate\\Pipeline\\Pipeline->then()
#48 /home/rakin/github/Projects/KasseControl/vendor/laravel/framework/src/Illuminate/Foundation/Http/Kernel.php(144): Illuminate\\Foundation\\Http\\Kernel->sendRequestThroughRouter()
#49 /home/rakin/github/Projects/KasseControl/public/index.php(21): Illuminate\\Foundation\\Http\\Kernel->handle()
#50 /home/rakin/github/Projects/KasseControl/vendor/laravel/framework/src/Illuminate/Foundation/resources/server.php(16): require_once('...')
#51 {main}
"} 
[2025-11-11 22:12:19] local.ERROR: Class "DB" not found {"userId":1,"exception":"[object] (Error(code: 0): Class \"DB\" not found at /home/rakin/github/Projects/KasseControl/app/Http/Controllers/InventoryController.php:17)
[stacktrace]
#0 /home/rakin/github/Projects/KasseControl/vendor/laravel/framework/src/Illuminate/Routing/Controller.php(54): App\\Http\\Controllers\\InventoryController->index()
#1 /home/rakin/github/Projects/KasseControl/vendor/laravel/framework/src/Illuminate/Routing/ControllerDispatcher.php(43): Illuminate\\Routing\\Controller->callAction()
#2 /home/rakin/github/Projects/KasseControl/vendor/laravel/framework/src/Illuminate/Routing/Route.php(259): Illuminate\\Routing\\ControllerDispatcher->dispatch()
#3 /home/rakin/github/Projects/KasseControl/vendor/laravel/framework/src/Illuminate/Routing/Route.php(205): Illuminate\\Routing\\Route->runController()
#4 /home/rakin/github/Projects/KasseControl/vendor/laravel/framework/src/Illuminate/Routing/Router.php(806): Illuminate\\Routing\\Route->run()
#5 /home/rakin/github/Projects/KasseControl/vendor/laravel/framework/src/Illuminate/Pipeline/Pipeline.php(144): Illuminate\\Routing\\Router->Illuminate\\Routing\\{closure}()
#6 /home/rakin/github/Projects/KasseControl/app/Http/Middleware/CheckRole.php(20): Illuminate\\Pipeline\\Pipeline->Illuminate\\Pipeline\\{closure}()
#7 /home/rakin/github/Projects/KasseControl/vendor/laravel/framework/src/Illuminate/Pipeline/Pipeline.php(183): App\\Http\\Middleware\\CheckRole->handle()
#8 /home/rakin/github/Projects/KasseControl/vendor/laravel/framework/src/Illuminate/Routing/Middleware/SubstituteBindings.php(50): Illuminate\\Pipeline\\Pipeline->Illuminate\\Pipeline\\{closure}()
#9 /home/rakin/github/Projects/KasseControl/vendor/laravel/framework/src/Illuminate/Pipeline/Pipeline.php(183): Illuminate\\Routing\\Middleware\\SubstituteBindings->handle()
#10 /home/rakin/github/Projects/KasseControl/vendor/laravel/framework/src/Illuminate/Auth/Middleware/Authenticate.php(57): Illuminate\\Pipeline\\Pipeline->Illuminate\\Pipeline\\{closure}()
#11 /home/rakin/github/Projects/KasseControl/vendor/laravel/framework/src/Illuminate/Pipeline/Pipeline.php(183): Illuminate\\Auth\\Middleware\\Authenticate->handle()
#12 /home/rakin/github/Projects/KasseControl/vendor/laravel/framework/src/Illuminate/Foundation/Http/Middleware/VerifyCsrfToken.php(78): Illuminate\\Pipeline\\Pipeline->Illuminate\\Pipeline\\{closure}()
#13 /home/rakin/github/Projects/KasseControl/vendor/laravel/framework/src/Illuminate/Pipeline/Pipeline.php(183): Illuminate\\Foundation\\Http\\Middleware\\VerifyCsrfToken->handle()
#14 /home/rakin/github/Projects/KasseControl/vendor/laravel/framework/src/Illuminate/View/Middleware/ShareErrorsFromSession.php(49): Illuminate\\Pipeline\\Pipeline->Illuminate\\Pipeline\\{closure}()
#15 /home/rakin/github/Projects/KasseControl/vendor/laravel/framework/src/Illuminate/Pipeline/Pipeline.php(183): Illuminate\\View\\Middleware\\ShareErrorsFromSession->handle()
#16 /home/rakin/github/Projects/KasseControl/vendor/laravel/framework/src/Illuminate/Session/Middleware/StartSession.php(121): Illuminate\\Pipeline\\Pipeline->Illuminate\\Pipeline\\{closure}()
#17 /home/rakin/github/Projects/KasseControl/vendor/laravel/framework/src/Illuminate/Session/Middleware/StartSession.php(64): Illuminate\\Session\\Middleware\\StartSession->handleStatefulRequest()
#18 /home/rakin/github/Projects/KasseControl/vendor/laravel/framework/src/Illuminate/Pipeline/Pipeline.php(183): Illuminate\\Session\\Middleware\\StartSession->handle()
#19 /home/rakin/github/Projects/KasseControl/vendor/laravel/framework/src/Illuminate/Cookie/Middleware/AddQueuedCookiesToResponse.php(37): Illuminate\\Pipeline\\Pipeline->Illuminate\\Pipeline\\{closure}()
#20 /home/rakin/github/Projects/KasseControl/vendor/laravel/framework/src/Illuminate/Pipeline/Pipeline.php(183): Illuminate\\Cookie\\Middleware\\AddQueuedCookiesToResponse->handle()
#21 /home/rakin/github/Projects/KasseControl/vendor/laravel/framework/src/Illuminate/Cookie/Middleware/EncryptCookies.php(67): Illuminate\\Pipeline\\Pipeline->Illuminate\\Pipeline\\{closure}()
#22 /home/rakin/github/Projects/KasseControl/vendor/laravel/framework/src/Illuminate/Pipeline/Pipeline.php(183): Illuminate\\Cookie\\Middleware\\EncryptCookies->handle()
#23 /home/rakin/github/Projects/KasseControl/vendor/laravel/framework/src/Illuminate/Pipeline/Pipeline.php(119): Illuminate\\Pipeline\\Pipeline->Illuminate\\Pipeline\\{closure}()
#24 /home/rakin/github/Projects/KasseControl/vendor/laravel/framework/src/Illuminate/Routing/Router.php(805): Illuminate\\Pipeline\\Pipeline->then()
#25 /home/rakin/github/Projects/KasseControl/vendor/laravel/framework/src/Illuminate/Routing/Router.php(784): Illuminate\\Routing\\Router->runRouteWithinStack()
#26 /home/rakin/github/Projects/KasseControl/vendor/laravel/framework/src/Illuminate/Routing/Router.php(748): Illuminate\\Routing\\Router->runRoute()
#27 /home/rakin/github/Projects/KasseControl/vendor/laravel/framework/src/Illuminate/Routing/Router.php(737): Illuminate\\Routing\\Router->dispatchToRoute()
#28 /home/rakin/github/Projects/KasseControl/vendor/laravel/framework/src/Illuminate/Foundation/Http/Kernel.php(200): Illuminate\\Routing\\Router->dispatch()
#29 /home/rakin/github/Projects/KasseControl/vendor/laravel/framework/src/Illuminate/Pipeline/Pipeline.php(144): Illuminate\\Foundation\\Http\\Kernel->Illuminate\\Foundation\\Http\\{closure}()
#30 /home/rakin/github/Projects/KasseControl/vendor/laravel/framework/src/Illuminate/Foundation/Http/Middleware/TransformsRequest.php(21): Illuminate\\Pipeline\\Pipeline->Illuminate\\Pipeline\\{closure}()
#31 /home/rakin/github/Projects/KasseControl/vendor/laravel/framework/src/Illuminate/Foundation/Http/Middleware/ConvertEmptyStringsToNull.php(31): Illuminate\\Foundation\\Http\\Middleware\\TransformsRequest->handle()
#32 /home/rakin/github/Projects/KasseControl/vendor/laravel/framework/src/Illuminate/Pipeline/Pipeline.php(183): Illuminate\\Foundation\\Http\\Middleware\\ConvertEmptyStringsToNull->handle()
#33 /home/rakin/github/Projects/KasseControl/vendor/laravel/framework/src/Illuminate/Foundation/Http/Middleware/TransformsRequest.php(21): Illuminate\\Pipeline\\Pipeline->Illuminate\\Pipeline\\{closure}()
#34 /home/rakin/github/Projects/KasseControl/vendor/laravel/framework/src/Illuminate/Foundation/Http/Middleware/TrimStrings.php(40): Illuminate\\Foundation\\Http\\Middleware\\TransformsRequest->handle()
#35 /home/rakin/github/Projects/KasseControl/vendor/laravel/framework/src/Illuminate/Pipeline/Pipeline.php(183): Illuminate\\Foundation\\Http\\Middleware\\TrimStrings->handle()
#36 /home/rakin/github/Projects/KasseControl/vendor/laravel/framework/src/Illuminate/Foundation/Http/Middleware/ValidatePostSize.php(27): Illuminate\\Pipeline\\Pipeline->Illuminate\\Pipeline\\{closure}()
#37 /home/rakin/github/Projects/KasseControl/vendor/laravel/framework/src/Illuminate/Pipeline/Pipeline.php(183): Illuminate\\Foundation\\Http\\Middleware\\ValidatePostSize->handle()
#38 /home/rakin/github/Projects/KasseControl/vendor/laravel/framework/src/Illuminate/Foundation/Http/Middleware/PreventRequestsDuringMaintenance.php(99): Illuminate\\Pipeline\\Pipeline->Illuminate\\Pipeline\\{closure}()
#39 /home/rakin/github/Projects/KasseControl/vendor/laravel/framework/src/Illuminate/Pipeline/Pipeline.php(183): Illuminate\\Foundation\\Http\\Middleware\\PreventRequestsDuringMaintenance->handle()
#40 /home/rakin/github/Projects/KasseControl/vendor/laravel/framework/src/Illuminate/Http/Middleware/HandleCors.php(49): Illuminate\\Pipeline\\Pipeline->Illuminate\\Pipeline\\{closure}()
#41 /home/rakin/github/Projects/KasseControl/vendor/laravel/framework/src/Illuminate/Pipeline/Pipeline.php(183): Illuminate\\Http\\Middleware\\HandleCors->handle()
#42 /home/rakin/github/Projects/KasseControl/vendor/laravel/framework/src/Illuminate/Http/Middleware/TrustProxies.php(39): Illuminate\\Pipeline\\Pipeline->Illuminate\\Pipeline\\{closure}()
#43 /home/rakin/github/Projects/KasseControl/vendor/laravel/framework/src/Illuminate/Pipeline/Pipeline.php(183): Illuminate\\Http\\Middleware\\TrustProxies->handle()
#44 /home/rakin/github/Projects/KasseControl/vendor/laravel/framework/src/Illuminate/Pipeline/Pipeline.php(119): Illuminate\\Pipeline\\Pipeline->Illuminate\\Pipeline\\{closure}()
#45 /home/rakin/github/Projects/KasseControl/vendor/laravel/framework/src/Illuminate/Foundation/Http/Kernel.php(175): Illuminate\\Pipeline\\Pipeline->then()
#46 /home/rakin/github/Projects/KasseControl/vendor/laravel/framework/src/Illuminate/Foundation/Http/Kernel.php(144): Illuminate\\Foundation\\Http\\Kernel->sendRequestThroughRouter()
#47 /home/rakin/github/Projects/KasseControl/public/index.php(21): Illuminate\\Foundation\\Http\\Kernel->handle()
#48 /home/rakin/github/Projects/KasseControl/vendor/laravel/framework/src/Illuminate/Foundation/resources/server.php(16): require_once('...')
#49 {main}
"} 
[2025-11-11 22:13:10] local.ERROR: Class "DB" not found {"userId":1,"exception":"[object] (Error(code: 0): Class \"DB\" not found at /home/rakin/github/Projects/KasseControl/app/Http/Controllers/InventoryController.php:17)
[stacktrace]
#0 /home/rakin/github/Projects/KasseControl/vendor/laravel/framework/src/Illuminate/Routing/Controller.php(54): App\\Http\\Controllers\\InventoryController->index()
#1 /home/rakin/github/Projects/KasseControl/vendor/laravel/framework/src/Illuminate/Routing/ControllerDispatcher.php(43): Illuminate\\Routing\\Controller->callAction()
#2 /home/rakin/github/Projects/KasseControl/vendor/laravel/framework/src/Illuminate/Routing/Route.php(259): Illuminate\\Routing\\ControllerDispatcher->dispatch()
#3 /home/rakin/github/Projects/KasseControl/vendor/laravel/framework/src/Illuminate/Routing/Route.php(205): Illuminate\\Routing\\Route->runController()
#4 /home/rakin/github/Projects/KasseControl/vendor/laravel/framework/src/Illuminate/Routing/Router.php(806): Illuminate\\Routing\\Route->run()
#5 /home/rakin/github/Projects/KasseControl/vendor/laravel/framework/src/Illuminate/Pipeline/Pipeline.php(144): Illuminate\\Routing\\Router->Illuminate\\Routing\\{closure}()
#6 /home/rakin/github/Projects/KasseControl/app/Http/Middleware/CheckRole.php(20): Illuminate\\Pipeline\\Pipeline->Illuminate\\Pipeline\\{closure}()
#7 /home/rakin/github/Projects/KasseControl/vendor/laravel/framework/src/Illuminate/Pipeline/Pipeline.php(183): App\\Http\\Middleware\\CheckRole->handle()
#8 /home/rakin/github/Projects/KasseControl/vendor/laravel/framework/src/Illuminate/Routing/Middleware/SubstituteBindings.php(50): Illuminate\\Pipeline\\Pipeline->Illuminate\\Pipeline\\{closure}()
#9 /home/rakin/github/Projects/KasseControl/vendor/laravel/framework/src/Illuminate/Pipeline/Pipeline.php(183): Illuminate\\Routing\\Middleware\\SubstituteBindings->handle()
#10 /home/rakin/github/Projects/KasseControl/vendor/laravel/framework/src/Illuminate/Auth/Middleware/Authenticate.php(57): Illuminate\\Pipeline\\Pipeline->Illuminate\\Pipeline\\{closure}()
#11 /home/rakin/github/Projects/KasseControl/vendor/laravel/framework/src/Illuminate/Pipeline/Pipeline.php(183): Illuminate\\Auth\\Middleware\\Authenticate->handle()
#12 /home/rakin/github/Projects/KasseControl/vendor/laravel/framework/src/Illuminate/Foundation/Http/Middleware/VerifyCsrfToken.php(78): Illuminate\\Pipeline\\Pipeline->Illuminate\\Pipeline\\{closure}()
#13 /home/rakin/github/Projects/KasseControl/vendor/laravel/framework/src/Illuminate/Pipeline/Pipeline.php(183): Illuminate\\Foundation\\Http\\Middleware\\VerifyCsrfToken->handle()
#14 /home/rakin/github/Projects/KasseControl/vendor/laravel/framework/src/Illuminate/View/Middleware/ShareErrorsFromSession.php(49): Illuminate\\Pipeline\\Pipeline->Illuminate\\Pipeline\\{closure}()
#15 /home/rakin/github/Projects/KasseControl/vendor/laravel/framework/src/Illuminate/Pipeline/Pipeline.php(183): Illuminate\\View\\Middleware\\ShareErrorsFromSession->handle()
#16 /home/rakin/github/Projects/KasseControl/vendor/laravel/framework/src/Illuminate/Session/Middleware/StartSession.php(121): Illuminate\\Pipeline\\Pipeline->Illuminate\\Pipeline\\{closure}()
#17 /home/rakin/github/Projects/KasseControl/vendor/laravel/framework/src/Illuminate/Session/Middleware/StartSession.php(64): Illuminate\\Session\\Middleware\\StartSession->handleStatefulRequest()
#18 /home/rakin/github/Projects/KasseControl/vendor/laravel/framework/src/Illuminate/Pipeline/Pipeline.php(183): Illuminate\\Session\\Middleware\\StartSession->handle()
#19 /home/rakin/github/Projects/KasseControl/vendor/laravel/framework/src/Illuminate/Cookie/Middleware/AddQueuedCookiesToResponse.php(37): Illuminate\\Pipeline\\Pipeline->Illuminate\\Pipeline\\{closure}()
#20 /home/rakin/github/Projects/KasseControl/vendor/laravel/framework/src/Illuminate/Pipeline/Pipeline.php(183): Illuminate\\Cookie\\Middleware\\AddQueuedCookiesToResponse->handle()
#21 /home/rakin/github/Projects/KasseControl/vendor/laravel/framework/src/Illuminate/Cookie/Middleware/EncryptCookies.php(67): Illuminate\\Pipeline\\Pipeline->Illuminate\\Pipeline\\{closure}()
#22 /home/rakin/github/Projects/KasseControl/vendor/laravel/framework/src/Illuminate/Pipeline/Pipeline.php(183): Illuminate\\Cookie\\Middleware\\EncryptCookies->handle()
#23 /home/rakin/github/Projects/KasseControl/vendor/laravel/framework/src/Illuminate/Pipeline/Pipeline.php(119): Illuminate\\Pipeline\\Pipeline->Illuminate\\Pipeline\\{closure}()
#24 /home/rakin/github/Projects/KasseControl/vendor/laravel/framework/src/Illuminate/Routing/Router.php(805): Illuminate\\Pipeline\\Pipeline->then()
#25 /home/rakin/github/Projects/KasseControl/vendor/laravel/framework/src/Illuminate/Routing/Router.php(784): Illuminate\\Routing\\Router->runRouteWithinStack()
#26 /home/rakin/github/Projects/KasseControl/vendor/laravel/framework/src/Illuminate/Routing/Router.php(748): Illuminate\\Routing\\Router->runRoute()
#27 /home/rakin/github/Projects/KasseControl/vendor/laravel/framework/src/Illuminate/Routing/Router.php(737): Illuminate\\Routing\\Router->dispatchToRoute()
#28 /home/rakin/github/Projects/KasseControl/vendor/laravel/framework/src/Illuminate/Foundation/Http/Kernel.php(200): Illuminate\\Routing\\Router->dispatch()
#29 /home/rakin/github/Projects/KasseControl/vendor/laravel/framework/src/Illuminate/Pipeline/Pipeline.php(144): Illuminate\\Foundation\\Http\\Kernel->Illuminate\\Foundation\\Http\\{closure}()
#30 /home/rakin/github/Projects/KasseControl/vendor/laravel/framework/src/Illuminate/Foundation/Http/Middleware/TransformsRequest.php(21): Illuminate\\Pipeline\\Pipeline->Illuminate\\Pipeline\\{closure}()
#31 /home/rakin/github/Projects/KasseControl/vendor/laravel/framework/src/Illuminate/Foundation/Http/Middleware/ConvertEmptyStringsToNull.php(31): Illuminate\\Foundation\\Http\\Middleware\\TransformsRequest->handle()
#32 /home/rakin/github/Projects/KasseControl/vendor/laravel/framework/src/Illuminate/Pipeline/Pipeline.php(183): Illuminate\\Foundation\\Http\\Middleware\\ConvertEmptyStringsToNull->handle()
#33 /home/rakin/github/Projects/KasseControl/vendor/laravel/framework/src/Illuminate/Foundation/Http/Middleware/TransformsRequest.php(21): Illuminate\\Pipeline\\Pipeline->Illuminate\\Pipeline\\{closure}()
#34 /home/rakin/github/Projects/KasseControl/vendor/laravel/framework/src/Illuminate/Foundation/Http/Middleware/TrimStrings.php(40): Illuminate\\Foundation\\Http\\Middleware\\TransformsRequest->handle()
#35 /home/rakin/github/Projects/KasseControl/vendor/laravel/framework/src/Illuminate/Pipeline/Pipeline.php(183): Illuminate\\Foundation\\Http\\Middleware\\TrimStrings->handle()
#36 /home/rakin/github/Projects/KasseControl/vendor/laravel/framework/src/Illuminate/Foundation/Http/Middleware/ValidatePostSize.php(27): Illuminate\\Pipeline\\Pipeline->Illuminate\\Pipeline\\{closure}()
#37 /home/rakin/github/Projects/KasseControl/vendor/laravel/framework/src/Illuminate/Pipeline/Pipeline.php(183): Illuminate\\Foundation\\Http\\Middleware\\ValidatePostSize->handle()
#38 /home/rakin/github/Projects/KasseControl/vendor/laravel/framework/src/Illuminate/Foundation/Http/Middleware/PreventRequestsDuringMaintenance.php(99): Illuminate\\Pipeline\\Pipeline->Illuminate\\Pipeline\\{closure}()
#39 /home/rakin/github/Projects/KasseControl/vendor/laravel/framework/src/Illuminate/Pipeline/Pipeline.php(183): Illuminate\\Foundation\\Http\\Middleware\\PreventRequestsDuringMaintenance->handle()
#40 /home/rakin/github/Projects/KasseControl/vendor/laravel/framework/src/Illuminate/Http/Middleware/HandleCors.php(49): Illuminate\\Pipeline\\Pipeline->Illuminate\\Pipeline\\{closure}()
#41 /home/rakin/github/Projects/KasseControl/vendor/laravel/framework/src/Illuminate/Pipeline/Pipeline.php(183): Illuminate\\Http\\Middleware\\HandleCors->handle()
#42 /home/rakin/github/Projects/KasseControl/vendor/laravel/framework/src/Illuminate/Http/Middleware/TrustProxies.php(39): Illuminate\\Pipeline\\Pipeline->Illuminate\\Pipeline\\{closure}()
#43 /home/rakin/github/Projects/KasseControl/vendor/laravel/framework/src/Illuminate/Pipeline/Pipeline.php(183): Illuminate\\Http\\Middleware\\TrustProxies->handle()
#44 /home/rakin/github/Projects/KasseControl/vendor/laravel/framework/src/Illuminate/Pipeline/Pipeline.php(119): Illuminate\\Pipeline\\Pipeline->Illuminate\\Pipeline\\{closure}()
#45 /home/rakin/github/Projects/KasseControl/vendor/laravel/framework/src/Illuminate/Foundation/Http/Kernel.php(175): Illuminate\\Pipeline\\Pipeline->then()
#46 /home/rakin/github/Projects/KasseControl/vendor/laravel/framework/src/Illuminate/Foundation/Http/Kernel.php(144): Illuminate\\Foundation\\Http\\Kernel->sendRequestThroughRouter()
#47 /home/rakin/github/Projects/KasseControl/public/index.php(21): Illuminate\\Foundation\\Http\\Kernel->handle()
#48 /home/rakin/github/Projects/KasseControl/vendor/laravel/framework/src/Illuminate/Foundation/resources/server.php(16): require_once('...')
#49 {main}
"} 
[2025-11-11 22:15:54] local.ERROR: SQLSTATE[42S22]: Column not found: 1054 Unknown column 'alert_quantity' in 'where clause' (Connection: mysql, SQL: select count(*) as aggregate from `products` where `stock` <= `alert_quantity` and `products`.`deleted_at` is null) {"userId":1,"exception":"[object] (Illuminate\\Database\\QueryException(code: 42S22): SQLSTATE[42S22]: Column not found: 1054 Unknown column 'alert_quantity' in 'where clause' (Connection: mysql, SQL: select count(*) as aggregate from `products` where `stock` <= `alert_quantity` and `products`.`deleted_at` is null) at /home/rakin/github/Projects/KasseControl/vendor/laravel/framework/src/Illuminate/Database/Connection.php:829)
[stacktrace]
#0 /home/rakin/github/Projects/KasseControl/vendor/laravel/framework/src/Illuminate/Database/Connection.php(783): Illuminate\\Database\\Connection->runQueryCallback()
#1 /home/rakin/github/Projects/KasseControl/vendor/laravel/framework/src/Illuminate/Database/Connection.php(414): Illuminate\\Database\\Connection->run()
#2 /home/rakin/github/Projects/KasseControl/vendor/laravel/framework/src/Illuminate/Database/Query/Builder.php(2913): Illuminate\\Database\\Connection->select()
#3 /home/rakin/github/Projects/KasseControl/vendor/laravel/framework/src/Illuminate/Database/Query/Builder.php(2902): Illuminate\\Database\\Query\\Builder->runSelect()
#4 /home/rakin/github/Projects/KasseControl/vendor/laravel/framework/src/Illuminate/Database/Query/Builder.php(3456): Illuminate\\Database\\Query\\Builder->Illuminate\\Database\\Query\\{closure}()
#5 /home/rakin/github/Projects/KasseControl/vendor/laravel/framework/src/Illuminate/Database/Query/Builder.php(2901): Illuminate\\Database\\Query\\Builder->onceWithColumns()
#6 /home/rakin/github/Projects/KasseControl/vendor/laravel/framework/src/Illuminate/Database/Query/Builder.php(3383): Illuminate\\Database\\Query\\Builder->get()
#7 /home/rakin/github/Projects/KasseControl/vendor/laravel/framework/src/Illuminate/Database/Query/Builder.php(3311): Illuminate\\Database\\Query\\Builder->aggregate()
#8 /home/rakin/github/Projects/KasseControl/vendor/laravel/framework/src/Illuminate/Database/Eloquent/Builder.php(1982): Illuminate\\Database\\Query\\Builder->count()
#9 /home/rakin/github/Projects/KasseControl/app/Http/Controllers/InventoryController.php(18): Illuminate\\Database\\Eloquent\\Builder->__call()
#10 /home/rakin/github/Projects/KasseControl/vendor/laravel/framework/src/Illuminate/Routing/Controller.php(54): App\\Http\\Controllers\\InventoryController->index()
#11 /home/rakin/github/Projects/KasseControl/vendor/laravel/framework/src/Illuminate/Routing/ControllerDispatcher.php(43): Illuminate\\Routing\\Controller->callAction()
#12 /home/rakin/github/Projects/KasseControl/vendor/laravel/framework/src/Illuminate/Routing/Route.php(259): Illuminate\\Routing\\ControllerDispatcher->dispatch()
#13 /home/rakin/github/Projects/KasseControl/vendor/laravel/framework/src/Illuminate/Routing/Route.php(205): Illuminate\\Routing\\Route->runController()
#14 /home/rakin/github/Projects/KasseControl/vendor/laravel/framework/src/Illuminate/Routing/Router.php(806): Illuminate\\Routing\\Route->run()
#15 /home/rakin/github/Projects/KasseControl/vendor/laravel/framework/src/Illuminate/Pipeline/Pipeline.php(144): Illuminate\\Routing\\Router->Illuminate\\Routing\\{closure}()
#16 /home/rakin/github/Projects/KasseControl/app/Http/Middleware/CheckRole.php(20): Illuminate\\Pipeline\\Pipeline->Illuminate\\Pipeline\\{closure}()
#17 /home/rakin/github/Projects/KasseControl/vendor/laravel/framework/src/Illuminate/Pipeline/Pipeline.php(183): App\\Http\\Middleware\\CheckRole->handle()
#18 /home/rakin/github/Projects/KasseControl/vendor/laravel/framework/src/Illuminate/Routing/Middleware/SubstituteBindings.php(50): Illuminate\\Pipeline\\Pipeline->Illuminate\\Pipeline\\{closure}()
#19 /home/rakin/github/Projects/KasseControl/vendor/laravel/framework/src/Illuminate/Pipeline/Pipeline.php(183): Illuminate\\Routing\\Middleware\\SubstituteBindings->handle()
#20 /home/rakin/github/Projects/KasseControl/vendor/laravel/framework/src/Illuminate/Auth/Middleware/Authenticate.php(57): Illuminate\\Pipeline\\Pipeline->Illuminate\\Pipeline\\{closure}()
#21 /home/rakin/github/Projects/KasseControl/vendor/laravel/framework/src/Illuminate/Pipeline/Pipeline.php(183): Illuminate\\Auth\\Middleware\\Authenticate->handle()
#22 /home/rakin/github/Projects/KasseControl/vendor/laravel/framework/src/Illuminate/Foundation/Http/Middleware/VerifyCsrfToken.php(78): Illuminate\\Pipeline\\Pipeline->Illuminate\\Pipeline\\{closure}()
#23 /home/rakin/github/Projects/KasseControl/vendor/laravel/framework/src/Illuminate/Pipeline/Pipeline.php(183): Illuminate\\Foundation\\Http\\Middleware\\VerifyCsrfToken->handle()
#24 /home/rakin/github/Projects/KasseControl/vendor/laravel/framework/src/Illuminate/View/Middleware/ShareErrorsFromSession.php(49): Illuminate\\Pipeline\\Pipeline->Illuminate\\Pipeline\\{closure}()
#25 /home/rakin/github/Projects/KasseControl/vendor/laravel/framework/src/Illuminate/Pipeline/Pipeline.php(183): Illuminate\\View\\Middleware\\ShareErrorsFromSession->handle()
#26 /home/rakin/github/Projects/KasseControl/vendor/laravel/framework/src/Illuminate/Session/Middleware/StartSession.php(121): Illuminate\\Pipeline\\Pipeline->Illuminate\\Pipeline\\{closure}()
#27 /home/rakin/github/Projects/KasseControl/vendor/laravel/framework/src/Illuminate/Session/Middleware/StartSession.php(64): Illuminate\\Session\\Middleware\\StartSession->handleStatefulRequest()
#28 /home/rakin/github/Projects/KasseControl/vendor/laravel/framework/src/Illuminate/Pipeline/Pipeline.php(183): Illuminate\\Session\\Middleware\\StartSession->handle()
#29 /home/rakin/github/Projects/KasseControl/vendor/laravel/framework/src/Illuminate/Cookie/Middleware/AddQueuedCookiesToResponse.php(37): Illuminate\\Pipeline\\Pipeline->Illuminate\\Pipeline\\{closure}()
#30 /home/rakin/github/Projects/KasseControl/vendor/laravel/framework/src/Illuminate/Pipeline/Pipeline.php(183): Illuminate\\Cookie\\Middleware\\AddQueuedCookiesToResponse->handle()
#31 /home/rakin/github/Projects/KasseControl/vendor/laravel/framework/src/Illuminate/Cookie/Middleware/EncryptCookies.php(67): Illuminate\\Pipeline\\Pipeline->Illuminate\\Pipeline\\{closure}()
#32 /home/rakin/github/Projects/KasseControl/vendor/laravel/framework/src/Illuminate/Pipeline/Pipeline.php(183): Illuminate\\Cookie\\Middleware\\EncryptCookies->handle()
#33 /home/rakin/github/Projects/KasseControl/vendor/laravel/framework/src/Illuminate/Pipeline/Pipeline.php(119): Illuminate\\Pipeline\\Pipeline->Illuminate\\Pipeline\\{closure}()
#34 /home/rakin/github/Projects/KasseControl/vendor/laravel/framework/src/Illuminate/Routing/Router.php(805): Illuminate\\Pipeline\\Pipeline->then()
#35 /home/rakin/github/Projects/KasseControl/vendor/laravel/framework/src/Illuminate/Routing/Router.php(784): Illuminate\\Routing\\Router->runRouteWithinStack()
#36 /home/rakin/github/Projects/KasseControl/vendor/laravel/framework/src/Illuminate/Routing/Router.php(748): Illuminate\\Routing\\Router->runRoute()
#37 /home/rakin/github/Projects/KasseControl/vendor/laravel/framework/src/Illuminate/Routing/Router.php(737): Illuminate\\Routing\\Router->dispatchToRoute()
#38 /home/rakin/github/Projects/KasseControl/vendor/laravel/framework/src/Illuminate/Foundation/Http/Kernel.php(200): Illuminate\\Routing\\Router->dispatch()
#39 /home/rakin/github/Projects/KasseControl/vendor/laravel/framework/src/Illuminate/Pipeline/Pipeline.php(144): Illuminate\\Foundation\\Http\\Kernel->Illuminate\\Foundation\\Http\\{closure}()
#40 /home/rakin/github/Projects/KasseControl/vendor/laravel/framework/src/Illuminate/Foundation/Http/Middleware/TransformsRequest.php(21): Illuminate\\Pipeline\\Pipeline->Illuminate\\Pipeline\\{closure}()
#41 /home/rakin/github/Projects/KasseControl/vendor/laravel/framework/src/Illuminate/Foundation/Http/Middleware/ConvertEmptyStringsToNull.php(31): Illuminate\\Foundation\\Http\\Middleware\\TransformsRequest->handle()
#42 /home/rakin/github/Projects/KasseControl/vendor/laravel/framework/src/Illuminate/Pipeline/Pipeline.php(183): Illuminate\\Foundation\\Http\\Middleware\\ConvertEmptyStringsToNull->handle()
#43 /home/rakin/github/Projects/KasseControl/vendor/laravel/framework/src/Illuminate/Foundation/Http/Middleware/TransformsRequest.php(21): Illuminate\\Pipeline\\Pipeline->Illuminate\\Pipeline\\{closure}()
#44 /home/rakin/github/Projects/KasseControl/vendor/laravel/framework/src/Illuminate/Foundation/Http/Middleware/TrimStrings.php(40): Illuminate\\Foundation\\Http\\Middleware\\TransformsRequest->handle()
#45 /home/rakin/github/Projects/KasseControl/vendor/laravel/framework/src/Illuminate/Pipeline/Pipeline.php(183): Illuminate\\Foundation\\Http\\Middleware\\TrimStrings->handle()
#46 /home/rakin/github/Projects/KasseControl/vendor/laravel/framework/src/Illuminate/Foundation/Http/Middleware/ValidatePostSize.php(27): Illuminate\\Pipeline\\Pipeline->Illuminate\\Pipeline\\{closure}()
#47 /home/rakin/github/Projects/KasseControl/vendor/laravel/framework/src/Illuminate/Pipeline/Pipeline.php(183): Illuminate\\Foundation\\Http\\Middleware\\ValidatePostSize->handle()
#48 /home/rakin/github/Projects/KasseControl/vendor/laravel/framework/src/Illuminate/Foundation/Http/Middleware/PreventRequestsDuringMaintenance.php(99): Illuminate\\Pipeline\\Pipeline->Illuminate\\Pipeline\\{closure}()
#49 /home/rakin/github/Projects/KasseControl/vendor/laravel/framework/src/Illuminate/Pipeline/Pipeline.php(183): Illuminate\\Foundation\\Http\\Middleware\\PreventRequestsDuringMaintenance->handle()
#50 /home/rakin/github/Projects/KasseControl/vendor/laravel/framework/src/Illuminate/Http/Middleware/HandleCors.php(49): Illuminate\\Pipeline\\Pipeline->Illuminate\\Pipeline\\{closure}()
#51 /home/rakin/github/Projects/KasseControl/vendor/laravel/framework/src/Illuminate/Pipeline/Pipeline.php(183): Illuminate\\Http\\Middleware\\HandleCors->handle()
#52 /home/rakin/github/Projects/KasseControl/vendor/laravel/framework/src/Illuminate/Http/Middleware/TrustProxies.php(39): Illuminate\\Pipeline\\Pipeline->Illuminate\\Pipeline\\{closure}()
#53 /home/rakin/github/Projects/KasseControl/vendor/laravel/framework/src/Illuminate/Pipeline/Pipeline.php(183): Illuminate\\Http\\Middleware\\TrustProxies->handle()
#54 /home/rakin/github/Projects/KasseControl/vendor/laravel/framework/src/Illuminate/Pipeline/Pipeline.php(119): Illuminate\\Pipeline\\Pipeline->Illuminate\\Pipeline\\{closure}()
#55 /home/rakin/github/Projects/KasseControl/vendor/laravel/framework/src/Illuminate/Foundation/Http/Kernel.php(175): Illuminate\\Pipeline\\Pipeline->then()
#56 /home/rakin/github/Projects/KasseControl/vendor/laravel/framework/src/Illuminate/Foundation/Http/Kernel.php(144): Illuminate\\Foundation\\Http\\Kernel->sendRequestThroughRouter()
#57 /home/rakin/github/Projects/KasseControl/public/index.php(21): Illuminate\\Foundation\\Http\\Kernel->handle()
#58 /home/rakin/github/Projects/KasseControl/vendor/laravel/framework/src/Illuminate/Foundation/resources/server.php(16): require_once('...')
#59 {main}

[previous exception] [object] (PDOException(code: 42S22): SQLSTATE[42S22]: Column not found: 1054 Unknown column 'alert_quantity' in 'where clause' at /home/rakin/github/Projects/KasseControl/vendor/laravel/framework/src/Illuminate/Database/Connection.php:423)
[stacktrace]
#0 /home/rakin/github/Projects/KasseControl/vendor/laravel/framework/src/Illuminate/Database/Connection.php(423): PDO->prepare()
#1 /home/rakin/github/Projects/KasseControl/vendor/laravel/framework/src/Illuminate/Database/Connection.php(816): Illuminate\\Database\\Connection->Illuminate\\Database\\{closure}()
#2 /home/rakin/github/Projects/KasseControl/vendor/laravel/framework/src/Illuminate/Database/Connection.php(783): Illuminate\\Database\\Connection->runQueryCallback()
#3 /home/rakin/github/Projects/KasseControl/vendor/laravel/framework/src/Illuminate/Database/Connection.php(414): Illuminate\\Database\\Connection->run()
#4 /home/rakin/github/Projects/KasseControl/vendor/laravel/framework/src/Illuminate/Database/Query/Builder.php(2913): Illuminate\\Database\\Connection->select()
#5 /home/rakin/github/Projects/KasseControl/vendor/laravel/framework/src/Illuminate/Database/Query/Builder.php(2902): Illuminate\\Database\\Query\\Builder->runSelect()
#6 /home/rakin/github/Projects/KasseControl/vendor/laravel/framework/src/Illuminate/Database/Query/Builder.php(3456): Illuminate\\Database\\Query\\Builder->Illuminate\\Database\\Query\\{closure}()
#7 /home/rakin/github/Projects/KasseControl/vendor/laravel/framework/src/Illuminate/Database/Query/Builder.php(2901): Illuminate\\Database\\Query\\Builder->onceWithColumns()
#8 /home/rakin/github/Projects/KasseControl/vendor/laravel/framework/src/Illuminate/Database/Query/Builder.php(3383): Illuminate\\Database\\Query\\Builder->get()
#9 /home/rakin/github/Projects/KasseControl/vendor/laravel/framework/src/Illuminate/Database/Query/Builder.php(3311): Illuminate\\Database\\Query\\Builder->aggregate()
#10 /home/rakin/github/Projects/KasseControl/vendor/laravel/framework/src/Illuminate/Database/Eloquent/Builder.php(1982): Illuminate\\Database\\Query\\Builder->count()
#11 /home/rakin/github/Projects/KasseControl/app/Http/Controllers/InventoryController.php(18): Illuminate\\Database\\Eloquent\\Builder->__call()
#12 /home/rakin/github/Projects/KasseControl/vendor/laravel/framework/src/Illuminate/Routing/Controller.php(54): App\\Http\\Controllers\\InventoryController->index()
#13 /home/rakin/github/Projects/KasseControl/vendor/laravel/framework/src/Illuminate/Routing/ControllerDispatcher.php(43): Illuminate\\Routing\\Controller->callAction()
#14 /home/rakin/github/Projects/KasseControl/vendor/laravel/framework/src/Illuminate/Routing/Route.php(259): Illuminate\\Routing\\ControllerDispatcher->dispatch()
#15 /home/rakin/github/Projects/KasseControl/vendor/laravel/framework/src/Illuminate/Routing/Route.php(205): Illuminate\\Routing\\Route->runController()
#16 /home/rakin/github/Projects/KasseControl/vendor/laravel/framework/src/Illuminate/Routing/Router.php(806): Illuminate\\Routing\\Route->run()
#17 /home/rakin/github/Projects/KasseControl/vendor/laravel/framework/src/Illuminate/Pipeline/Pipeline.php(144): Illuminate\\Routing\\Router->Illuminate\\Routing\\{closure}()
#18 /home/rakin/github/Projects/KasseControl/app/Http/Middleware/CheckRole.php(20): Illuminate\\Pipeline\\Pipeline->Illuminate\\Pipeline\\{closure}()
#19 /home/rakin/github/Projects/KasseControl/vendor/laravel/framework/src/Illuminate/Pipeline/Pipeline.php(183): App\\Http\\Middleware\\CheckRole->handle()
#20 /home/rakin/github/Projects/KasseControl/vendor/laravel/framework/src/Illuminate/Routing/Middleware/SubstituteBindings.php(50): Illuminate\\Pipeline\\Pipeline->Illuminate\\Pipeline\\{closure}()
#21 /home/rakin/github/Projects/KasseControl/vendor/laravel/framework/src/Illuminate/Pipeline/Pipeline.php(183): Illuminate\\Routing\\Middleware\\SubstituteBindings->handle()
#22 /home/rakin/github/Projects/KasseControl/vendor/laravel/framework/src/Illuminate/Auth/Middleware/Authenticate.php(57): Illuminate\\Pipeline\\Pipeline->Illuminate\\Pipeline\\{closure}()
#23 /home/rakin/github/Projects/KasseControl/vendor/laravel/framework/src/Illuminate/Pipeline/Pipeline.php(183): Illuminate\\Auth\\Middleware\\Authenticate->handle()
#24 /home/rakin/github/Projects/KasseControl/vendor/laravel/framework/src/Illuminate/Foundation/Http/Middleware/VerifyCsrfToken.php(78): Illuminate\\Pipeline\\Pipeline->Illuminate\\Pipeline\\{closure}()
#25 /home/rakin/github/Projects/KasseControl/vendor/laravel/framework/src/Illuminate/Pipeline/Pipeline.php(183): Illuminate\\Foundation\\Http\\Middleware\\VerifyCsrfToken->handle()
#26 /home/rakin/github/Projects/KasseControl/vendor/laravel/framework/src/Illuminate/View/Middleware/ShareErrorsFromSession.php(49): Illuminate\\Pipeline\\Pipeline->Illuminate\\Pipeline\\{closure}()
#27 /home/rakin/github/Projects/KasseControl/vendor/laravel/framework/src/Illuminate/Pipeline/Pipeline.php(183): Illuminate\\View\\Middleware\\ShareErrorsFromSession->handle()
#28 /home/rakin/github/Projects/KasseControl/vendor/laravel/framework/src/Illuminate/Session/Middleware/StartSession.php(121): Illuminate\\Pipeline\\Pipeline->Illuminate\\Pipeline\\{closure}()
#29 /home/rakin/github/Projects/KasseControl/vendor/laravel/framework/src/Illuminate/Session/Middleware/StartSession.php(64): Illuminate\\Session\\Middleware\\StartSession->handleStatefulRequest()
#30 /home/rakin/github/Projects/KasseControl/vendor/laravel/framework/src/Illuminate/Pipeline/Pipeline.php(183): Illuminate\\Session\\Middleware\\StartSession->handle()
#31 /home/rakin/github/Projects/KasseControl/vendor/laravel/framework/src/Illuminate/Cookie/Middleware/AddQueuedCookiesToResponse.php(37): Illuminate\\Pipeline\\Pipeline->Illuminate\\Pipeline\\{closure}()
#32 /home/rakin/github/Projects/KasseControl/vendor/laravel/framework/src/Illuminate/Pipeline/Pipeline.php(183): Illuminate\\Cookie\\Middleware\\AddQueuedCookiesToResponse->handle()
#33 /home/rakin/github/Projects/KasseControl/vendor/laravel/framework/src/Illuminate/Cookie/Middleware/EncryptCookies.php(67): Illuminate\\Pipeline\\Pipeline->Illuminate\\Pipeline\\{closure}()
#34 /home/rakin/github/Projects/KasseControl/vendor/laravel/framework/src/Illuminate/Pipeline/Pipeline.php(183): Illuminate\\Cookie\\Middleware\\EncryptCookies->handle()
#35 /home/rakin/github/Projects/KasseControl/vendor/laravel/framework/src/Illuminate/Pipeline/Pipeline.php(119): Illuminate\\Pipeline\\Pipeline->Illuminate\\Pipeline\\{closure}()
#36 /home/rakin/github/Projects/KasseControl/vendor/laravel/framework/src/Illuminate/Routing/Router.php(805): Illuminate\\Pipeline\\Pipeline->then()
#37 /home/rakin/github/Projects/KasseControl/vendor/laravel/framework/src/Illuminate/Routing/Router.php(784): Illuminate\\Routing\\Router->runRouteWithinStack()
#38 /home/rakin/github/Projects/KasseControl/vendor/laravel/framework/src/Illuminate/Routing/Router.php(748): Illuminate\\Routing\\Router->runRoute()
#39 /home/rakin/github/Projects/KasseControl/vendor/laravel/framework/src/Illuminate/Routing/Router.php(737): Illuminate\\Routing\\Router->dispatchToRoute()
#40 /home/rakin/github/Projects/KasseControl/vendor/laravel/framework/src/Illuminate/Foundation/Http/Kernel.php(200): Illuminate\\Routing\\Router->dispatch()
#41 /home/rakin/github/Projects/KasseControl/vendor/laravel/framework/src/Illuminate/Pipeline/Pipeline.php(144): Illuminate\\Foundation\\Http\\Kernel->Illuminate\\Foundation\\Http\\{closure}()
#42 /home/rakin/github/Projects/KasseControl/vendor/laravel/framework/src/Illuminate/Foundation/Http/Middleware/TransformsRequest.php(21): Illuminate\\Pipeline\\Pipeline->Illuminate\\Pipeline\\{closure}()
#43 /home/rakin/github/Projects/KasseControl/vendor/laravel/framework/src/Illuminate/Foundation/Http/Middleware/ConvertEmptyStringsToNull.php(31): Illuminate\\Foundation\\Http\\Middleware\\TransformsRequest->handle()
#44 /home/rakin/github/Projects/KasseControl/vendor/laravel/framework/src/Illuminate/Pipeline/Pipeline.php(183): Illuminate\\Foundation\\Http\\Middleware\\ConvertEmptyStringsToNull->handle()
#45 /home/rakin/github/Projects/KasseControl/vendor/laravel/framework/src/Illuminate/Foundation/Http/Middleware/TransformsRequest.php(21): Illuminate\\Pipeline\\Pipeline->Illuminate\\Pipeline\\{closure}()
#46 /home/rakin/github/Projects/KasseControl/vendor/laravel/framework/src/Illuminate/Foundation/Http/Middleware/TrimStrings.php(40): Illuminate\\Foundation\\Http\\Middleware\\TransformsRequest->handle()
#47 /home/rakin/github/Projects/KasseControl/vendor/laravel/framework/src/Illuminate/Pipeline/Pipeline.php(183): Illuminate\\Foundation\\Http\\Middleware\\TrimStrings->handle()
#48 /home/rakin/github/Projects/KasseControl/vendor/laravel/framework/src/Illuminate/Foundation/Http/Middleware/ValidatePostSize.php(27): Illuminate\\Pipeline\\Pipeline->Illuminate\\Pipeline\\{closure}()
#49 /home/rakin/github/Projects/KasseControl/vendor/laravel/framework/src/Illuminate/Pipeline/Pipeline.php(183): Illuminate\\Foundation\\Http\\Middleware\\ValidatePostSize->handle()
#50 /home/rakin/github/Projects/KasseControl/vendor/laravel/framework/src/Illuminate/Foundation/Http/Middleware/PreventRequestsDuringMaintenance.php(99): Illuminate\\Pipeline\\Pipeline->Illuminate\\Pipeline\\{closure}()
#51 /home/rakin/github/Projects/KasseControl/vendor/laravel/framework/src/Illuminate/Pipeline/Pipeline.php(183): Illuminate\\Foundation\\Http\\Middleware\\PreventRequestsDuringMaintenance->handle()
#52 /home/rakin/github/Projects/KasseControl/vendor/laravel/framework/src/Illuminate/Http/Middleware/HandleCors.php(49): Illuminate\\Pipeline\\Pipeline->Illuminate\\Pipeline\\{closure}()
#53 /home/rakin/github/Projects/KasseControl/vendor/laravel/framework/src/Illuminate/Pipeline/Pipeline.php(183): Illuminate\\Http\\Middleware\\HandleCors->handle()
#54 /home/rakin/github/Projects/KasseControl/vendor/laravel/framework/src/Illuminate/Http/Middleware/TrustProxies.php(39): Illuminate\\Pipeline\\Pipeline->Illuminate\\Pipeline\\{closure}()
#55 /home/rakin/github/Projects/KasseControl/vendor/laravel/framework/src/Illuminate/Pipeline/Pipeline.php(183): Illuminate\\Http\\Middleware\\TrustProxies->handle()
#56 /home/rakin/github/Projects/KasseControl/vendor/laravel/framework/src/Illuminate/Pipeline/Pipeline.php(119): Illuminate\\Pipeline\\Pipeline->Illuminate\\Pipeline\\{closure}()
#57 /home/rakin/github/Projects/KasseControl/vendor/laravel/framework/src/Illuminate/Foundation/Http/Kernel.php(175): Illuminate\\Pipeline\\Pipeline->then()
#58 /home/rakin/github/Projects/KasseControl/vendor/laravel/framework/src/Illuminate/Foundation/Http/Kernel.php(144): Illuminate\\Foundation\\Http\\Kernel->sendRequestThroughRouter()
#59 /home/rakin/github/Projects/KasseControl/public/index.php(21): Illuminate\\Foundation\\Http\\Kernel->handle()
#60 /home/rakin/github/Projects/KasseControl/vendor/laravel/framework/src/Illuminate/Foundation/resources/server.php(16): require_once('...')
#61 {main}
"} 
[2025-11-11 22:16:17] local.ERROR: View [products.create] not found. {"userId":1,"exception":"[object] (InvalidArgumentException(code: 0): View [products.create] not found. at /home/rakin/github/Projects/KasseControl/vendor/laravel/framework/src/Illuminate/View/FileViewFinder.php:137)
[stacktrace]
#0 /home/rakin/github/Projects/KasseControl/vendor/laravel/framework/src/Illuminate/View/FileViewFinder.php(79): Illuminate\\View\\FileViewFinder->findInPaths()
#1 /home/rakin/github/Projects/KasseControl/vendor/laravel/framework/src/Illuminate/View/Factory.php(137): Illuminate\\View\\FileViewFinder->find()
#2 /home/rakin/github/Projects/KasseControl/vendor/laravel/framework/src/Illuminate/Foundation/helpers.php(1020): Illuminate\\View\\Factory->make()
#3 /home/rakin/github/Projects/KasseControl/app/Http/Controllers/ProductController.php(37): view()
#4 /home/rakin/github/Projects/KasseControl/vendor/laravel/framework/src/Illuminate/Routing/Controller.php(54): App\\Http\\Controllers\\ProductController->create()
#5 /home/rakin/github/Projects/KasseControl/vendor/laravel/framework/src/Illuminate/Routing/ControllerDispatcher.php(43): Illuminate\\Routing\\Controller->callAction()
#6 /home/rakin/github/Projects/KasseControl/vendor/laravel/framework/src/Illuminate/Routing/Route.php(259): Illuminate\\Routing\\ControllerDispatcher->dispatch()
#7 /home/rakin/github/Projects/KasseControl/vendor/laravel/framework/src/Illuminate/Routing/Route.php(205): Illuminate\\Routing\\Route->runController()
#8 /home/rakin/github/Projects/KasseControl/vendor/laravel/framework/src/Illuminate/Routing/Router.php(806): Illuminate\\Routing\\Route->run()
#9 /home/rakin/github/Projects/KasseControl/vendor/laravel/framework/src/Illuminate/Pipeline/Pipeline.php(144): Illuminate\\Routing\\Router->Illuminate\\Routing\\{closure}()
#10 /home/rakin/github/Projects/KasseControl/app/Http/Middleware/CheckRole.php(20): Illuminate\\Pipeline\\Pipeline->Illuminate\\Pipeline\\{closure}()
#11 /home/rakin/github/Projects/KasseControl/vendor/laravel/framework/src/Illuminate/Pipeline/Pipeline.php(183): App\\Http\\Middleware\\CheckRole->handle()
#12 /home/rakin/github/Projects/KasseControl/vendor/laravel/framework/src/Illuminate/Routing/Middleware/SubstituteBindings.php(50): Illuminate\\Pipeline\\Pipeline->Illuminate\\Pipeline\\{closure}()
#13 /home/rakin/github/Projects/KasseControl/vendor/laravel/framework/src/Illuminate/Pipeline/Pipeline.php(183): Illuminate\\Routing\\Middleware\\SubstituteBindings->handle()
#14 /home/rakin/github/Projects/KasseControl/vendor/laravel/framework/src/Illuminate/Auth/Middleware/Authenticate.php(57): Illuminate\\Pipeline\\Pipeline->Illuminate\\Pipeline\\{closure}()
#15 /home/rakin/github/Projects/KasseControl/vendor/laravel/framework/src/Illuminate/Pipeline/Pipeline.php(183): Illuminate\\Auth\\Middleware\\Authenticate->handle()
#16 /home/rakin/github/Projects/KasseControl/vendor/laravel/framework/src/Illuminate/Foundation/Http/Middleware/VerifyCsrfToken.php(78): Illuminate\\Pipeline\\Pipeline->Illuminate\\Pipeline\\{closure}()
#17 /home/rakin/github/Projects/KasseControl/vendor/laravel/framework/src/Illuminate/Pipeline/Pipeline.php(183): Illuminate\\Foundation\\Http\\Middleware\\VerifyCsrfToken->handle()
#18 /home/rakin/github/Projects/KasseControl/vendor/laravel/framework/src/Illuminate/View/Middleware/ShareErrorsFromSession.php(49): Illuminate\\Pipeline\\Pipeline->Illuminate\\Pipeline\\{closure}()
#19 /home/rakin/github/Projects/KasseControl/vendor/laravel/framework/src/Illuminate/Pipeline/Pipeline.php(183): Illuminate\\View\\Middleware\\ShareErrorsFromSession->handle()
#20 /home/rakin/github/Projects/KasseControl/vendor/laravel/framework/src/Illuminate/Session/Middleware/StartSession.php(121): Illuminate\\Pipeline\\Pipeline->Illuminate\\Pipeline\\{closure}()
#21 /home/rakin/github/Projects/KasseControl/vendor/laravel/framework/src/Illuminate/Session/Middleware/StartSession.php(64): Illuminate\\Session\\Middleware\\StartSession->handleStatefulRequest()
#22 /home/rakin/github/Projects/KasseControl/vendor/laravel/framework/src/Illuminate/Pipeline/Pipeline.php(183): Illuminate\\Session\\Middleware\\StartSession->handle()
#23 /home/rakin/github/Projects/KasseControl/vendor/laravel/framework/src/Illuminate/Cookie/Middleware/AddQueuedCookiesToResponse.php(37): Illuminate\\Pipeline\\Pipeline->Illuminate\\Pipeline\\{closure}()
#24 /home/rakin/github/Projects/KasseControl/vendor/laravel/framework/src/Illuminate/Pipeline/Pipeline.php(183): Illuminate\\Cookie\\Middleware\\AddQueuedCookiesToResponse->handle()
#25 /home/rakin/github/Projects/KasseControl/vendor/laravel/framework/src/Illuminate/Cookie/Middleware/EncryptCookies.php(67): Illuminate\\Pipeline\\Pipeline->Illuminate\\Pipeline\\{closure}()
#26 /home/rakin/github/Projects/KasseControl/vendor/laravel/framework/src/Illuminate/Pipeline/Pipeline.php(183): Illuminate\\Cookie\\Middleware\\EncryptCookies->handle()
#27 /home/rakin/github/Projects/KasseControl/vendor/laravel/framework/src/Illuminate/Pipeline/Pipeline.php(119): Illuminate\\Pipeline\\Pipeline->Illuminate\\Pipeline\\{closure}()
#28 /home/rakin/github/Projects/KasseControl/vendor/laravel/framework/src/Illuminate/Routing/Router.php(805): Illuminate\\Pipeline\\Pipeline->then()
#29 /home/rakin/github/Projects/KasseControl/vendor/laravel/framework/src/Illuminate/Routing/Router.php(784): Illuminate\\Routing\\Router->runRouteWithinStack()
#30 /home/rakin/github/Projects/KasseControl/vendor/laravel/framework/src/Illuminate/Routing/Router.php(748): Illuminate\\Routing\\Router->runRoute()
#31 /home/rakin/github/Projects/KasseControl/vendor/laravel/framework/src/Illuminate/Routing/Router.php(737): Illuminate\\Routing\\Router->dispatchToRoute()
#32 /home/rakin/github/Projects/KasseControl/vendor/laravel/framework/src/Illuminate/Foundation/Http/Kernel.php(200): Illuminate\\Routing\\Router->dispatch()
#33 /home/rakin/github/Projects/KasseControl/vendor/laravel/framework/src/Illuminate/Pipeline/Pipeline.php(144): Illuminate\\Foundation\\Http\\Kernel->Illuminate\\Foundation\\Http\\{closure}()
#34 /home/rakin/github/Projects/KasseControl/vendor/laravel/framework/src/Illuminate/Foundation/Http/Middleware/TransformsRequest.php(21): Illuminate\\Pipeline\\Pipeline->Illuminate\\Pipeline\\{closure}()
#35 /home/rakin/github/Projects/KasseControl/vendor/laravel/framework/src/Illuminate/Foundation/Http/Middleware/ConvertEmptyStringsToNull.php(31): Illuminate\\Foundation\\Http\\Middleware\\TransformsRequest->handle()
#36 /home/rakin/github/Projects/KasseControl/vendor/laravel/framework/src/Illuminate/Pipeline/Pipeline.php(183): Illuminate\\Foundation\\Http\\Middleware\\ConvertEmptyStringsToNull->handle()
#37 /home/rakin/github/Projects/KasseControl/vendor/laravel/framework/src/Illuminate/Foundation/Http/Middleware/TransformsRequest.php(21): Illuminate\\Pipeline\\Pipeline->Illuminate\\Pipeline\\{closure}()
#38 /home/rakin/github/Projects/KasseControl/vendor/laravel/framework/src/Illuminate/Foundation/Http/Middleware/TrimStrings.php(40): Illuminate\\Foundation\\Http\\Middleware\\TransformsRequest->handle()
#39 /home/rakin/github/Projects/KasseControl/vendor/laravel/framework/src/Illuminate/Pipeline/Pipeline.php(183): Illuminate\\Foundation\\Http\\Middleware\\TrimStrings->handle()
#40 /home/rakin/github/Projects/KasseControl/vendor/laravel/framework/src/Illuminate/Foundation/Http/Middleware/ValidatePostSize.php(27): Illuminate\\Pipeline\\Pipeline->Illuminate\\Pipeline\\{closure}()
#41 /home/rakin/github/Projects/KasseControl/vendor/laravel/framework/src/Illuminate/Pipeline/Pipeline.php(183): Illuminate\\Foundation\\Http\\Middleware\\ValidatePostSize->handle()
#42 /home/rakin/github/Projects/KasseControl/vendor/laravel/framework/src/Illuminate/Foundation/Http/Middleware/PreventRequestsDuringMaintenance.php(99): Illuminate\\Pipeline\\Pipeline->Illuminate\\Pipeline\\{closure}()
#43 /home/rakin/github/Projects/KasseControl/vendor/laravel/framework/src/Illuminate/Pipeline/Pipeline.php(183): Illuminate\\Foundation\\Http\\Middleware\\PreventRequestsDuringMaintenance->handle()
#44 /home/rakin/github/Projects/KasseControl/vendor/laravel/framework/src/Illuminate/Http/Middleware/HandleCors.php(49): Illuminate\\Pipeline\\Pipeline->Illuminate\\Pipeline\\{closure}()
#45 /home/rakin/github/Projects/KasseControl/vendor/laravel/framework/src/Illuminate/Pipeline/Pipeline.php(183): Illuminate\\Http\\Middleware\\HandleCors->handle()
#46 /home/rakin/github/Projects/KasseControl/vendor/laravel/framework/src/Illuminate/Http/Middleware/TrustProxies.php(39): Illuminate\\Pipeline\\Pipeline->Illuminate\\Pipeline\\{closure}()
#47 /home/rakin/github/Projects/KasseControl/vendor/laravel/framework/src/Illuminate/Pipeline/Pipeline.php(183): Illuminate\\Http\\Middleware\\TrustProxies->handle()
#48 /home/rakin/github/Projects/KasseControl/vendor/laravel/framework/src/Illuminate/Pipeline/Pipeline.php(119): Illuminate\\Pipeline\\Pipeline->Illuminate\\Pipeline\\{closure}()
#49 /home/rakin/github/Projects/KasseControl/vendor/laravel/framework/src/Illuminate/Foundation/Http/Kernel.php(175): Illuminate\\Pipeline\\Pipeline->then()
#50 /home/rakin/github/Projects/KasseControl/vendor/laravel/framework/src/Illuminate/Foundation/Http/Kernel.php(144): Illuminate\\Foundation\\Http\\Kernel->sendRequestThroughRouter()
#51 /home/rakin/github/Projects/KasseControl/public/index.php(21): Illuminate\\Foundation\\Http\\Kernel->handle()
#52 /home/rakin/github/Projects/KasseControl/vendor/laravel/framework/src/Illuminate/Foundation/resources/server.php(16): require_once('...')
#53 {main}
"} 
[2025-11-11 22:17:33] local.ERROR: View [inventory.movements] not found. {"userId":1,"exception":"[object] (InvalidArgumentException(code: 0): View [inventory.movements] not found. at /home/rakin/github/Projects/KasseControl/vendor/laravel/framework/src/Illuminate/View/FileViewFinder.php:137)
[stacktrace]
#0 /home/rakin/github/Projects/KasseControl/vendor/laravel/framework/src/Illuminate/View/FileViewFinder.php(79): Illuminate\\View\\FileViewFinder->findInPaths()
#1 /home/rakin/github/Projects/KasseControl/vendor/laravel/framework/src/Illuminate/View/Factory.php(137): Illuminate\\View\\FileViewFinder->find()
#2 /home/rakin/github/Projects/KasseControl/vendor/laravel/framework/src/Illuminate/Foundation/helpers.php(1020): Illuminate\\View\\Factory->make()
#3 /home/rakin/github/Projects/KasseControl/app/Http/Controllers/InventoryController.php(40): view()
#4 /home/rakin/github/Projects/KasseControl/vendor/laravel/framework/src/Illuminate/Routing/Controller.php(54): App\\Http\\Controllers\\InventoryController->movements()
#5 /home/rakin/github/Projects/KasseControl/vendor/laravel/framework/src/Illuminate/Routing/ControllerDispatcher.php(43): Illuminate\\Routing\\Controller->callAction()
#6 /home/rakin/github/Projects/KasseControl/vendor/laravel/framework/src/Illuminate/Routing/Route.php(259): Illuminate\\Routing\\ControllerDispatcher->dispatch()
#7 /home/rakin/github/Projects/KasseControl/vendor/laravel/framework/src/Illuminate/Routing/Route.php(205): Illuminate\\Routing\\Route->runController()
#8 /home/rakin/github/Projects/KasseControl/vendor/laravel/framework/src/Illuminate/Routing/Router.php(806): Illuminate\\Routing\\Route->run()
#9 /home/rakin/github/Projects/KasseControl/vendor/laravel/framework/src/Illuminate/Pipeline/Pipeline.php(144): Illuminate\\Routing\\Router->Illuminate\\Routing\\{closure}()
#10 /home/rakin/github/Projects/KasseControl/app/Http/Middleware/CheckRole.php(20): Illuminate\\Pipeline\\Pipeline->Illuminate\\Pipeline\\{closure}()
#11 /home/rakin/github/Projects/KasseControl/vendor/laravel/framework/src/Illuminate/Pipeline/Pipeline.php(183): App\\Http\\Middleware\\CheckRole->handle()
#12 /home/rakin/github/Projects/KasseControl/vendor/laravel/framework/src/Illuminate/Routing/Middleware/SubstituteBindings.php(50): Illuminate\\Pipeline\\Pipeline->Illuminate\\Pipeline\\{closure}()
#13 /home/rakin/github/Projects/KasseControl/vendor/laravel/framework/src/Illuminate/Pipeline/Pipeline.php(183): Illuminate\\Routing\\Middleware\\SubstituteBindings->handle()
#14 /home/rakin/github/Projects/KasseControl/vendor/laravel/framework/src/Illuminate/Auth/Middleware/Authenticate.php(57): Illuminate\\Pipeline\\Pipeline->Illuminate\\Pipeline\\{closure}()
#15 /home/rakin/github/Projects/KasseControl/vendor/laravel/framework/src/Illuminate/Pipeline/Pipeline.php(183): Illuminate\\Auth\\Middleware\\Authenticate->handle()
#16 /home/rakin/github/Projects/KasseControl/vendor/laravel/framework/src/Illuminate/Foundation/Http/Middleware/VerifyCsrfToken.php(78): Illuminate\\Pipeline\\Pipeline->Illuminate\\Pipeline\\{closure}()
#17 /home/rakin/github/Projects/KasseControl/vendor/laravel/framework/src/Illuminate/Pipeline/Pipeline.php(183): Illuminate\\Foundation\\Http\\Middleware\\VerifyCsrfToken->handle()
#18 /home/rakin/github/Projects/KasseControl/vendor/laravel/framework/src/Illuminate/View/Middleware/ShareErrorsFromSession.php(49): Illuminate\\Pipeline\\Pipeline->Illuminate\\Pipeline\\{closure}()
#19 /home/rakin/github/Projects/KasseControl/vendor/laravel/framework/src/Illuminate/Pipeline/Pipeline.php(183): Illuminate\\View\\Middleware\\ShareErrorsFromSession->handle()
#20 /home/rakin/github/Projects/KasseControl/vendor/laravel/framework/src/Illuminate/Session/Middleware/StartSession.php(121): Illuminate\\Pipeline\\Pipeline->Illuminate\\Pipeline\\{closure}()
#21 /home/rakin/github/Projects/KasseControl/vendor/laravel/framework/src/Illuminate/Session/Middleware/StartSession.php(64): Illuminate\\Session\\Middleware\\StartSession->handleStatefulRequest()
#22 /home/rakin/github/Projects/KasseControl/vendor/laravel/framework/src/Illuminate/Pipeline/Pipeline.php(183): Illuminate\\Session\\Middleware\\StartSession->handle()
#23 /home/rakin/github/Projects/KasseControl/vendor/laravel/framework/src/Illuminate/Cookie/Middleware/AddQueuedCookiesToResponse.php(37): Illuminate\\Pipeline\\Pipeline->Illuminate\\Pipeline\\{closure}()
#24 /home/rakin/github/Projects/KasseControl/vendor/laravel/framework/src/Illuminate/Pipeline/Pipeline.php(183): Illuminate\\Cookie\\Middleware\\AddQueuedCookiesToResponse->handle()
#25 /home/rakin/github/Projects/KasseControl/vendor/laravel/framework/src/Illuminate/Cookie/Middleware/EncryptCookies.php(67): Illuminate\\Pipeline\\Pipeline->Illuminate\\Pipeline\\{closure}()
#26 /home/rakin/github/Projects/KasseControl/vendor/laravel/framework/src/Illuminate/Pipeline/Pipeline.php(183): Illuminate\\Cookie\\Middleware\\EncryptCookies->handle()
#27 /home/rakin/github/Projects/KasseControl/vendor/laravel/framework/src/Illuminate/Pipeline/Pipeline.php(119): Illuminate\\Pipeline\\Pipeline->Illuminate\\Pipeline\\{closure}()
#28 /home/rakin/github/Projects/KasseControl/vendor/laravel/framework/src/Illuminate/Routing/Router.php(805): Illuminate\\Pipeline\\Pipeline->then()
#29 /home/rakin/github/Projects/KasseControl/vendor/laravel/framework/src/Illuminate/Routing/Router.php(784): Illuminate\\Routing\\Router->runRouteWithinStack()
#30 /home/rakin/github/Projects/KasseControl/vendor/laravel/framework/src/Illuminate/Routing/Router.php(748): Illuminate\\Routing\\Router->runRoute()
#31 /home/rakin/github/Projects/KasseControl/vendor/laravel/framework/src/Illuminate/Routing/Router.php(737): Illuminate\\Routing\\Router->dispatchToRoute()
#32 /home/rakin/github/Projects/KasseControl/vendor/laravel/framework/src/Illuminate/Foundation/Http/Kernel.php(200): Illuminate\\Routing\\Router->dispatch()
#33 /home/rakin/github/Projects/KasseControl/vendor/laravel/framework/src/Illuminate/Pipeline/Pipeline.php(144): Illuminate\\Foundation\\Http\\Kernel->Illuminate\\Foundation\\Http\\{closure}()
#34 /home/rakin/github/Projects/KasseControl/vendor/laravel/framework/src/Illuminate/Foundation/Http/Middleware/TransformsRequest.php(21): Illuminate\\Pipeline\\Pipeline->Illuminate\\Pipeline\\{closure}()
#35 /home/rakin/github/Projects/KasseControl/vendor/laravel/framework/src/Illuminate/Foundation/Http/Middleware/ConvertEmptyStringsToNull.php(31): Illuminate\\Foundation\\Http\\Middleware\\TransformsRequest->handle()
#36 /home/rakin/github/Projects/KasseControl/vendor/laravel/framework/src/Illuminate/Pipeline/Pipeline.php(183): Illuminate\\Foundation\\Http\\Middleware\\ConvertEmptyStringsToNull->handle()
#37 /home/rakin/github/Projects/KasseControl/vendor/laravel/framework/src/Illuminate/Foundation/Http/Middleware/TransformsRequest.php(21): Illuminate\\Pipeline\\Pipeline->Illuminate\\Pipeline\\{closure}()
#38 /home/rakin/github/Projects/KasseControl/vendor/laravel/framework/src/Illuminate/Foundation/Http/Middleware/TrimStrings.php(40): Illuminate\\Foundation\\Http\\Middleware\\TransformsRequest->handle()
#39 /home/rakin/github/Projects/KasseControl/vendor/laravel/framework/src/Illuminate/Pipeline/Pipeline.php(183): Illuminate\\Foundation\\Http\\Middleware\\TrimStrings->handle()
#40 /home/rakin/github/Projects/KasseControl/vendor/laravel/framework/src/Illuminate/Foundation/Http/Middleware/ValidatePostSize.php(27): Illuminate\\Pipeline\\Pipeline->Illuminate\\Pipeline\\{closure}()
#41 /home/rakin/github/Projects/KasseControl/vendor/laravel/framework/src/Illuminate/Pipeline/Pipeline.php(183): Illuminate\\Foundation\\Http\\Middleware\\ValidatePostSize->handle()
#42 /home/rakin/github/Projects/KasseControl/vendor/laravel/framework/src/Illuminate/Foundation/Http/Middleware/PreventRequestsDuringMaintenance.php(99): Illuminate\\Pipeline\\Pipeline->Illuminate\\Pipeline\\{closure}()
#43 /home/rakin/github/Projects/KasseControl/vendor/laravel/framework/src/Illuminate/Pipeline/Pipeline.php(183): Illuminate\\Foundation\\Http\\Middleware\\PreventRequestsDuringMaintenance->handle()
#44 /home/rakin/github/Projects/KasseControl/vendor/laravel/framework/src/Illuminate/Http/Middleware/HandleCors.php(49): Illuminate\\Pipeline\\Pipeline->Illuminate\\Pipeline\\{closure}()
#45 /home/rakin/github/Projects/KasseControl/vendor/laravel/framework/src/Illuminate/Pipeline/Pipeline.php(183): Illuminate\\Http\\Middleware\\HandleCors->handle()
#46 /home/rakin/github/Projects/KasseControl/vendor/laravel/framework/src/Illuminate/Http/Middleware/TrustProxies.php(39): Illuminate\\Pipeline\\Pipeline->Illuminate\\Pipeline\\{closure}()
#47 /home/rakin/github/Projects/KasseControl/vendor/laravel/framework/src/Illuminate/Pipeline/Pipeline.php(183): Illuminate\\Http\\Middleware\\TrustProxies->handle()
#48 /home/rakin/github/Projects/KasseControl/vendor/laravel/framework/src/Illuminate/Pipeline/Pipeline.php(119): Illuminate\\Pipeline\\Pipeline->Illuminate\\Pipeline\\{closure}()
#49 /home/rakin/github/Projects/KasseControl/vendor/laravel/framework/src/Illuminate/Foundation/Http/Kernel.php(175): Illuminate\\Pipeline\\Pipeline->then()
#50 /home/rakin/github/Projects/KasseControl/vendor/laravel/framework/src/Illuminate/Foundation/Http/Kernel.php(144): Illuminate\\Foundation\\Http\\Kernel->sendRequestThroughRouter()
#51 /home/rakin/github/Projects/KasseControl/public/index.php(21): Illuminate\\Foundation\\Http\\Kernel->handle()
#52 /home/rakin/github/Projects/KasseControl/vendor/laravel/framework/src/Illuminate/Foundation/resources/server.php(16): require_once('...')
#53 {main}
"} 
[2025-11-11 22:21:41] local.ERROR: View [products.create] not found. {"userId":1,"exception":"[object] (InvalidArgumentException(code: 0): View [products.create] not found. at /home/rakin/github/Projects/KasseControl/vendor/laravel/framework/src/Illuminate/View/FileViewFinder.php:137)
[stacktrace]
#0 /home/rakin/github/Projects/KasseControl/vendor/laravel/framework/src/Illuminate/View/FileViewFinder.php(79): Illuminate\\View\\FileViewFinder->findInPaths()
#1 /home/rakin/github/Projects/KasseControl/vendor/laravel/framework/src/Illuminate/View/Factory.php(137): Illuminate\\View\\FileViewFinder->find()
#2 /home/rakin/github/Projects/KasseControl/vendor/laravel/framework/src/Illuminate/Foundation/helpers.php(1020): Illuminate\\View\\Factory->make()
#3 /home/rakin/github/Projects/KasseControl/app/Http/Controllers/ProductController.php(37): view()
#4 /home/rakin/github/Projects/KasseControl/vendor/laravel/framework/src/Illuminate/Routing/Controller.php(54): App\\Http\\Controllers\\ProductController->create()
#5 /home/rakin/github/Projects/KasseControl/vendor/laravel/framework/src/Illuminate/Routing/ControllerDispatcher.php(43): Illuminate\\Routing\\Controller->callAction()
#6 /home/rakin/github/Projects/KasseControl/vendor/laravel/framework/src/Illuminate/Routing/Route.php(259): Illuminate\\Routing\\ControllerDispatcher->dispatch()
#7 /home/rakin/github/Projects/KasseControl/vendor/laravel/framework/src/Illuminate/Routing/Route.php(205): Illuminate\\Routing\\Route->runController()
#8 /home/rakin/github/Projects/KasseControl/vendor/laravel/framework/src/Illuminate/Routing/Router.php(806): Illuminate\\Routing\\Route->run()
#9 /home/rakin/github/Projects/KasseControl/vendor/laravel/framework/src/Illuminate/Pipeline/Pipeline.php(144): Illuminate\\Routing\\Router->Illuminate\\Routing\\{closure}()
#10 /home/rakin/github/Projects/KasseControl/app/Http/Middleware/CheckRole.php(20): Illuminate\\Pipeline\\Pipeline->Illuminate\\Pipeline\\{closure}()
#11 /home/rakin/github/Projects/KasseControl/vendor/laravel/framework/src/Illuminate/Pipeline/Pipeline.php(183): App\\Http\\Middleware\\CheckRole->handle()
#12 /home/rakin/github/Projects/KasseControl/vendor/laravel/framework/src/Illuminate/Routing/Middleware/SubstituteBindings.php(50): Illuminate\\Pipeline\\Pipeline->Illuminate\\Pipeline\\{closure}()
#13 /home/rakin/github/Projects/KasseControl/vendor/laravel/framework/src/Illuminate/Pipeline/Pipeline.php(183): Illuminate\\Routing\\Middleware\\SubstituteBindings->handle()
#14 /home/rakin/github/Projects/KasseControl/vendor/laravel/framework/src/Illuminate/Auth/Middleware/Authenticate.php(57): Illuminate\\Pipeline\\Pipeline->Illuminate\\Pipeline\\{closure}()
#15 /home/rakin/github/Projects/KasseControl/vendor/laravel/framework/src/Illuminate/Pipeline/Pipeline.php(183): Illuminate\\Auth\\Middleware\\Authenticate->handle()
#16 /home/rakin/github/Projects/KasseControl/vendor/laravel/framework/src/Illuminate/Foundation/Http/Middleware/VerifyCsrfToken.php(78): Illuminate\\Pipeline\\Pipeline->Illuminate\\Pipeline\\{closure}()
#17 /home/rakin/github/Projects/KasseControl/vendor/laravel/framework/src/Illuminate/Pipeline/Pipeline.php(183): Illuminate\\Foundation\\Http\\Middleware\\VerifyCsrfToken->handle()
#18 /home/rakin/github/Projects/KasseControl/vendor/laravel/framework/src/Illuminate/View/Middleware/ShareErrorsFromSession.php(49): Illuminate\\Pipeline\\Pipeline->Illuminate\\Pipeline\\{closure}()
#19 /home/rakin/github/Projects/KasseControl/vendor/laravel/framework/src/Illuminate/Pipeline/Pipeline.php(183): Illuminate\\View\\Middleware\\ShareErrorsFromSession->handle()
#20 /home/rakin/github/Projects/KasseControl/vendor/laravel/framework/src/Illuminate/Session/Middleware/StartSession.php(121): Illuminate\\Pipeline\\Pipeline->Illuminate\\Pipeline\\{closure}()
#21 /home/rakin/github/Projects/KasseControl/vendor/laravel/framework/src/Illuminate/Session/Middleware/StartSession.php(64): Illuminate\\Session\\Middleware\\StartSession->handleStatefulRequest()
#22 /home/rakin/github/Projects/KasseControl/vendor/laravel/framework/src/Illuminate/Pipeline/Pipeline.php(183): Illuminate\\Session\\Middleware\\StartSession->handle()
#23 /home/rakin/github/Projects/KasseControl/vendor/laravel/framework/src/Illuminate/Cookie/Middleware/AddQueuedCookiesToResponse.php(37): Illuminate\\Pipeline\\Pipeline->Illuminate\\Pipeline\\{closure}()
#24 /home/rakin/github/Projects/KasseControl/vendor/laravel/framework/src/Illuminate/Pipeline/Pipeline.php(183): Illuminate\\Cookie\\Middleware\\AddQueuedCookiesToResponse->handle()
#25 /home/rakin/github/Projects/KasseControl/vendor/laravel/framework/src/Illuminate/Cookie/Middleware/EncryptCookies.php(67): Illuminate\\Pipeline\\Pipeline->Illuminate\\Pipeline\\{closure}()
#26 /home/rakin/github/Projects/KasseControl/vendor/laravel/framework/src/Illuminate/Pipeline/Pipeline.php(183): Illuminate\\Cookie\\Middleware\\EncryptCookies->handle()
#27 /home/rakin/github/Projects/KasseControl/vendor/laravel/framework/src/Illuminate/Pipeline/Pipeline.php(119): Illuminate\\Pipeline\\Pipeline->Illuminate\\Pipeline\\{closure}()
#28 /home/rakin/github/Projects/KasseControl/vendor/laravel/framework/src/Illuminate/Routing/Router.php(805): Illuminate\\Pipeline\\Pipeline->then()
#29 /home/rakin/github/Projects/KasseControl/vendor/laravel/framework/src/Illuminate/Routing/Router.php(784): Illuminate\\Routing\\Router->runRouteWithinStack()
#30 /home/rakin/github/Projects/KasseControl/vendor/laravel/framework/src/Illuminate/Routing/Router.php(748): Illuminate\\Routing\\Router->runRoute()
#31 /home/rakin/github/Projects/KasseControl/vendor/laravel/framework/src/Illuminate/Routing/Router.php(737): Illuminate\\Routing\\Router->dispatchToRoute()
#32 /home/rakin/github/Projects/KasseControl/vendor/laravel/framework/src/Illuminate/Foundation/Http/Kernel.php(200): Illuminate\\Routing\\Router->dispatch()
#33 /home/rakin/github/Projects/KasseControl/vendor/laravel/framework/src/Illuminate/Pipeline/Pipeline.php(144): Illuminate\\Foundation\\Http\\Kernel->Illuminate\\Foundation\\Http\\{closure}()
#34 /home/rakin/github/Projects/KasseControl/vendor/laravel/framework/src/Illuminate/Foundation/Http/Middleware/TransformsRequest.php(21): Illuminate\\Pipeline\\Pipeline->Illuminate\\Pipeline\\{closure}()
#35 /home/rakin/github/Projects/KasseControl/vendor/laravel/framework/src/Illuminate/Foundation/Http/Middleware/ConvertEmptyStringsToNull.php(31): Illuminate\\Foundation\\Http\\Middleware\\TransformsRequest->handle()
#36 /home/rakin/github/Projects/KasseControl/vendor/laravel/framework/src/Illuminate/Pipeline/Pipeline.php(183): Illuminate\\Foundation\\Http\\Middleware\\ConvertEmptyStringsToNull->handle()
#37 /home/rakin/github/Projects/KasseControl/vendor/laravel/framework/src/Illuminate/Foundation/Http/Middleware/TransformsRequest.php(21): Illuminate\\Pipeline\\Pipeline->Illuminate\\Pipeline\\{closure}()
#38 /home/rakin/github/Projects/KasseControl/vendor/laravel/framework/src/Illuminate/Foundation/Http/Middleware/TrimStrings.php(40): Illuminate\\Foundation\\Http\\Middleware\\TransformsRequest->handle()
#39 /home/rakin/github/Projects/KasseControl/vendor/laravel/framework/src/Illuminate/Pipeline/Pipeline.php(183): Illuminate\\Foundation\\Http\\Middleware\\TrimStrings->handle()
#40 /home/rakin/github/Projects/KasseControl/vendor/laravel/framework/src/Illuminate/Foundation/Http/Middleware/ValidatePostSize.php(27): Illuminate\\Pipeline\\Pipeline->Illuminate\\Pipeline\\{closure}()
#41 /home/rakin/github/Projects/KasseControl/vendor/laravel/framework/src/Illuminate/Pipeline/Pipeline.php(183): Illuminate\\Foundation\\Http\\Middleware\\ValidatePostSize->handle()
#42 /home/rakin/github/Projects/KasseControl/vendor/laravel/framework/src/Illuminate/Foundation/Http/Middleware/PreventRequestsDuringMaintenance.php(99): Illuminate\\Pipeline\\Pipeline->Illuminate\\Pipeline\\{closure}()
#43 /home/rakin/github/Projects/KasseControl/vendor/laravel/framework/src/Illuminate/Pipeline/Pipeline.php(183): Illuminate\\Foundation\\Http\\Middleware\\PreventRequestsDuringMaintenance->handle()
#44 /home/rakin/github/Projects/KasseControl/vendor/laravel/framework/src/Illuminate/Http/Middleware/HandleCors.php(49): Illuminate\\Pipeline\\Pipeline->Illuminate\\Pipeline\\{closure}()
#45 /home/rakin/github/Projects/KasseControl/vendor/laravel/framework/src/Illuminate/Pipeline/Pipeline.php(183): Illuminate\\Http\\Middleware\\HandleCors->handle()
#46 /home/rakin/github/Projects/KasseControl/vendor/laravel/framework/src/Illuminate/Http/Middleware/TrustProxies.php(39): Illuminate\\Pipeline\\Pipeline->Illuminate\\Pipeline\\{closure}()
#47 /home/rakin/github/Projects/KasseControl/vendor/laravel/framework/src/Illuminate/Pipeline/Pipeline.php(183): Illuminate\\Http\\Middleware\\TrustProxies->handle()
#48 /home/rakin/github/Projects/KasseControl/vendor/laravel/framework/src/Illuminate/Pipeline/Pipeline.php(119): Illuminate\\Pipeline\\Pipeline->Illuminate\\Pipeline\\{closure}()
#49 /home/rakin/github/Projects/KasseControl/vendor/laravel/framework/src/Illuminate/Foundation/Http/Kernel.php(175): Illuminate\\Pipeline\\Pipeline->then()
#50 /home/rakin/github/Projects/KasseControl/vendor/laravel/framework/src/Illuminate/Foundation/Http/Kernel.php(144): Illuminate\\Foundation\\Http\\Kernel->sendRequestThroughRouter()
#51 /home/rakin/github/Projects/KasseControl/public/index.php(21): Illuminate\\Foundation\\Http\\Kernel->handle()
#52 /home/rakin/github/Projects/KasseControl/vendor/laravel/framework/src/Illuminate/Foundation/resources/server.php(16): require_once('...')
#53 {main}
"} 
[2025-11-11 22:30:43] local.ERROR: View [sales.show] not found. {"userId":1,"exception":"[object] (InvalidArgumentException(code: 0): View [sales.show] not found. at /home/rakin/github/Projects/KasseControl/vendor/laravel/framework/src/Illuminate/View/FileViewFinder.php:137)
[stacktrace]
#0 /home/rakin/github/Projects/KasseControl/vendor/laravel/framework/src/Illuminate/View/FileViewFinder.php(79): Illuminate\\View\\FileViewFinder->findInPaths()
#1 /home/rakin/github/Projects/KasseControl/vendor/laravel/framework/src/Illuminate/View/Factory.php(137): Illuminate\\View\\FileViewFinder->find()
#2 /home/rakin/github/Projects/KasseControl/vendor/laravel/framework/src/Illuminate/Foundation/helpers.php(1020): Illuminate\\View\\Factory->make()
#3 /home/rakin/github/Projects/KasseControl/app/Http/Controllers/SaleController.php(30): view()
#4 /home/rakin/github/Projects/KasseControl/vendor/laravel/framework/src/Illuminate/Routing/Controller.php(54): App\\Http\\Controllers\\SaleController->show()
#5 /home/rakin/github/Projects/KasseControl/vendor/laravel/framework/src/Illuminate/Routing/ControllerDispatcher.php(43): Illuminate\\Routing\\Controller->callAction()
#6 /home/rakin/github/Projects/KasseControl/vendor/laravel/framework/src/Illuminate/Routing/Route.php(259): Illuminate\\Routing\\ControllerDispatcher->dispatch()
#7 /home/rakin/github/Projects/KasseControl/vendor/laravel/framework/src/Illuminate/Routing/Route.php(205): Illuminate\\Routing\\Route->runController()
#8 /home/rakin/github/Projects/KasseControl/vendor/laravel/framework/src/Illuminate/Routing/Router.php(806): Illuminate\\Routing\\Route->run()
#9 /home/rakin/github/Projects/KasseControl/vendor/laravel/framework/src/Illuminate/Pipeline/Pipeline.php(144): Illuminate\\Routing\\Router->Illuminate\\Routing\\{closure}()
#10 /home/rakin/github/Projects/KasseControl/vendor/laravel/framework/src/Illuminate/Routing/Middleware/SubstituteBindings.php(50): Illuminate\\Pipeline\\Pipeline->Illuminate\\Pipeline\\{closure}()
#11 /home/rakin/github/Projects/KasseControl/vendor/laravel/framework/src/Illuminate/Pipeline/Pipeline.php(183): Illuminate\\Routing\\Middleware\\SubstituteBindings->handle()
#12 /home/rakin/github/Projects/KasseControl/vendor/laravel/framework/src/Illuminate/Auth/Middleware/Authenticate.php(57): Illuminate\\Pipeline\\Pipeline->Illuminate\\Pipeline\\{closure}()
#13 /home/rakin/github/Projects/KasseControl/vendor/laravel/framework/src/Illuminate/Pipeline/Pipeline.php(183): Illuminate\\Auth\\Middleware\\Authenticate->handle()
#14 /home/rakin/github/Projects/KasseControl/vendor/laravel/framework/src/Illuminate/Foundation/Http/Middleware/VerifyCsrfToken.php(78): Illuminate\\Pipeline\\Pipeline->Illuminate\\Pipeline\\{closure}()
#15 /home/rakin/github/Projects/KasseControl/vendor/laravel/framework/src/Illuminate/Pipeline/Pipeline.php(183): Illuminate\\Foundation\\Http\\Middleware\\VerifyCsrfToken->handle()
#16 /home/rakin/github/Projects/KasseControl/vendor/laravel/framework/src/Illuminate/View/Middleware/ShareErrorsFromSession.php(49): Illuminate\\Pipeline\\Pipeline->Illuminate\\Pipeline\\{closure}()
#17 /home/rakin/github/Projects/KasseControl/vendor/laravel/framework/src/Illuminate/Pipeline/Pipeline.php(183): Illuminate\\View\\Middleware\\ShareErrorsFromSession->handle()
#18 /home/rakin/github/Projects/KasseControl/vendor/laravel/framework/src/Illuminate/Session/Middleware/StartSession.php(121): Illuminate\\Pipeline\\Pipeline->Illuminate\\Pipeline\\{closure}()
#19 /home/rakin/github/Projects/KasseControl/vendor/laravel/framework/src/Illuminate/Session/Middleware/StartSession.php(64): Illuminate\\Session\\Middleware\\StartSession->handleStatefulRequest()
#20 /home/rakin/github/Projects/KasseControl/vendor/laravel/framework/src/Illuminate/Pipeline/Pipeline.php(183): Illuminate\\Session\\Middleware\\StartSession->handle()
#21 /home/rakin/github/Projects/KasseControl/vendor/laravel/framework/src/Illuminate/Cookie/Middleware/AddQueuedCookiesToResponse.php(37): Illuminate\\Pipeline\\Pipeline->Illuminate\\Pipeline\\{closure}()
#22 /home/rakin/github/Projects/KasseControl/vendor/laravel/framework/src/Illuminate/Pipeline/Pipeline.php(183): Illuminate\\Cookie\\Middleware\\AddQueuedCookiesToResponse->handle()
#23 /home/rakin/github/Projects/KasseControl/vendor/laravel/framework/src/Illuminate/Cookie/Middleware/EncryptCookies.php(67): Illuminate\\Pipeline\\Pipeline->Illuminate\\Pipeline\\{closure}()
#24 /home/rakin/github/Projects/KasseControl/vendor/laravel/framework/src/Illuminate/Pipeline/Pipeline.php(183): Illuminate\\Cookie\\Middleware\\EncryptCookies->handle()
#25 /home/rakin/github/Projects/KasseControl/vendor/laravel/framework/src/Illuminate/Pipeline/Pipeline.php(119): Illuminate\\Pipeline\\Pipeline->Illuminate\\Pipeline\\{closure}()
#26 /home/rakin/github/Projects/KasseControl/vendor/laravel/framework/src/Illuminate/Routing/Router.php(805): Illuminate\\Pipeline\\Pipeline->then()
#27 /home/rakin/github/Projects/KasseControl/vendor/laravel/framework/src/Illuminate/Routing/Router.php(784): Illuminate\\Routing\\Router->runRouteWithinStack()
#28 /home/rakin/github/Projects/KasseControl/vendor/laravel/framework/src/Illuminate/Routing/Router.php(748): Illuminate\\Routing\\Router->runRoute()
#29 /home/rakin/github/Projects/KasseControl/vendor/laravel/framework/src/Illuminate/Routing/Router.php(737): Illuminate\\Routing\\Router->dispatchToRoute()
#30 /home/rakin/github/Projects/KasseControl/vendor/laravel/framework/src/Illuminate/Foundation/Http/Kernel.php(200): Illuminate\\Routing\\Router->dispatch()
#31 /home/rakin/github/Projects/KasseControl/vendor/laravel/framework/src/Illuminate/Pipeline/Pipeline.php(144): Illuminate\\Foundation\\Http\\Kernel->Illuminate\\Foundation\\Http\\{closure}()
#32 /home/rakin/github/Projects/KasseControl/vendor/laravel/framework/src/Illuminate/Foundation/Http/Middleware/TransformsRequest.php(21): Illuminate\\Pipeline\\Pipeline->Illuminate\\Pipeline\\{closure}()
#33 /home/rakin/github/Projects/KasseControl/vendor/laravel/framework/src/Illuminate/Foundation/Http/Middleware/ConvertEmptyStringsToNull.php(31): Illuminate\\Foundation\\Http\\Middleware\\TransformsRequest->handle()
#34 /home/rakin/github/Projects/KasseControl/vendor/laravel/framework/src/Illuminate/Pipeline/Pipeline.php(183): Illuminate\\Foundation\\Http\\Middleware\\ConvertEmptyStringsToNull->handle()
#35 /home/rakin/github/Projects/KasseControl/vendor/laravel/framework/src/Illuminate/Foundation/Http/Middleware/TransformsRequest.php(21): Illuminate\\Pipeline\\Pipeline->Illuminate\\Pipeline\\{closure}()
#36 /home/rakin/github/Projects/KasseControl/vendor/laravel/framework/src/Illuminate/Foundation/Http/Middleware/TrimStrings.php(40): Illuminate\\Foundation\\Http\\Middleware\\TransformsRequest->handle()
#37 /home/rakin/github/Projects/KasseControl/vendor/laravel/framework/src/Illuminate/Pipeline/Pipeline.php(183): Illuminate\\Foundation\\Http\\Middleware\\TrimStrings->handle()
#38 /home/rakin/github/Projects/KasseControl/vendor/laravel/framework/src/Illuminate/Foundation/Http/Middleware/ValidatePostSize.php(27): Illuminate\\Pipeline\\Pipeline->Illuminate\\Pipeline\\{closure}()
#39 /home/rakin/github/Projects/KasseControl/vendor/laravel/framework/src/Illuminate/Pipeline/Pipeline.php(183): Illuminate\\Foundation\\Http\\Middleware\\ValidatePostSize->handle()
#40 /home/rakin/github/Projects/KasseControl/vendor/laravel/framework/src/Illuminate/Foundation/Http/Middleware/PreventRequestsDuringMaintenance.php(99): Illuminate\\Pipeline\\Pipeline->Illuminate\\Pipeline\\{closure}()
#41 /home/rakin/github/Projects/KasseControl/vendor/laravel/framework/src/Illuminate/Pipeline/Pipeline.php(183): Illuminate\\Foundation\\Http\\Middleware\\PreventRequestsDuringMaintenance->handle()
#42 /home/rakin/github/Projects/KasseControl/vendor/laravel/framework/src/Illuminate/Http/Middleware/HandleCors.php(49): Illuminate\\Pipeline\\Pipeline->Illuminate\\Pipeline\\{closure}()
#43 /home/rakin/github/Projects/KasseControl/vendor/laravel/framework/src/Illuminate/Pipeline/Pipeline.php(183): Illuminate\\Http\\Middleware\\HandleCors->handle()
#44 /home/rakin/github/Projects/KasseControl/vendor/laravel/framework/src/Illuminate/Http/Middleware/TrustProxies.php(39): Illuminate\\Pipeline\\Pipeline->Illuminate\\Pipeline\\{closure}()
#45 /home/rakin/github/Projects/KasseControl/vendor/laravel/framework/src/Illuminate/Pipeline/Pipeline.php(183): Illuminate\\Http\\Middleware\\TrustProxies->handle()
#46 /home/rakin/github/Projects/KasseControl/vendor/laravel/framework/src/Illuminate/Pipeline/Pipeline.php(119): Illuminate\\Pipeline\\Pipeline->Illuminate\\Pipeline\\{closure}()
#47 /home/rakin/github/Projects/KasseControl/vendor/laravel/framework/src/Illuminate/Foundation/Http/Kernel.php(175): Illuminate\\Pipeline\\Pipeline->then()
#48 /home/rakin/github/Projects/KasseControl/vendor/laravel/framework/src/Illuminate/Foundation/Http/Kernel.php(144): Illuminate\\Foundation\\Http\\Kernel->sendRequestThroughRouter()
#49 /home/rakin/github/Projects/KasseControl/public/index.php(21): Illuminate\\Foundation\\Http\\Kernel->handle()
#50 /home/rakin/github/Projects/KasseControl/vendor/laravel/framework/src/Illuminate/Foundation/resources/server.php(16): require_once('...')
#51 {main}
"} 
[2025-11-11 22:32:29] local.ERROR: View [sales.invoice] not found. {"userId":1,"exception":"[object] (InvalidArgumentException(code: 0): View [sales.invoice] not found. at /home/rakin/github/Projects/KasseControl/vendor/laravel/framework/src/Illuminate/View/FileViewFinder.php:137)
[stacktrace]
#0 /home/rakin/github/Projects/KasseControl/vendor/laravel/framework/src/Illuminate/View/FileViewFinder.php(79): Illuminate\\View\\FileViewFinder->findInPaths()
#1 /home/rakin/github/Projects/KasseControl/vendor/laravel/framework/src/Illuminate/View/Factory.php(137): Illuminate\\View\\FileViewFinder->find()
#2 /home/rakin/github/Projects/KasseControl/vendor/laravel/framework/src/Illuminate/Foundation/helpers.php(1020): Illuminate\\View\\Factory->make()
#3 /home/rakin/github/Projects/KasseControl/app/Http/Controllers/SaleController.php(36): view()
#4 /home/rakin/github/Projects/KasseControl/vendor/laravel/framework/src/Illuminate/Routing/Controller.php(54): App\\Http\\Controllers\\SaleController->invoice()
#5 /home/rakin/github/Projects/KasseControl/vendor/laravel/framework/src/Illuminate/Routing/ControllerDispatcher.php(43): Illuminate\\Routing\\Controller->callAction()
#6 /home/rakin/github/Projects/KasseControl/vendor/laravel/framework/src/Illuminate/Routing/Route.php(259): Illuminate\\Routing\\ControllerDispatcher->dispatch()
#7 /home/rakin/github/Projects/KasseControl/vendor/laravel/framework/src/Illuminate/Routing/Route.php(205): Illuminate\\Routing\\Route->runController()
#8 /home/rakin/github/Projects/KasseControl/vendor/laravel/framework/src/Illuminate/Routing/Router.php(806): Illuminate\\Routing\\Route->run()
#9 /home/rakin/github/Projects/KasseControl/vendor/laravel/framework/src/Illuminate/Pipeline/Pipeline.php(144): Illuminate\\Routing\\Router->Illuminate\\Routing\\{closure}()
#10 /home/rakin/github/Projects/KasseControl/vendor/laravel/framework/src/Illuminate/Routing/Middleware/SubstituteBindings.php(50): Illuminate\\Pipeline\\Pipeline->Illuminate\\Pipeline\\{closure}()
#11 /home/rakin/github/Projects/KasseControl/vendor/laravel/framework/src/Illuminate/Pipeline/Pipeline.php(183): Illuminate\\Routing\\Middleware\\SubstituteBindings->handle()
#12 /home/rakin/github/Projects/KasseControl/vendor/laravel/framework/src/Illuminate/Auth/Middleware/Authenticate.php(57): Illuminate\\Pipeline\\Pipeline->Illuminate\\Pipeline\\{closure}()
#13 /home/rakin/github/Projects/KasseControl/vendor/laravel/framework/src/Illuminate/Pipeline/Pipeline.php(183): Illuminate\\Auth\\Middleware\\Authenticate->handle()
#14 /home/rakin/github/Projects/KasseControl/vendor/laravel/framework/src/Illuminate/Foundation/Http/Middleware/VerifyCsrfToken.php(78): Illuminate\\Pipeline\\Pipeline->Illuminate\\Pipeline\\{closure}()
#15 /home/rakin/github/Projects/KasseControl/vendor/laravel/framework/src/Illuminate/Pipeline/Pipeline.php(183): Illuminate\\Foundation\\Http\\Middleware\\VerifyCsrfToken->handle()
#16 /home/rakin/github/Projects/KasseControl/vendor/laravel/framework/src/Illuminate/View/Middleware/ShareErrorsFromSession.php(49): Illuminate\\Pipeline\\Pipeline->Illuminate\\Pipeline\\{closure}()
#17 /home/rakin/github/Projects/KasseControl/vendor/laravel/framework/src/Illuminate/Pipeline/Pipeline.php(183): Illuminate\\View\\Middleware\\ShareErrorsFromSession->handle()
#18 /home/rakin/github/Projects/KasseControl/vendor/laravel/framework/src/Illuminate/Session/Middleware/StartSession.php(121): Illuminate\\Pipeline\\Pipeline->Illuminate\\Pipeline\\{closure}()
#19 /home/rakin/github/Projects/KasseControl/vendor/laravel/framework/src/Illuminate/Session/Middleware/StartSession.php(64): Illuminate\\Session\\Middleware\\StartSession->handleStatefulRequest()
#20 /home/rakin/github/Projects/KasseControl/vendor/laravel/framework/src/Illuminate/Pipeline/Pipeline.php(183): Illuminate\\Session\\Middleware\\StartSession->handle()
#21 /home/rakin/github/Projects/KasseControl/vendor/laravel/framework/src/Illuminate/Cookie/Middleware/AddQueuedCookiesToResponse.php(37): Illuminate\\Pipeline\\Pipeline->Illuminate\\Pipeline\\{closure}()
#22 /home/rakin/github/Projects/KasseControl/vendor/laravel/framework/src/Illuminate/Pipeline/Pipeline.php(183): Illuminate\\Cookie\\Middleware\\AddQueuedCookiesToResponse->handle()
#23 /home/rakin/github/Projects/KasseControl/vendor/laravel/framework/src/Illuminate/Cookie/Middleware/EncryptCookies.php(67): Illuminate\\Pipeline\\Pipeline->Illuminate\\Pipeline\\{closure}()
#24 /home/rakin/github/Projects/KasseControl/vendor/laravel/framework/src/Illuminate/Pipeline/Pipeline.php(183): Illuminate\\Cookie\\Middleware\\EncryptCookies->handle()
#25 /home/rakin/github/Projects/KasseControl/vendor/laravel/framework/src/Illuminate/Pipeline/Pipeline.php(119): Illuminate\\Pipeline\\Pipeline->Illuminate\\Pipeline\\{closure}()
#26 /home/rakin/github/Projects/KasseControl/vendor/laravel/framework/src/Illuminate/Routing/Router.php(805): Illuminate\\Pipeline\\Pipeline->then()
#27 /home/rakin/github/Projects/KasseControl/vendor/laravel/framework/src/Illuminate/Routing/Router.php(784): Illuminate\\Routing\\Router->runRouteWithinStack()
#28 /home/rakin/github/Projects/KasseControl/vendor/laravel/framework/src/Illuminate/Routing/Router.php(748): Illuminate\\Routing\\Router->runRoute()
#29 /home/rakin/github/Projects/KasseControl/vendor/laravel/framework/src/Illuminate/Routing/Router.php(737): Illuminate\\Routing\\Router->dispatchToRoute()
#30 /home/rakin/github/Projects/KasseControl/vendor/laravel/framework/src/Illuminate/Foundation/Http/Kernel.php(200): Illuminate\\Routing\\Router->dispatch()
#31 /home/rakin/github/Projects/KasseControl/vendor/laravel/framework/src/Illuminate/Pipeline/Pipeline.php(144): Illuminate\\Foundation\\Http\\Kernel->Illuminate\\Foundation\\Http\\{closure}()
#32 /home/rakin/github/Projects/KasseControl/vendor/laravel/framework/src/Illuminate/Foundation/Http/Middleware/TransformsRequest.php(21): Illuminate\\Pipeline\\Pipeline->Illuminate\\Pipeline\\{closure}()
#33 /home/rakin/github/Projects/KasseControl/vendor/laravel/framework/src/Illuminate/Foundation/Http/Middleware/ConvertEmptyStringsToNull.php(31): Illuminate\\Foundation\\Http\\Middleware\\TransformsRequest->handle()
#34 /home/rakin/github/Projects/KasseControl/vendor/laravel/framework/src/Illuminate/Pipeline/Pipeline.php(183): Illuminate\\Foundation\\Http\\Middleware\\ConvertEmptyStringsToNull->handle()
#35 /home/rakin/github/Projects/KasseControl/vendor/laravel/framework/src/Illuminate/Foundation/Http/Middleware/TransformsRequest.php(21): Illuminate\\Pipeline\\Pipeline->Illuminate\\Pipeline\\{closure}()
#36 /home/rakin/github/Projects/KasseControl/vendor/laravel/framework/src/Illuminate/Foundation/Http/Middleware/TrimStrings.php(40): Illuminate\\Foundation\\Http\\Middleware\\TransformsRequest->handle()
#37 /home/rakin/github/Projects/KasseControl/vendor/laravel/framework/src/Illuminate/Pipeline/Pipeline.php(183): Illuminate\\Foundation\\Http\\Middleware\\TrimStrings->handle()
#38 /home/rakin/github/Projects/KasseControl/vendor/laravel/framework/src/Illuminate/Foundation/Http/Middleware/ValidatePostSize.php(27): Illuminate\\Pipeline\\Pipeline->Illuminate\\Pipeline\\{closure}()
#39 /home/rakin/github/Projects/KasseControl/vendor/laravel/framework/src/Illuminate/Pipeline/Pipeline.php(183): Illuminate\\Foundation\\Http\\Middleware\\ValidatePostSize->handle()
#40 /home/rakin/github/Projects/KasseControl/vendor/laravel/framework/src/Illuminate/Foundation/Http/Middleware/PreventRequestsDuringMaintenance.php(99): Illuminate\\Pipeline\\Pipeline->Illuminate\\Pipeline\\{closure}()
#41 /home/rakin/github/Projects/KasseControl/vendor/laravel/framework/src/Illuminate/Pipeline/Pipeline.php(183): Illuminate\\Foundation\\Http\\Middleware\\PreventRequestsDuringMaintenance->handle()
#42 /home/rakin/github/Projects/KasseControl/vendor/laravel/framework/src/Illuminate/Http/Middleware/HandleCors.php(49): Illuminate\\Pipeline\\Pipeline->Illuminate\\Pipeline\\{closure}()
#43 /home/rakin/github/Projects/KasseControl/vendor/laravel/framework/src/Illuminate/Pipeline/Pipeline.php(183): Illuminate\\Http\\Middleware\\HandleCors->handle()
#44 /home/rakin/github/Projects/KasseControl/vendor/laravel/framework/src/Illuminate/Http/Middleware/TrustProxies.php(39): Illuminate\\Pipeline\\Pipeline->Illuminate\\Pipeline\\{closure}()
#45 /home/rakin/github/Projects/KasseControl/vendor/laravel/framework/src/Illuminate/Pipeline/Pipeline.php(183): Illuminate\\Http\\Middleware\\TrustProxies->handle()
#46 /home/rakin/github/Projects/KasseControl/vendor/laravel/framework/src/Illuminate/Pipeline/Pipeline.php(119): Illuminate\\Pipeline\\Pipeline->Illuminate\\Pipeline\\{closure}()
#47 /home/rakin/github/Projects/KasseControl/vendor/laravel/framework/src/Illuminate/Foundation/Http/Kernel.php(175): Illuminate\\Pipeline\\Pipeline->then()
#48 /home/rakin/github/Projects/KasseControl/vendor/laravel/framework/src/Illuminate/Foundation/Http/Kernel.php(144): Illuminate\\Foundation\\Http\\Kernel->sendRequestThroughRouter()
#49 /home/rakin/github/Projects/KasseControl/public/index.php(21): Illuminate\\Foundation\\Http\\Kernel->handle()
#50 /home/rakin/github/Projects/KasseControl/vendor/laravel/framework/src/Illuminate/Foundation/resources/server.php(16): require_once('...')
#51 {main}
"} 
[2025-11-11 22:32:49] local.ERROR: View [purchases.create] not found. {"userId":1,"exception":"[object] (InvalidArgumentException(code: 0): View [purchases.create] not found. at /home/rakin/github/Projects/KasseControl/vendor/laravel/framework/src/Illuminate/View/FileViewFinder.php:137)
[stacktrace]
#0 /home/rakin/github/Projects/KasseControl/vendor/laravel/framework/src/Illuminate/View/FileViewFinder.php(79): Illuminate\\View\\FileViewFinder->findInPaths()
#1 /home/rakin/github/Projects/KasseControl/vendor/laravel/framework/src/Illuminate/View/Factory.php(137): Illuminate\\View\\FileViewFinder->find()
#2 /home/rakin/github/Projects/KasseControl/vendor/laravel/framework/src/Illuminate/Foundation/helpers.php(1020): Illuminate\\View\\Factory->make()
#3 /home/rakin/github/Projects/KasseControl/app/Http/Controllers/PurchaseController.php(31): view()
#4 /home/rakin/github/Projects/KasseControl/vendor/laravel/framework/src/Illuminate/Routing/Controller.php(54): App\\Http\\Controllers\\PurchaseController->create()
#5 /home/rakin/github/Projects/KasseControl/vendor/laravel/framework/src/Illuminate/Routing/ControllerDispatcher.php(43): Illuminate\\Routing\\Controller->callAction()
#6 /home/rakin/github/Projects/KasseControl/vendor/laravel/framework/src/Illuminate/Routing/Route.php(259): Illuminate\\Routing\\ControllerDispatcher->dispatch()
#7 /home/rakin/github/Projects/KasseControl/vendor/laravel/framework/src/Illuminate/Routing/Route.php(205): Illuminate\\Routing\\Route->runController()
#8 /home/rakin/github/Projects/KasseControl/vendor/laravel/framework/src/Illuminate/Routing/Router.php(806): Illuminate\\Routing\\Route->run()
#9 /home/rakin/github/Projects/KasseControl/vendor/laravel/framework/src/Illuminate/Pipeline/Pipeline.php(144): Illuminate\\Routing\\Router->Illuminate\\Routing\\{closure}()
#10 /home/rakin/github/Projects/KasseControl/app/Http/Middleware/CheckRole.php(20): Illuminate\\Pipeline\\Pipeline->Illuminate\\Pipeline\\{closure}()
#11 /home/rakin/github/Projects/KasseControl/vendor/laravel/framework/src/Illuminate/Pipeline/Pipeline.php(183): App\\Http\\Middleware\\CheckRole->handle()
#12 /home/rakin/github/Projects/KasseControl/vendor/laravel/framework/src/Illuminate/Routing/Middleware/SubstituteBindings.php(50): Illuminate\\Pipeline\\Pipeline->Illuminate\\Pipeline\\{closure}()
#13 /home/rakin/github/Projects/KasseControl/vendor/laravel/framework/src/Illuminate/Pipeline/Pipeline.php(183): Illuminate\\Routing\\Middleware\\SubstituteBindings->handle()
#14 /home/rakin/github/Projects/KasseControl/vendor/laravel/framework/src/Illuminate/Auth/Middleware/Authenticate.php(57): Illuminate\\Pipeline\\Pipeline->Illuminate\\Pipeline\\{closure}()
#15 /home/rakin/github/Projects/KasseControl/vendor/laravel/framework/src/Illuminate/Pipeline/Pipeline.php(183): Illuminate\\Auth\\Middleware\\Authenticate->handle()
#16 /home/rakin/github/Projects/KasseControl/vendor/laravel/framework/src/Illuminate/Foundation/Http/Middleware/VerifyCsrfToken.php(78): Illuminate\\Pipeline\\Pipeline->Illuminate\\Pipeline\\{closure}()
#17 /home/rakin/github/Projects/KasseControl/vendor/laravel/framework/src/Illuminate/Pipeline/Pipeline.php(183): Illuminate\\Foundation\\Http\\Middleware\\VerifyCsrfToken->handle()
#18 /home/rakin/github/Projects/KasseControl/vendor/laravel/framework/src/Illuminate/View/Middleware/ShareErrorsFromSession.php(49): Illuminate\\Pipeline\\Pipeline->Illuminate\\Pipeline\\{closure}()
#19 /home/rakin/github/Projects/KasseControl/vendor/laravel/framework/src/Illuminate/Pipeline/Pipeline.php(183): Illuminate\\View\\Middleware\\ShareErrorsFromSession->handle()
#20 /home/rakin/github/Projects/KasseControl/vendor/laravel/framework/src/Illuminate/Session/Middleware/StartSession.php(121): Illuminate\\Pipeline\\Pipeline->Illuminate\\Pipeline\\{closure}()
#21 /home/rakin/github/Projects/KasseControl/vendor/laravel/framework/src/Illuminate/Session/Middleware/StartSession.php(64): Illuminate\\Session\\Middleware\\StartSession->handleStatefulRequest()
#22 /home/rakin/github/Projects/KasseControl/vendor/laravel/framework/src/Illuminate/Pipeline/Pipeline.php(183): Illuminate\\Session\\Middleware\\StartSession->handle()
#23 /home/rakin/github/Projects/KasseControl/vendor/laravel/framework/src/Illuminate/Cookie/Middleware/AddQueuedCookiesToResponse.php(37): Illuminate\\Pipeline\\Pipeline->Illuminate\\Pipeline\\{closure}()
#24 /home/rakin/github/Projects/KasseControl/vendor/laravel/framework/src/Illuminate/Pipeline/Pipeline.php(183): Illuminate\\Cookie\\Middleware\\AddQueuedCookiesToResponse->handle()
#25 /home/rakin/github/Projects/KasseControl/vendor/laravel/framework/src/Illuminate/Cookie/Middleware/EncryptCookies.php(67): Illuminate\\Pipeline\\Pipeline->Illuminate\\Pipeline\\{closure}()
#26 /home/rakin/github/Projects/KasseControl/vendor/laravel/framework/src/Illuminate/Pipeline/Pipeline.php(183): Illuminate\\Cookie\\Middleware\\EncryptCookies->handle()
#27 /home/rakin/github/Projects/KasseControl/vendor/laravel/framework/src/Illuminate/Pipeline/Pipeline.php(119): Illuminate\\Pipeline\\Pipeline->Illuminate\\Pipeline\\{closure}()
#28 /home/rakin/github/Projects/KasseControl/vendor/laravel/framework/src/Illuminate/Routing/Router.php(805): Illuminate\\Pipeline\\Pipeline->then()
#29 /home/rakin/github/Projects/KasseControl/vendor/laravel/framework/src/Illuminate/Routing/Router.php(784): Illuminate\\Routing\\Router->runRouteWithinStack()
#30 /home/rakin/github/Projects/KasseControl/vendor/laravel/framework/src/Illuminate/Routing/Router.php(748): Illuminate\\Routing\\Router->runRoute()
#31 /home/rakin/github/Projects/KasseControl/vendor/laravel/framework/src/Illuminate/Routing/Router.php(737): Illuminate\\Routing\\Router->dispatchToRoute()
#32 /home/rakin/github/Projects/KasseControl/vendor/laravel/framework/src/Illuminate/Foundation/Http/Kernel.php(200): Illuminate\\Routing\\Router->dispatch()
#33 /home/rakin/github/Projects/KasseControl/vendor/laravel/framework/src/Illuminate/Pipeline/Pipeline.php(144): Illuminate\\Foundation\\Http\\Kernel->Illuminate\\Foundation\\Http\\{closure}()
#34 /home/rakin/github/Projects/KasseControl/vendor/laravel/framework/src/Illuminate/Foundation/Http/Middleware/TransformsRequest.php(21): Illuminate\\Pipeline\\Pipeline->Illuminate\\Pipeline\\{closure}()
#35 /home/rakin/github/Projects/KasseControl/vendor/laravel/framework/src/Illuminate/Foundation/Http/Middleware/ConvertEmptyStringsToNull.php(31): Illuminate\\Foundation\\Http\\Middleware\\TransformsRequest->handle()
#36 /home/rakin/github/Projects/KasseControl/vendor/laravel/framework/src/Illuminate/Pipeline/Pipeline.php(183): Illuminate\\Foundation\\Http\\Middleware\\ConvertEmptyStringsToNull->handle()
#37 /home/rakin/github/Projects/KasseControl/vendor/laravel/framework/src/Illuminate/Foundation/Http/Middleware/TransformsRequest.php(21): Illuminate\\Pipeline\\Pipeline->Illuminate\\Pipeline\\{closure}()
#38 /home/rakin/github/Projects/KasseControl/vendor/laravel/framework/src/Illuminate/Foundation/Http/Middleware/TrimStrings.php(40): Illuminate\\Foundation\\Http\\Middleware\\TransformsRequest->handle()
#39 /home/rakin/github/Projects/KasseControl/vendor/laravel/framework/src/Illuminate/Pipeline/Pipeline.php(183): Illuminate\\Foundation\\Http\\Middleware\\TrimStrings->handle()
#40 /home/rakin/github/Projects/KasseControl/vendor/laravel/framework/src/Illuminate/Foundation/Http/Middleware/ValidatePostSize.php(27): Illuminate\\Pipeline\\Pipeline->Illuminate\\Pipeline\\{closure}()
#41 /home/rakin/github/Projects/KasseControl/vendor/laravel/framework/src/Illuminate/Pipeline/Pipeline.php(183): Illuminate\\Foundation\\Http\\Middleware\\ValidatePostSize->handle()
#42 /home/rakin/github/Projects/KasseControl/vendor/laravel/framework/src/Illuminate/Foundation/Http/Middleware/PreventRequestsDuringMaintenance.php(99): Illuminate\\Pipeline\\Pipeline->Illuminate\\Pipeline\\{closure}()
#43 /home/rakin/github/Projects/KasseControl/vendor/laravel/framework/src/Illuminate/Pipeline/Pipeline.php(183): Illuminate\\Foundation\\Http\\Middleware\\PreventRequestsDuringMaintenance->handle()
#44 /home/rakin/github/Projects/KasseControl/vendor/laravel/framework/src/Illuminate/Http/Middleware/HandleCors.php(49): Illuminate\\Pipeline\\Pipeline->Illuminate\\Pipeline\\{closure}()
#45 /home/rakin/github/Projects/KasseControl/vendor/laravel/framework/src/Illuminate/Pipeline/Pipeline.php(183): Illuminate\\Http\\Middleware\\HandleCors->handle()
#46 /home/rakin/github/Projects/KasseControl/vendor/laravel/framework/src/Illuminate/Http/Middleware/TrustProxies.php(39): Illuminate\\Pipeline\\Pipeline->Illuminate\\Pipeline\\{closure}()
#47 /home/rakin/github/Projects/KasseControl/vendor/laravel/framework/src/Illuminate/Pipeline/Pipeline.php(183): Illuminate\\Http\\Middleware\\TrustProxies->handle()
#48 /home/rakin/github/Projects/KasseControl/vendor/laravel/framework/src/Illuminate/Pipeline/Pipeline.php(119): Illuminate\\Pipeline\\Pipeline->Illuminate\\Pipeline\\{closure}()
#49 /home/rakin/github/Projects/KasseControl/vendor/laravel/framework/src/Illuminate/Foundation/Http/Kernel.php(175): Illuminate\\Pipeline\\Pipeline->then()
#50 /home/rakin/github/Projects/KasseControl/vendor/laravel/framework/src/Illuminate/Foundation/Http/Kernel.php(144): Illuminate\\Foundation\\Http\\Kernel->sendRequestThroughRouter()
#51 /home/rakin/github/Projects/KasseControl/public/index.php(21): Illuminate\\Foundation\\Http\\Kernel->handle()
#52 /home/rakin/github/Projects/KasseControl/vendor/laravel/framework/src/Illuminate/Foundation/resources/server.php(16): require_once('...')
#53 {main}
"} 
[2025-11-11 22:33:40] local.ERROR: View [inventory.movements] not found. {"userId":1,"exception":"[object] (InvalidArgumentException(code: 0): View [inventory.movements] not found. at /home/rakin/github/Projects/KasseControl/vendor/laravel/framework/src/Illuminate/View/FileViewFinder.php:137)
[stacktrace]
#0 /home/rakin/github/Projects/KasseControl/vendor/laravel/framework/src/Illuminate/View/FileViewFinder.php(79): Illuminate\\View\\FileViewFinder->findInPaths()
#1 /home/rakin/github/Projects/KasseControl/vendor/laravel/framework/src/Illuminate/View/Factory.php(137): Illuminate\\View\\FileViewFinder->find()
#2 /home/rakin/github/Projects/KasseControl/vendor/laravel/framework/src/Illuminate/Foundation/helpers.php(1020): Illuminate\\View\\Factory->make()
#3 /home/rakin/github/Projects/KasseControl/app/Http/Controllers/InventoryController.php(40): view()
#4 /home/rakin/github/Projects/KasseControl/vendor/laravel/framework/src/Illuminate/Routing/Controller.php(54): App\\Http\\Controllers\\InventoryController->movements()
#5 /home/rakin/github/Projects/KasseControl/vendor/laravel/framework/src/Illuminate/Routing/ControllerDispatcher.php(43): Illuminate\\Routing\\Controller->callAction()
#6 /home/rakin/github/Projects/KasseControl/vendor/laravel/framework/src/Illuminate/Routing/Route.php(259): Illuminate\\Routing\\ControllerDispatcher->dispatch()
#7 /home/rakin/github/Projects/KasseControl/vendor/laravel/framework/src/Illuminate/Routing/Route.php(205): Illuminate\\Routing\\Route->runController()
#8 /home/rakin/github/Projects/KasseControl/vendor/laravel/framework/src/Illuminate/Routing/Router.php(806): Illuminate\\Routing\\Route->run()
#9 /home/rakin/github/Projects/KasseControl/vendor/laravel/framework/src/Illuminate/Pipeline/Pipeline.php(144): Illuminate\\Routing\\Router->Illuminate\\Routing\\{closure}()
#10 /home/rakin/github/Projects/KasseControl/app/Http/Middleware/CheckRole.php(20): Illuminate\\Pipeline\\Pipeline->Illuminate\\Pipeline\\{closure}()
#11 /home/rakin/github/Projects/KasseControl/vendor/laravel/framework/src/Illuminate/Pipeline/Pipeline.php(183): App\\Http\\Middleware\\CheckRole->handle()
#12 /home/rakin/github/Projects/KasseControl/vendor/laravel/framework/src/Illuminate/Routing/Middleware/SubstituteBindings.php(50): Illuminate\\Pipeline\\Pipeline->Illuminate\\Pipeline\\{closure}()
#13 /home/rakin/github/Projects/KasseControl/vendor/laravel/framework/src/Illuminate/Pipeline/Pipeline.php(183): Illuminate\\Routing\\Middleware\\SubstituteBindings->handle()
#14 /home/rakin/github/Projects/KasseControl/vendor/laravel/framework/src/Illuminate/Auth/Middleware/Authenticate.php(57): Illuminate\\Pipeline\\Pipeline->Illuminate\\Pipeline\\{closure}()
#15 /home/rakin/github/Projects/KasseControl/vendor/laravel/framework/src/Illuminate/Pipeline/Pipeline.php(183): Illuminate\\Auth\\Middleware\\Authenticate->handle()
#16 /home/rakin/github/Projects/KasseControl/vendor/laravel/framework/src/Illuminate/Foundation/Http/Middleware/VerifyCsrfToken.php(78): Illuminate\\Pipeline\\Pipeline->Illuminate\\Pipeline\\{closure}()
#17 /home/rakin/github/Projects/KasseControl/vendor/laravel/framework/src/Illuminate/Pipeline/Pipeline.php(183): Illuminate\\Foundation\\Http\\Middleware\\VerifyCsrfToken->handle()
#18 /home/rakin/github/Projects/KasseControl/vendor/laravel/framework/src/Illuminate/View/Middleware/ShareErrorsFromSession.php(49): Illuminate\\Pipeline\\Pipeline->Illuminate\\Pipeline\\{closure}()
#19 /home/rakin/github/Projects/KasseControl/vendor/laravel/framework/src/Illuminate/Pipeline/Pipeline.php(183): Illuminate\\View\\Middleware\\ShareErrorsFromSession->handle()
#20 /home/rakin/github/Projects/KasseControl/vendor/laravel/framework/src/Illuminate/Session/Middleware/StartSession.php(121): Illuminate\\Pipeline\\Pipeline->Illuminate\\Pipeline\\{closure}()
#21 /home/rakin/github/Projects/KasseControl/vendor/laravel/framework/src/Illuminate/Session/Middleware/StartSession.php(64): Illuminate\\Session\\Middleware\\StartSession->handleStatefulRequest()
#22 /home/rakin/github/Projects/KasseControl/vendor/laravel/framework/src/Illuminate/Pipeline/Pipeline.php(183): Illuminate\\Session\\Middleware\\StartSession->handle()
#23 /home/rakin/github/Projects/KasseControl/vendor/laravel/framework/src/Illuminate/Cookie/Middleware/AddQueuedCookiesToResponse.php(37): Illuminate\\Pipeline\\Pipeline->Illuminate\\Pipeline\\{closure}()
#24 /home/rakin/github/Projects/KasseControl/vendor/laravel/framework/src/Illuminate/Pipeline/Pipeline.php(183): Illuminate\\Cookie\\Middleware\\AddQueuedCookiesToResponse->handle()
#25 /home/rakin/github/Projects/KasseControl/vendor/laravel/framework/src/Illuminate/Cookie/Middleware/EncryptCookies.php(67): Illuminate\\Pipeline\\Pipeline->Illuminate\\Pipeline\\{closure}()
#26 /home/rakin/github/Projects/KasseControl/vendor/laravel/framework/src/Illuminate/Pipeline/Pipeline.php(183): Illuminate\\Cookie\\Middleware\\EncryptCookies->handle()
#27 /home/rakin/github/Projects/KasseControl/vendor/laravel/framework/src/Illuminate/Pipeline/Pipeline.php(119): Illuminate\\Pipeline\\Pipeline->Illuminate\\Pipeline\\{closure}()
#28 /home/rakin/github/Projects/KasseControl/vendor/laravel/framework/src/Illuminate/Routing/Router.php(805): Illuminate\\Pipeline\\Pipeline->then()
#29 /home/rakin/github/Projects/KasseControl/vendor/laravel/framework/src/Illuminate/Routing/Router.php(784): Illuminate\\Routing\\Router->runRouteWithinStack()
#30 /home/rakin/github/Projects/KasseControl/vendor/laravel/framework/src/Illuminate/Routing/Router.php(748): Illuminate\\Routing\\Router->runRoute()
#31 /home/rakin/github/Projects/KasseControl/vendor/laravel/framework/src/Illuminate/Routing/Router.php(737): Illuminate\\Routing\\Router->dispatchToRoute()
#32 /home/rakin/github/Projects/KasseControl/vendor/laravel/framework/src/Illuminate/Foundation/Http/Kernel.php(200): Illuminate\\Routing\\Router->dispatch()
#33 /home/rakin/github/Projects/KasseControl/vendor/laravel/framework/src/Illuminate/Pipeline/Pipeline.php(144): Illuminate\\Foundation\\Http\\Kernel->Illuminate\\Foundation\\Http\\{closure}()
#34 /home/rakin/github/Projects/KasseControl/vendor/laravel/framework/src/Illuminate/Foundation/Http/Middleware/TransformsRequest.php(21): Illuminate\\Pipeline\\Pipeline->Illuminate\\Pipeline\\{closure}()
#35 /home/rakin/github/Projects/KasseControl/vendor/laravel/framework/src/Illuminate/Foundation/Http/Middleware/ConvertEmptyStringsToNull.php(31): Illuminate\\Foundation\\Http\\Middleware\\TransformsRequest->handle()
#36 /home/rakin/github/Projects/KasseControl/vendor/laravel/framework/src/Illuminate/Pipeline/Pipeline.php(183): Illuminate\\Foundation\\Http\\Middleware\\ConvertEmptyStringsToNull->handle()
#37 /home/rakin/github/Projects/KasseControl/vendor/laravel/framework/src/Illuminate/Foundation/Http/Middleware/TransformsRequest.php(21): Illuminate\\Pipeline\\Pipeline->Illuminate\\Pipeline\\{closure}()
#38 /home/rakin/github/Projects/KasseControl/vendor/laravel/framework/src/Illuminate/Foundation/Http/Middleware/TrimStrings.php(40): Illuminate\\Foundation\\Http\\Middleware\\TransformsRequest->handle()
#39 /home/rakin/github/Projects/KasseControl/vendor/laravel/framework/src/Illuminate/Pipeline/Pipeline.php(183): Illuminate\\Foundation\\Http\\Middleware\\TrimStrings->handle()
#40 /home/rakin/github/Projects/KasseControl/vendor/laravel/framework/src/Illuminate/Foundation/Http/Middleware/ValidatePostSize.php(27): Illuminate\\Pipeline\\Pipeline->Illuminate\\Pipeline\\{closure}()
#41 /home/rakin/github/Projects/KasseControl/vendor/laravel/framework/src/Illuminate/Pipeline/Pipeline.php(183): Illuminate\\Foundation\\Http\\Middleware\\ValidatePostSize->handle()
#42 /home/rakin/github/Projects/KasseControl/vendor/laravel/framework/src/Illuminate/Foundation/Http/Middleware/PreventRequestsDuringMaintenance.php(99): Illuminate\\Pipeline\\Pipeline->Illuminate\\Pipeline\\{closure}()
#43 /home/rakin/github/Projects/KasseControl/vendor/laravel/framework/src/Illuminate/Pipeline/Pipeline.php(183): Illuminate\\Foundation\\Http\\Middleware\\PreventRequestsDuringMaintenance->handle()
#44 /home/rakin/github/Projects/KasseControl/vendor/laravel/framework/src/Illuminate/Http/Middleware/HandleCors.php(49): Illuminate\\Pipeline\\Pipeline->Illuminate\\Pipeline\\{closure}()
#45 /home/rakin/github/Projects/KasseControl/vendor/laravel/framework/src/Illuminate/Pipeline/Pipeline.php(183): Illuminate\\Http\\Middleware\\HandleCors->handle()
#46 /home/rakin/github/Projects/KasseControl/vendor/laravel/framework/src/Illuminate/Http/Middleware/TrustProxies.php(39): Illuminate\\Pipeline\\Pipeline->Illuminate\\Pipeline\\{closure}()
#47 /home/rakin/github/Projects/KasseControl/vendor/laravel/framework/src/Illuminate/Pipeline/Pipeline.php(183): Illuminate\\Http\\Middleware\\TrustProxies->handle()
#48 /home/rakin/github/Projects/KasseControl/vendor/laravel/framework/src/Illuminate/Pipeline/Pipeline.php(119): Illuminate\\Pipeline\\Pipeline->Illuminate\\Pipeline\\{closure}()
#49 /home/rakin/github/Projects/KasseControl/vendor/laravel/framework/src/Illuminate/Foundation/Http/Kernel.php(175): Illuminate\\Pipeline\\Pipeline->then()
#50 /home/rakin/github/Projects/KasseControl/vendor/laravel/framework/src/Illuminate/Foundation/Http/Kernel.php(144): Illuminate\\Foundation\\Http\\Kernel->sendRequestThroughRouter()
#51 /home/rakin/github/Projects/KasseControl/public/index.php(21): Illuminate\\Foundation\\Http\\Kernel->handle()
#52 /home/rakin/github/Projects/KasseControl/vendor/laravel/framework/src/Illuminate/Foundation/resources/server.php(16): require_once('...')
#53 {main}
"} 
[2025-11-11 22:38:57] local.ERROR: View [sales.invoice] not found. {"userId":1,"exception":"[object] (InvalidArgumentException(code: 0): View [sales.invoice] not found. at /home/rakin/github/Projects/KasseControl/vendor/laravel/framework/src/Illuminate/View/FileViewFinder.php:137)
[stacktrace]
#0 /home/rakin/github/Projects/KasseControl/vendor/laravel/framework/src/Illuminate/View/FileViewFinder.php(79): Illuminate\\View\\FileViewFinder->findInPaths()
#1 /home/rakin/github/Projects/KasseControl/vendor/laravel/framework/src/Illuminate/View/Factory.php(137): Illuminate\\View\\FileViewFinder->find()
#2 /home/rakin/github/Projects/KasseControl/vendor/laravel/framework/src/Illuminate/Foundation/helpers.php(1020): Illuminate\\View\\Factory->make()
#3 /home/rakin/github/Projects/KasseControl/app/Http/Controllers/SaleController.php(36): view()
#4 /home/rakin/github/Projects/KasseControl/vendor/laravel/framework/src/Illuminate/Routing/Controller.php(54): App\\Http\\Controllers\\SaleController->invoice()
#5 /home/rakin/github/Projects/KasseControl/vendor/laravel/framework/src/Illuminate/Routing/ControllerDispatcher.php(43): Illuminate\\Routing\\Controller->callAction()
#6 /home/rakin/github/Projects/KasseControl/vendor/laravel/framework/src/Illuminate/Routing/Route.php(259): Illuminate\\Routing\\ControllerDispatcher->dispatch()
#7 /home/rakin/github/Projects/KasseControl/vendor/laravel/framework/src/Illuminate/Routing/Route.php(205): Illuminate\\Routing\\Route->runController()
#8 /home/rakin/github/Projects/KasseControl/vendor/laravel/framework/src/Illuminate/Routing/Router.php(806): Illuminate\\Routing\\Route->run()
#9 /home/rakin/github/Projects/KasseControl/vendor/laravel/framework/src/Illuminate/Pipeline/Pipeline.php(144): Illuminate\\Routing\\Router->Illuminate\\Routing\\{closure}()
#10 /home/rakin/github/Projects/KasseControl/vendor/laravel/framework/src/Illuminate/Routing/Middleware/SubstituteBindings.php(50): Illuminate\\Pipeline\\Pipeline->Illuminate\\Pipeline\\{closure}()
#11 /home/rakin/github/Projects/KasseControl/vendor/laravel/framework/src/Illuminate/Pipeline/Pipeline.php(183): Illuminate\\Routing\\Middleware\\SubstituteBindings->handle()
#12 /home/rakin/github/Projects/KasseControl/vendor/laravel/framework/src/Illuminate/Auth/Middleware/Authenticate.php(57): Illuminate\\Pipeline\\Pipeline->Illuminate\\Pipeline\\{closure}()
#13 /home/rakin/github/Projects/KasseControl/vendor/laravel/framework/src/Illuminate/Pipeline/Pipeline.php(183): Illuminate\\Auth\\Middleware\\Authenticate->handle()
#14 /home/rakin/github/Projects/KasseControl/vendor/laravel/framework/src/Illuminate/Foundation/Http/Middleware/VerifyCsrfToken.php(78): Illuminate\\Pipeline\\Pipeline->Illuminate\\Pipeline\\{closure}()
#15 /home/rakin/github/Projects/KasseControl/vendor/laravel/framework/src/Illuminate/Pipeline/Pipeline.php(183): Illuminate\\Foundation\\Http\\Middleware\\VerifyCsrfToken->handle()
#16 /home/rakin/github/Projects/KasseControl/vendor/laravel/framework/src/Illuminate/View/Middleware/ShareErrorsFromSession.php(49): Illuminate\\Pipeline\\Pipeline->Illuminate\\Pipeline\\{closure}()
#17 /home/rakin/github/Projects/KasseControl/vendor/laravel/framework/src/Illuminate/Pipeline/Pipeline.php(183): Illuminate\\View\\Middleware\\ShareErrorsFromSession->handle()
#18 /home/rakin/github/Projects/KasseControl/vendor/laravel/framework/src/Illuminate/Session/Middleware/StartSession.php(121): Illuminate\\Pipeline\\Pipeline->Illuminate\\Pipeline\\{closure}()
#19 /home/rakin/github/Projects/KasseControl/vendor/laravel/framework/src/Illuminate/Session/Middleware/StartSession.php(64): Illuminate\\Session\\Middleware\\StartSession->handleStatefulRequest()
#20 /home/rakin/github/Projects/KasseControl/vendor/laravel/framework/src/Illuminate/Pipeline/Pipeline.php(183): Illuminate\\Session\\Middleware\\StartSession->handle()
#21 /home/rakin/github/Projects/KasseControl/vendor/laravel/framework/src/Illuminate/Cookie/Middleware/AddQueuedCookiesToResponse.php(37): Illuminate\\Pipeline\\Pipeline->Illuminate\\Pipeline\\{closure}()
#22 /home/rakin/github/Projects/KasseControl/vendor/laravel/framework/src/Illuminate/Pipeline/Pipeline.php(183): Illuminate\\Cookie\\Middleware\\AddQueuedCookiesToResponse->handle()
#23 /home/rakin/github/Projects/KasseControl/vendor/laravel/framework/src/Illuminate/Cookie/Middleware/EncryptCookies.php(67): Illuminate\\Pipeline\\Pipeline->Illuminate\\Pipeline\\{closure}()
#24 /home/rakin/github/Projects/KasseControl/vendor/laravel/framework/src/Illuminate/Pipeline/Pipeline.php(183): Illuminate\\Cookie\\Middleware\\EncryptCookies->handle()
#25 /home/rakin/github/Projects/KasseControl/vendor/laravel/framework/src/Illuminate/Pipeline/Pipeline.php(119): Illuminate\\Pipeline\\Pipeline->Illuminate\\Pipeline\\{closure}()
#26 /home/rakin/github/Projects/KasseControl/vendor/laravel/framework/src/Illuminate/Routing/Router.php(805): Illuminate\\Pipeline\\Pipeline->then()
#27 /home/rakin/github/Projects/KasseControl/vendor/laravel/framework/src/Illuminate/Routing/Router.php(784): Illuminate\\Routing\\Router->runRouteWithinStack()
#28 /home/rakin/github/Projects/KasseControl/vendor/laravel/framework/src/Illuminate/Routing/Router.php(748): Illuminate\\Routing\\Router->runRoute()
#29 /home/rakin/github/Projects/KasseControl/vendor/laravel/framework/src/Illuminate/Routing/Router.php(737): Illuminate\\Routing\\Router->dispatchToRoute()
#30 /home/rakin/github/Projects/KasseControl/vendor/laravel/framework/src/Illuminate/Foundation/Http/Kernel.php(200): Illuminate\\Routing\\Router->dispatch()
#31 /home/rakin/github/Projects/KasseControl/vendor/laravel/framework/src/Illuminate/Pipeline/Pipeline.php(144): Illuminate\\Foundation\\Http\\Kernel->Illuminate\\Foundation\\Http\\{closure}()
#32 /home/rakin/github/Projects/KasseControl/vendor/laravel/framework/src/Illuminate/Foundation/Http/Middleware/TransformsRequest.php(21): Illuminate\\Pipeline\\Pipeline->Illuminate\\Pipeline\\{closure}()
#33 /home/rakin/github/Projects/KasseControl/vendor/laravel/framework/src/Illuminate/Foundation/Http/Middleware/ConvertEmptyStringsToNull.php(31): Illuminate\\Foundation\\Http\\Middleware\\TransformsRequest->handle()
#34 /home/rakin/github/Projects/KasseControl/vendor/laravel/framework/src/Illuminate/Pipeline/Pipeline.php(183): Illuminate\\Foundation\\Http\\Middleware\\ConvertEmptyStringsToNull->handle()
#35 /home/rakin/github/Projects/KasseControl/vendor/laravel/framework/src/Illuminate/Foundation/Http/Middleware/TransformsRequest.php(21): Illuminate\\Pipeline\\Pipeline->Illuminate\\Pipeline\\{closure}()
#36 /home/rakin/github/Projects/KasseControl/vendor/laravel/framework/src/Illuminate/Foundation/Http/Middleware/TrimStrings.php(40): Illuminate\\Foundation\\Http\\Middleware\\TransformsRequest->handle()
#37 /home/rakin/github/Projects/KasseControl/vendor/laravel/framework/src/Illuminate/Pipeline/Pipeline.php(183): Illuminate\\Foundation\\Http\\Middleware\\TrimStrings->handle()
#38 /home/rakin/github/Projects/KasseControl/vendor/laravel/framework/src/Illuminate/Foundation/Http/Middleware/ValidatePostSize.php(27): Illuminate\\Pipeline\\Pipeline->Illuminate\\Pipeline\\{closure}()
#39 /home/rakin/github/Projects/KasseControl/vendor/laravel/framework/src/Illuminate/Pipeline/Pipeline.php(183): Illuminate\\Foundation\\Http\\Middleware\\ValidatePostSize->handle()
#40 /home/rakin/github/Projects/KasseControl/vendor/laravel/framework/src/Illuminate/Foundation/Http/Middleware/PreventRequestsDuringMaintenance.php(99): Illuminate\\Pipeline\\Pipeline->Illuminate\\Pipeline\\{closure}()
#41 /home/rakin/github/Projects/KasseControl/vendor/laravel/framework/src/Illuminate/Pipeline/Pipeline.php(183): Illuminate\\Foundation\\Http\\Middleware\\PreventRequestsDuringMaintenance->handle()
#42 /home/rakin/github/Projects/KasseControl/vendor/laravel/framework/src/Illuminate/Http/Middleware/HandleCors.php(49): Illuminate\\Pipeline\\Pipeline->Illuminate\\Pipeline\\{closure}()
#43 /home/rakin/github/Projects/KasseControl/vendor/laravel/framework/src/Illuminate/Pipeline/Pipeline.php(183): Illuminate\\Http\\Middleware\\HandleCors->handle()
#44 /home/rakin/github/Projects/KasseControl/vendor/laravel/framework/src/Illuminate/Http/Middleware/TrustProxies.php(39): Illuminate\\Pipeline\\Pipeline->Illuminate\\Pipeline\\{closure}()
#45 /home/rakin/github/Projects/KasseControl/vendor/laravel/framework/src/Illuminate/Pipeline/Pipeline.php(183): Illuminate\\Http\\Middleware\\TrustProxies->handle()
#46 /home/rakin/github/Projects/KasseControl/vendor/laravel/framework/src/Illuminate/Pipeline/Pipeline.php(119): Illuminate\\Pipeline\\Pipeline->Illuminate\\Pipeline\\{closure}()
#47 /home/rakin/github/Projects/KasseControl/vendor/laravel/framework/src/Illuminate/Foundation/Http/Kernel.php(175): Illuminate\\Pipeline\\Pipeline->then()
#48 /home/rakin/github/Projects/KasseControl/vendor/laravel/framework/src/Illuminate/Foundation/Http/Kernel.php(144): Illuminate\\Foundation\\Http\\Kernel->sendRequestThroughRouter()
#49 /home/rakin/github/Projects/KasseControl/public/index.php(21): Illuminate\\Foundation\\Http\\Kernel->handle()
#50 /home/rakin/github/Projects/KasseControl/vendor/laravel/framework/src/Illuminate/Foundation/resources/server.php(16): require_once('...')
#51 {main}
"} 
[2025-11-11 22:41:00] local.ERROR: Call to undefined relationship [sale] on model [App\Models\StockMovement]. {"userId":1,"exception":"[object] (Illuminate\\Database\\Eloquent\\RelationNotFoundException(code: 0): Call to undefined relationship [sale] on model [App\\Models\\StockMovement]. at /home/rakin/github/Projects/KasseControl/vendor/laravel/framework/src/Illuminate/Database/Eloquent/RelationNotFoundException.php:35)
[stacktrace]
#0 /home/rakin/github/Projects/KasseControl/vendor/laravel/framework/src/Illuminate/Database/Eloquent/Builder.php(806): Illuminate\\Database\\Eloquent\\RelationNotFoundException::make()
#1 /home/rakin/github/Projects/KasseControl/vendor/laravel/framework/src/Illuminate/Database/Eloquent/Relations/Relation.php(110): Illuminate\\Database\\Eloquent\\Builder->Illuminate\\Database\\Eloquent\\{closure}()
#2 /home/rakin/github/Projects/KasseControl/vendor/laravel/framework/src/Illuminate/Database/Eloquent/Builder.php(802): Illuminate\\Database\\Eloquent\\Relations\\Relation::noConstraints()
#3 /home/rakin/github/Projects/KasseControl/vendor/laravel/framework/src/Illuminate/Database/Eloquent/Builder.php(776): Illuminate\\Database\\Eloquent\\Builder->getRelation()
#4 /home/rakin/github/Projects/KasseControl/vendor/laravel/framework/src/Illuminate/Database/Eloquent/Builder.php(756): Illuminate\\Database\\Eloquent\\Builder->eagerLoadRelation()
#5 /home/rakin/github/Projects/KasseControl/vendor/laravel/framework/src/Illuminate/Database/Eloquent/Builder.php(724): Illuminate\\Database\\Eloquent\\Builder->eagerLoadRelations()
#6 /home/rakin/github/Projects/KasseControl/vendor/laravel/framework/src/Illuminate/Database/Eloquent/Builder.php(931): Illuminate\\Database\\Eloquent\\Builder->get()
#7 /home/rakin/github/Projects/KasseControl/app/Http/Controllers/InventoryController.php(38): Illuminate\\Database\\Eloquent\\Builder->paginate()
#8 /home/rakin/github/Projects/KasseControl/vendor/laravel/framework/src/Illuminate/Routing/Controller.php(54): App\\Http\\Controllers\\InventoryController->movements()
#9 /home/rakin/github/Projects/KasseControl/vendor/laravel/framework/src/Illuminate/Routing/ControllerDispatcher.php(43): Illuminate\\Routing\\Controller->callAction()
#10 /home/rakin/github/Projects/KasseControl/vendor/laravel/framework/src/Illuminate/Routing/Route.php(259): Illuminate\\Routing\\ControllerDispatcher->dispatch()
#11 /home/rakin/github/Projects/KasseControl/vendor/laravel/framework/src/Illuminate/Routing/Route.php(205): Illuminate\\Routing\\Route->runController()
#12 /home/rakin/github/Projects/KasseControl/vendor/laravel/framework/src/Illuminate/Routing/Router.php(806): Illuminate\\Routing\\Route->run()
#13 /home/rakin/github/Projects/KasseControl/vendor/laravel/framework/src/Illuminate/Pipeline/Pipeline.php(144): Illuminate\\Routing\\Router->Illuminate\\Routing\\{closure}()
#14 /home/rakin/github/Projects/KasseControl/app/Http/Middleware/CheckRole.php(20): Illuminate\\Pipeline\\Pipeline->Illuminate\\Pipeline\\{closure}()
#15 /home/rakin/github/Projects/KasseControl/vendor/laravel/framework/src/Illuminate/Pipeline/Pipeline.php(183): App\\Http\\Middleware\\CheckRole->handle()
#16 /home/rakin/github/Projects/KasseControl/vendor/laravel/framework/src/Illuminate/Routing/Middleware/SubstituteBindings.php(50): Illuminate\\Pipeline\\Pipeline->Illuminate\\Pipeline\\{closure}()
#17 /home/rakin/github/Projects/KasseControl/vendor/laravel/framework/src/Illuminate/Pipeline/Pipeline.php(183): Illuminate\\Routing\\Middleware\\SubstituteBindings->handle()
#18 /home/rakin/github/Projects/KasseControl/vendor/laravel/framework/src/Illuminate/Auth/Middleware/Authenticate.php(57): Illuminate\\Pipeline\\Pipeline->Illuminate\\Pipeline\\{closure}()
#19 /home/rakin/github/Projects/KasseControl/vendor/laravel/framework/src/Illuminate/Pipeline/Pipeline.php(183): Illuminate\\Auth\\Middleware\\Authenticate->handle()
#20 /home/rakin/github/Projects/KasseControl/vendor/laravel/framework/src/Illuminate/Foundation/Http/Middleware/VerifyCsrfToken.php(78): Illuminate\\Pipeline\\Pipeline->Illuminate\\Pipeline\\{closure}()
#21 /home/rakin/github/Projects/KasseControl/vendor/laravel/framework/src/Illuminate/Pipeline/Pipeline.php(183): Illuminate\\Foundation\\Http\\Middleware\\VerifyCsrfToken->handle()
#22 /home/rakin/github/Projects/KasseControl/vendor/laravel/framework/src/Illuminate/View/Middleware/ShareErrorsFromSession.php(49): Illuminate\\Pipeline\\Pipeline->Illuminate\\Pipeline\\{closure}()
#23 /home/rakin/github/Projects/KasseControl/vendor/laravel/framework/src/Illuminate/Pipeline/Pipeline.php(183): Illuminate\\View\\Middleware\\ShareErrorsFromSession->handle()
#24 /home/rakin/github/Projects/KasseControl/vendor/laravel/framework/src/Illuminate/Session/Middleware/StartSession.php(121): Illuminate\\Pipeline\\Pipeline->Illuminate\\Pipeline\\{closure}()
#25 /home/rakin/github/Projects/KasseControl/vendor/laravel/framework/src/Illuminate/Session/Middleware/StartSession.php(64): Illuminate\\Session\\Middleware\\StartSession->handleStatefulRequest()
#26 /home/rakin/github/Projects/KasseControl/vendor/laravel/framework/src/Illuminate/Pipeline/Pipeline.php(183): Illuminate\\Session\\Middleware\\StartSession->handle()
#27 /home/rakin/github/Projects/KasseControl/vendor/laravel/framework/src/Illuminate/Cookie/Middleware/AddQueuedCookiesToResponse.php(37): Illuminate\\Pipeline\\Pipeline->Illuminate\\Pipeline\\{closure}()
#28 /home/rakin/github/Projects/KasseControl/vendor/laravel/framework/src/Illuminate/Pipeline/Pipeline.php(183): Illuminate\\Cookie\\Middleware\\AddQueuedCookiesToResponse->handle()
#29 /home/rakin/github/Projects/KasseControl/vendor/laravel/framework/src/Illuminate/Cookie/Middleware/EncryptCookies.php(67): Illuminate\\Pipeline\\Pipeline->Illuminate\\Pipeline\\{closure}()
#30 /home/rakin/github/Projects/KasseControl/vendor/laravel/framework/src/Illuminate/Pipeline/Pipeline.php(183): Illuminate\\Cookie\\Middleware\\EncryptCookies->handle()
#31 /home/rakin/github/Projects/KasseControl/vendor/laravel/framework/src/Illuminate/Pipeline/Pipeline.php(119): Illuminate\\Pipeline\\Pipeline->Illuminate\\Pipeline\\{closure}()
#32 /home/rakin/github/Projects/KasseControl/vendor/laravel/framework/src/Illuminate/Routing/Router.php(805): Illuminate\\Pipeline\\Pipeline->then()
#33 /home/rakin/github/Projects/KasseControl/vendor/laravel/framework/src/Illuminate/Routing/Router.php(784): Illuminate\\Routing\\Router->runRouteWithinStack()
#34 /home/rakin/github/Projects/KasseControl/vendor/laravel/framework/src/Illuminate/Routing/Router.php(748): Illuminate\\Routing\\Router->runRoute()
#35 /home/rakin/github/Projects/KasseControl/vendor/laravel/framework/src/Illuminate/Routing/Router.php(737): Illuminate\\Routing\\Router->dispatchToRoute()
#36 /home/rakin/github/Projects/KasseControl/vendor/laravel/framework/src/Illuminate/Foundation/Http/Kernel.php(200): Illuminate\\Routing\\Router->dispatch()
#37 /home/rakin/github/Projects/KasseControl/vendor/laravel/framework/src/Illuminate/Pipeline/Pipeline.php(144): Illuminate\\Foundation\\Http\\Kernel->Illuminate\\Foundation\\Http\\{closure}()
#38 /home/rakin/github/Projects/KasseControl/vendor/laravel/framework/src/Illuminate/Foundation/Http/Middleware/TransformsRequest.php(21): Illuminate\\Pipeline\\Pipeline->Illuminate\\Pipeline\\{closure}()
#39 /home/rakin/github/Projects/KasseControl/vendor/laravel/framework/src/Illuminate/Foundation/Http/Middleware/ConvertEmptyStringsToNull.php(31): Illuminate\\Foundation\\Http\\Middleware\\TransformsRequest->handle()
#40 /home/rakin/github/Projects/KasseControl/vendor/laravel/framework/src/Illuminate/Pipeline/Pipeline.php(183): Illuminate\\Foundation\\Http\\Middleware\\ConvertEmptyStringsToNull->handle()
#41 /home/rakin/github/Projects/KasseControl/vendor/laravel/framework/src/Illuminate/Foundation/Http/Middleware/TransformsRequest.php(21): Illuminate\\Pipeline\\Pipeline->Illuminate\\Pipeline\\{closure}()
#42 /home/rakin/github/Projects/KasseControl/vendor/laravel/framework/src/Illuminate/Foundation/Http/Middleware/TrimStrings.php(40): Illuminate\\Foundation\\Http\\Middleware\\TransformsRequest->handle()
#43 /home/rakin/github/Projects/KasseControl/vendor/laravel/framework/src/Illuminate/Pipeline/Pipeline.php(183): Illuminate\\Foundation\\Http\\Middleware\\TrimStrings->handle()
#44 /home/rakin/github/Projects/KasseControl/vendor/laravel/framework/src/Illuminate/Foundation/Http/Middleware/ValidatePostSize.php(27): Illuminate\\Pipeline\\Pipeline->Illuminate\\Pipeline\\{closure}()
#45 /home/rakin/github/Projects/KasseControl/vendor/laravel/framework/src/Illuminate/Pipeline/Pipeline.php(183): Illuminate\\Foundation\\Http\\Middleware\\ValidatePostSize->handle()
#46 /home/rakin/github/Projects/KasseControl/vendor/laravel/framework/src/Illuminate/Foundation/Http/Middleware/PreventRequestsDuringMaintenance.php(99): Illuminate\\Pipeline\\Pipeline->Illuminate\\Pipeline\\{closure}()
#47 /home/rakin/github/Projects/KasseControl/vendor/laravel/framework/src/Illuminate/Pipeline/Pipeline.php(183): Illuminate\\Foundation\\Http\\Middleware\\PreventRequestsDuringMaintenance->handle()
#48 /home/rakin/github/Projects/KasseControl/vendor/laravel/framework/src/Illuminate/Http/Middleware/HandleCors.php(49): Illuminate\\Pipeline\\Pipeline->Illuminate\\Pipeline\\{closure}()
#49 /home/rakin/github/Projects/KasseControl/vendor/laravel/framework/src/Illuminate/Pipeline/Pipeline.php(183): Illuminate\\Http\\Middleware\\HandleCors->handle()
#50 /home/rakin/github/Projects/KasseControl/vendor/laravel/framework/src/Illuminate/Http/Middleware/TrustProxies.php(39): Illuminate\\Pipeline\\Pipeline->Illuminate\\Pipeline\\{closure}()
#51 /home/rakin/github/Projects/KasseControl/vendor/laravel/framework/src/Illuminate/Pipeline/Pipeline.php(183): Illuminate\\Http\\Middleware\\TrustProxies->handle()
#52 /home/rakin/github/Projects/KasseControl/vendor/laravel/framework/src/Illuminate/Pipeline/Pipeline.php(119): Illuminate\\Pipeline\\Pipeline->Illuminate\\Pipeline\\{closure}()
#53 /home/rakin/github/Projects/KasseControl/vendor/laravel/framework/src/Illuminate/Foundation/Http/Kernel.php(175): Illuminate\\Pipeline\\Pipeline->then()
#54 /home/rakin/github/Projects/KasseControl/vendor/laravel/framework/src/Illuminate/Foundation/Http/Kernel.php(144): Illuminate\\Foundation\\Http\\Kernel->sendRequestThroughRouter()
#55 /home/rakin/github/Projects/KasseControl/public/index.php(21): Illuminate\\Foundation\\Http\\Kernel->handle()
#56 /home/rakin/github/Projects/KasseControl/vendor/laravel/framework/src/Illuminate/Foundation/resources/server.php(16): require_once('...')
#57 {main}
"} 
